amount,customer_age_days,device_age_days,prior_success_count,prior_chargeback_count,velocity_1h,velocity_24h,pincode_distance_km,phone_verified,device_trusted,ip_country_match,hour,is_fraud
2971.18,156,119,12,0,4,4,6.92,1,0,1,13,0
1574.57,169,56,15,0,1,4,15.38,1,0,1,22,0
3455.38,99,47,20,0,2,7,40.14,1,1,1,13,0
8291.86,91,186,6,0,4,8,616.41,1,1,1,10,0
1430.6,63,1,24,0,1,1,40.93,1,0,1,10,0
1430.62,122,1,2,0,1,8,7.48,1,1,1,19,0
8771.06,137,133,14,1,2,7,35.92,1,1,1,13,1
3894.94,428,2,9,0,2,8,36.22,0,1,1,19,0
1130.62,288,24,6,0,2,9,1310.09,1,1,1,14,1
3110.57,310,154,10,0,2,6,10.27,1,1,1,6,0
1137.49,80,70,1,0,1,5,38.58,0,1,1,3,1
1134.87,149,62,4,0,2,4,9.0,1,1,1,10,0
2302.99,267,64,24,0,2,6,19.16,1,1,1,9,0
266.86,189,22,2,0,1,6,29.88,1,1,1,0,0
322.17,239,45,7,0,2,6,256.83,1,1,1,0,0
1030.41,63,59,3,0,4,4,40.12,1,1,1,15,0
656.66,184,21,5,0,1,7,7.91,1,1,1,21,0
2475.62,275,95,9,0,3,9,39.18,1,1,1,11,0
729.22,83,23,25,0,2,10,3.62,1,0,1,17,0
440.41,41,4,19,0,3,6,34.4,1,1,1,13,0
7829.46,80,13,2,0,3,8,7.29,0,1,1,5,1
1442.63,360,31,27,0,3,7,1010.34,1,1,1,17,0
1934.35,71,143,21,0,3,6,16.22,0,1,1,7,0
434.96,175,32,1,0,3,5,13.79,1,1,1,9,0
1049.03,40,5,19,0,3,9,58.03,0,1,1,20,0
2020.14,91,13,20,0,3,7,4.98,1,1,1,21,0
571.92,197,47,1,0,2,5,33.84,1,0,1,11,0
2632.52,172,11,3,0,3,7,50.27,1,0,1,0,1
991.64,326,3,20,2,2,5,27.94,0,0,1,5,1
1350.6,224,75,2,0,3,5,5.47,1,0,1,9,0
990.58,83,92,17,2,5,8,389.97,1,1,1,20,1
11525.05,148,114,24,0,3,4,50.2,1,1,1,13,0
1783.8,128,111,6,0,2,7,32.05,1,0,1,14,0
627.84,25,28,13,0,6,9,40.16,1,1,1,22,1
4115.62,435,79,10,0,4,7,20.75,1,1,1,13,0
533.34,177,52,23,0,2,8,16.74,1,1,1,16,0
2228.01,198,1,10,0,3,7,11.16,1,0,1,23,0
254.76,261,30,11,0,4,7,11.84,1,1,1,13,0
479.05,263,3,29,0,1,2,1.94,1,0,1,11,0
2201.43,281,5,19,0,3,4,10.72,1,1,1,13,0
3783.73,133,3,0,0,3,5,94.06,1,1,1,16,0
2146.02,122,194,12,0,2,6,20.84,1,1,1,8,0
1610.58,334,111,6,0,1,7,6.42,0,1,1,10,0
1337.95,441,34,21,0,3,7,8.62,1,1,1,21,0
412.19,40,17,9,0,2,3,24.57,1,1,1,16,0
880.21,327,4,8,0,1,5,23.7,1,0,1,18,0
1140.66,148,33,5,0,2,8,7.01,0,1,1,17,0
5203.68,165,55,6,0,1,5,27.43,1,1,1,8,0
2549.41,16,95,10,0,1,4,14.07,1,1,1,10,0
310.12,175,3,5,0,1,3,3.13,1,1,1,9,0
2500.09,115,32,5,0,4,5,30.58,1,1,1,12,0
1230.18,23,225,1,0,3,6,25.94,1,1,1,22,0
918.81,354,7,3,0,2,5,31.14,1,0,1,21,0
3333.16,197,30,15,0,4,6,1.31,1,1,0,9,1
5069.51,217,19,15,0,4,5,18.34,1,0,1,10,0
4588.37,352,8,0,0,3,5,38.11,0,0,1,1,1
781.16,266,109,3,0,1,1,0.76,1,0,1,9,0
1327.15,61,71,14,0,3,5,17.71,1,1,1,6,0
2518.11,305,31,1,0,3,6,15.3,1,0,1,14,1
4796.04,49,27,4,0,3,8,16.11,1,0,1,20,1
1119.71,254,105,16,0,2,2,1.84,1,0,1,11,0
1501.68,498,5,1,0,2,9,17.74,0,1,1,7,0
598.04,255,9,11,3,1,3,1.46,1,1,1,14,1
546.64,137,142,3,0,4,6,7.88,1,1,1,22,0
4074.59,487,101,10,0,1,1,22.5,1,1,1,13,0
7018.05,196,89,11,0,4,5,22.5,1,0,1,15,0
1682.42,85,58,14,0,3,7,0.18,1,1,0,13,0
4932.16,109,20,1,0,1,2,7.63,1,1,1,13,0
2595.76,106,163,9,0,3,6,21.86,1,1,1,6,0
948.5,556,40,15,0,3,6,13.36,1,1,1,15,0
2595.14,252,19,17,0,3,9,5.42,0,1,1,18,0
8417.23,258,27,2,0,1,4,458.43,1,1,1,16,0
1744.41,232,1,5,0,2,3,99.78,1,1,1,16,0
8644.2,206,17,12,0,2,5,6.73,1,0,1,16,0
131.66,123,12,25,0,3,4,30.96,1,1,1,21,0
4112.98,70,8,9,0,4,10,5.62,1,0,1,19,1
1972.48,219,1,3,0,3,4,11.85,1,0,1,18,0
1340.76,478,15,3,0,1,5,13.88,1,0,1,20,0
1981.8,211,6,3,0,2,4,10.97,1,1,1,22,0
247.75,375,2,5,0,4,10,18.99,0,1,1,16,0
1451.46,39,8,9,0,2,4,1120.84,1,1,1,18,1
2584.05,212,13,17,0,1,2,6.42,1,1,1,11,0
7925.92,118,32,34,0,4,7,51.51,1,0,1,11,0
1076.78,81,52,10,0,2,5,33.68,1,1,1,9,0
805.53,418,23,19,0,1,3,19.59,1,0,0,7,0
1094.71,129,9,5,0,2,6,32.16,1,1,1,23,0
4516.09,252,169,13,0,4,10,41.4,1,0,1,15,0
2511.79,161,43,19,0,3,9,8.05,1,1,1,10,0
1064.48,61,81,6,0,1,4,54.71,1,1,1,17,0
3020.77,275,71,2,0,5,6,13.86,1,0,1,17,0
1992.36,136,20,14,0,4,7,4.26,1,0,1,16,1
4763.06,301,49,8,2,2,7,7.47,1,1,1,9,1
896.01,92,55,14,0,1,3,31.54,1,0,1,14,0
1302.89,119,26,7,0,2,3,6.53,1,1,1,10,0
1221.57,246,66,8,0,4,7,5.65,1,0,1,21,0
418.42,97,93,14,0,3,4,15.8,1,1,1,12,0
2431.15,272,27,27,0,4,7,22.03,1,0,1,19,0
2347.38,32,1,3,0,2,3,16.74,1,1,1,11,0
1817.31,71,25,4,0,4,6,14.79,1,1,1,17,0
1429.98,182,7,10,0,6,8,1.51,1,1,1,13,0
439.06,258,10,18,0,2,3,13.63,1,0,1,13,0
1187.2,188,27,10,0,1,2,31.2,1,1,1,18,0
1283.42,240,13,10,0,2,4,27.91,1,1,1,18,0
810.56,130,163,5,0,2,8,10.53,1,1,1,10,0
1538.73,29,63,5,0,4,5,19.38,1,1,1,14,0
2708.23,142,43,23,0,2,8,5.33,1,0,1,17,0
11922.54,144,1,14,0,1,4,2.33,1,1,1,10,0
2152.91,356,6,1,0,4,4,14.09,1,1,1,1,0
2339.17,268,93,2,0,2,4,26.44,1,0,1,12,0
1678.33,76,29,7,0,2,2,38.66,1,1,1,19,0
265.4,22,2,14,0,2,6,29.84,1,1,1,17,0
1760.73,160,104,0,0,2,5,42.47,1,1,1,10,0
1920.29,117,21,11,0,4,4,20.2,1,0,1,10,0
21231.52,457,29,4,0,2,7,13.12,1,1,1,8,0
1491.65,362,219,18,0,5,7,6.21,1,1,1,10,0
2444.38,61,1,4,0,3,7,32.12,1,1,1,19,0
1746.36,263,76,6,0,1,4,17.87,1,1,1,8,0
561.9,238,178,26,0,5,6,52.75,0,0,1,11,0
5669.31,232,3,7,0,4,5,0.63,1,1,1,11,0
3835.03,725,120,18,0,1,5,3.85,1,1,1,12,0
3987.95,164,32,11,0,1,3,10.76,1,1,1,8,0
728.23,284,126,13,0,1,3,18.24,1,1,1,22,0
7352.49,309,22,16,0,2,6,46.51,1,1,1,20,0
445.03,219,243,4,0,4,5,5.62,0,0,1,13,0
3251.45,453,62,15,0,2,5,0.7,1,1,1,22,0
16162.61,199,59,17,0,4,8,2.77,0,1,1,13,0
671.47,299,98,12,0,2,3,15.99,1,0,1,12,0
1026.29,106,34,18,0,2,3,17.13,1,1,1,9,0
1997.5,70,17,2,0,3,3,19.2,0,1,1,9,0
1092.83,245,18,1,0,2,4,10.09,1,1,1,2,0
383.5,170,24,16,0,3,5,19.74,1,1,1,12,0
1936.36,176,57,4,0,3,7,1197.83,1,1,1,14,1
624.97,139,109,1,0,3,6,17.22,1,1,0,9,0
2903.27,295,41,1,0,3,9,1.06,0,0,1,7,0
720.95,197,30,28,0,4,6,27.3,1,1,1,13,0
8517.98,598,94,16,0,2,2,32.94,1,1,1,21,0
826.13,192,20,11,0,1,2,89.09,0,1,1,20,0
1310.2,226,70,27,0,3,5,3.65,1,0,1,13,0
4078.63,318,6,10,0,3,4,21.02,1,1,1,11,0
528.02,244,7,1,0,1,5,2.73,1,1,1,11,0
2269.83,73,61,6,0,3,7,39.12,1,1,1,12,1
6681.8,153,5,1,0,1,6,8.82,1,1,1,14,0
362.32,101,10,16,0,2,3,41.45,1,1,1,7,0
2174.67,236,58,6,0,4,6,60.25,1,1,1,0,0
2344.63,209,34,45,0,3,8,8.86,1,1,1,9,0
3951.39,305,49,6,0,4,6,11.26,1,1,1,19,0
524.82,331,226,3,0,3,8,4.1,1,1,1,23,0
482.77,101,59,15,0,4,6,392.62,0,0,1,10,1
3047.09,327,53,2,0,3,5,0.45,0,1,1,9,0
2433.25,359,28,2,0,1,6,46.56,1,0,1,8,0
2322.72,85,59,11,0,1,4,0.07,1,1,1,10,0
2556.64,226,1,10,0,4,8,18.28,1,1,1,20,0
915.96,400,48,3,1,2,5,65.24,1,1,1,7,1
2280.74,151,4,3,0,2,4,4.98,1,1,1,19,0
2423.75,177,14,12,0,4,13,5.75,1,1,1,10,0
885.05,226,49,23,0,3,6,32.19,1,1,1,18,0
11681.65,6,66,9,0,3,7,787.72,1,1,1,13,1
2903.97,194,29,10,0,1,1,12.14,1,1,1,11,0
549.33,203,32,10,0,4,9,9.38,1,1,1,12,0
3486.15,265,41,13,0,1,2,10.81,1,1,1,13,0
682.2,272,85,4,0,3,8,27.89,1,1,1,6,0
3972.24,173,1,12,2,2,8,8.49,1,0,1,8,1
5759.44,481,35,25,0,1,3,51.4,1,0,1,12,0
795.78,100,1,10,0,1,2,7.1,1,0,1,11,0
4738.03,300,23,18,0,3,4,8.53,1,1,1,20,0
2731.98,23,44,31,0,3,7,6.93,0,0,1,9,1
4113.63,185,4,19,0,7,14,21.43,1,1,1,8,1
12049.68,19,39,22,0,2,8,4.15,1,1,1,2,0
1414.61,194,155,21,0,2,8,7.15,1,0,1,18,0
850.87,242,69,20,0,2,6,66.84,1,1,1,9,0
742.84,142,91,4,0,2,5,1147.86,1,0,1,13,1
799.66,181,52,21,0,2,6,43.3,1,1,1,18,0
1673.88,284,136,9,0,3,5,8.24,1,0,1,7,0
2543.13,4,9,16,0,3,8,40.57,1,0,1,12,1
2384.37,125,35,11,0,2,4,20.27,0,0,1,19,0
4134.75,407,54,30,0,1,5,15.36,1,1,1,11,0
1831.7,71,124,17,0,2,4,10.84,1,1,1,10,0
7735.18,109,22,18,0,1,4,1.19,0,0,1,8,0
1387.62,31,1,19,0,1,6,1.94,1,0,1,22,0
27451.31,126,219,10,0,2,4,24.32,0,1,1,18,0
3380.12,167,1,19,0,2,6,15.78,1,1,1,14,0
767.27,709,9,3,0,1,2,44.03,1,1,1,21,0
619.62,232,32,11,0,3,4,10.45,1,0,1,12,0
2929.16,131,41,16,0,2,7,14.92,0,1,1,12,0
1445.97,49,107,9,0,2,3,14.79,0,1,1,17,0
3692.28,110,35,42,0,2,4,4.4,1,1,1,14,0
2902.24,94,47,5,0,3,4,129.26,1,0,1,18,0
1681.05,26,13,2,0,3,6,4.81,1,0,1,17,1
775.27,69,50,29,0,2,4,17.37,1,1,1,8,0
397.48,134,25,12,0,2,3,25.54,0,0,1,14,0
1156.88,148,6,3,0,2,4,1220.63,0,0,1,17,1
4257.34,281,175,7,0,2,5,2.26,1,1,1,20,0
2239.69,419,5,1,0,1,4,246.99,1,1,1,22,0
520.22,146,67,4,0,1,4,26.63,1,1,1,12,0
2149.91,306,143,11,0,3,4,19.24,1,1,1,15,0
2657.97,131,11,18,0,6,8,2.09,1,1,1,19,0
747.06,88,16,6,0,2,5,17.32,1,0,1,7,0
2108.49,272,33,4,0,5,8,1252.47,1,1,1,11,1
1916.41,129,20,5,0,2,4,73.35,1,1,1,22,0
576.53,97,85,6,2,1,5,0.83,0,0,1,17,1
2585.79,84,24,12,0,2,6,33.34,1,0,1,9,0
3167.77,44,255,30,0,4,7,22.53,1,0,1,13,0
5340.38,181,117,1,0,1,3,16.06,1,1,1,8,0
5186.44,114,135,5,0,3,7,33.2,1,1,1,18,0
455.93,313,3,1,0,3,5,11.28,1,0,1,19,0
707.81,486,11,4,0,2,4,4.1,1,0,1,7,0
3026.12,84,11,8,0,2,9,15.6,1,1,1,20,0
3022.34,58,66,2,1,2,8,36.98,1,0,1,20,1
3026.15,426,1,15,0,3,6,2.31,1,1,1,18,0
85197.85,194,98,3,0,1,5,1226.28,1,0,1,17,1
3199.95,189,47,15,0,2,3,5.05,1,1,1,15,0
5628.32,219,50,5,0,1,1,28.68,1,0,1,8,0
4693.82,348,46,7,0,1,2,32.41,1,1,1,14,0
3468.2,346,45,13,0,3,4,1.43,1,0,1,17,0
1319.13,264,13,37,0,1,3,43.27,1,0,1,22,0
3862.11,71,19,5,0,3,5,7.45,1,1,1,10,0
834.79,36,40,1,0,1,4,43.95,0,1,1,23,0
1426.79,71,67,31,0,3,6,12.3,0,1,1,8,0
1112.8,47,19,15,0,4,8,12.05,1,0,1,18,1
1962.3,284,98,4,0,2,7,11.26,0,1,1,17,0
18300.04,108,99,9,0,4,7,46.43,1,0,1,13,0
279.43,260,19,10,0,4,8,360.4,1,1,1,12,0
3591.27,175,49,5,0,2,5,3.94,0,1,1,13,0
360.43,107,25,2,0,3,5,0.84,1,0,1,11,0
1127.85,85,12,7,0,3,7,4.46,1,1,1,9,0
5371.97,101,98,2,0,2,7,30.04,1,1,1,7,0
1928.08,58,285,36,0,1,3,13.45,1,1,1,3,0
615.39,494,50,22,0,2,4,34.31,1,1,1,12,0
884.21,162,147,22,0,3,7,35.01,1,1,1,9,0
3567.42,175,61,1,0,1,4,0.58,1,1,1,19,0
870.99,172,50,6,0,8,10,19.57,0,0,1,20,1
2245.0,280,39,2,0,5,11,8.48,1,1,1,4,1
1892.34,94,16,11,0,5,8,2.47,1,0,1,7,1
942.37,359,5,0,0,3,5,7.46,1,0,1,18,0
15428.07,138,35,23,0,4,6,5.53,1,0,1,17,1
3408.13,134,49,7,0,2,5,25.04,1,1,1,15,0
238.62,394,42,7,3,2,7,5.67,1,1,1,9,1
2178.64,93,71,8,1,3,9,10.74,1,1,1,17,1
932.82,227,12,3,0,2,7,21.37,1,1,1,18,0
4240.49,171,26,14,0,1,3,8.65,0,1,1,8,0
818.5,107,32,6,0,3,7,8.94,0,1,1,18,1
1612.05,251,12,11,0,2,3,5.68,1,0,1,10,0
2995.86,67,142,17,0,2,5,0.74,1,0,1,18,0
4297.36,106,68,2,0,6,11,2.75,1,0,1,16,1
544.41,185,5,2,0,1,2,17.44,1,1,1,13,0
1294.01,450,74,8,0,2,6,8.2,0,0,1,13,0
1124.46,425,47,10,0,3,9,2.46,1,1,1,9,0
940.74,230,44,22,0,2,5,14.09,1,1,1,13,0
10566.61,141,275,10,0,2,6,948.64,1,1,1,14,0
2710.75,28,57,15,0,5,9,18.64,1,1,1,6,0
512.41,308,136,12,0,2,4,19.3,1,1,1,18,0
4527.21,336,146,18,0,2,6,9.22,1,1,1,16,0
15095.56,227,6,37,0,2,5,25.54,1,1,1,10,0
5076.95,145,1,6,0,2,3,22.91,0,1,0,16,0
395.69,291,34,4,0,2,7,12.66,0,0,1,16,0
1114.06,168,87,6,1,2,6,14.82,1,1,1,11,1
6418.32,154,104,26,3,1,6,1326.38,1,1,1,12,1
890.99,47,92,4,0,5,8,1194.48,1,1,1,13,1
2818.1,281,35,8,0,3,7,5.05,1,1,1,17,0
3923.09,190,83,3,0,2,4,9.51,1,1,1,12,0
715.56,423,76,5,0,1,4,2.98,0,1,1,21,0
1703.56,112,22,4,0,1,8,0.45,1,1,1,15,0
70.72,89,11,6,2,3,6,9.31,1,0,1,5,1
649.12,334,58,11,0,3,4,63.64,1,0,1,11,0
1404.49,380,67,11,0,4,6,13.1,1,1,1,18,0
519.16,175,50,4,0,3,8,70.02,1,1,1,19,0
9250.3,299,14,1,0,4,7,15.45,1,0,1,16,1
432.62,138,19,24,0,5,7,23.04,1,1,1,8,0
1164.39,143,73,17,0,2,7,26.72,1,0,1,11,0
2060.58,228,197,38,0,3,5,34.86,1,0,1,18,0
7640.92,142,173,6,0,2,7,44.99,1,1,1,20,0
430.15,206,43,0,0,2,3,21.47,1,0,1,16,0
5785.81,186,130,24,0,3,5,1108.86,1,0,1,8,0
1826.64,73,1,7,0,5,6,42.66,1,1,1,13,1
677.56,205,118,3,0,2,5,14.99,0,1,1,8,0
2870.1,75,38,9,0,3,8,24.12,1,0,1,11,0
2206.27,284,91,5,0,2,5,101.88,1,1,1,9,0
992.06,338,1,9,0,4,5,14.72,1,1,1,17,0
1938.76,155,121,5,0,4,9,16.36,1,0,1,23,1
1229.9,452,54,2,0,3,4,1.78,0,1,1,10,0
2025.39,376,16,14,0,3,4,13.93,0,1,1,0,0
3505.65,208,25,7,0,2,5,1.23,1,1,1,20,0
8830.94,144,13,20,0,4,6,13.8,1,1,1,18,0
524.36,320,33,1,0,4,7,20.48,0,1,1,20,1
15260.66,457,24,13,0,4,8,1.78,1,1,1,21,0
256.7,219,45,10,0,2,2,49.45,1,1,1,20,0
1553.42,503,101,22,0,2,5,13.57,1,1,1,23,0
3256.2,123,241,8,0,3,5,21.45,1,1,1,14,0
2394.65,267,17,11,0,2,6,510.2,1,1,1,13,0
970.0,174,6,1,0,1,10,10.7,1,1,1,10,0
1468.33,85,30,0,0,3,7,35.08,1,0,0,10,1
1104.34,131,9,17,0,2,4,8.56,1,1,1,13,0
1002.88,337,107,18,0,2,3,47.0,1,1,1,19,0
4228.5,161,41,1,0,3,7,3.02,0,1,1,11,0
2583.8,119,58,3,0,3,4,51.5,1,1,1,11,0
904.24,387,9,12,0,3,4,5.66,1,1,1,16,0
4445.29,331,83,24,1,5,9,2.65,1,1,1,22,1
2458.48,135,218,6,0,3,6,8.39,1,0,1,9,0
4075.96,518,39,9,0,2,7,752.54,1,1,1,17,0
3393.54,166,196,9,0,3,6,8.81,1,1,1,19,0
789.19,219,2,8,0,3,5,5.36,1,1,1,12,0
1032.58,185,2,3,0,4,5,80.85,1,1,1,19,0
3817.28,96,193,10,0,2,7,9.33,1,1,1,13,0
3328.81,158,72,8,0,2,3,43.94,0,1,1,8,0
1770.64,172,12,4,0,1,5,34.89,1,1,1,8,0
2033.12,37,27,32,0,2,5,7.59,1,1,1,15,0
6487.71,212,42,1,0,5,7,924.52,1,0,1,16,1
1000.67,305,72,30,0,1,4,9.94,1,1,1,16,0
3124.71,76,110,12,0,1,1,2.35,0,1,1,16,0
1477.06,272,5,16,0,3,9,31.7,1,0,1,9,0
1454.36,348,64,3,3,1,7,17.13,1,1,1,6,1
5425.02,7,38,32,0,2,4,6.33,1,1,1,4,0
4127.46,159,54,7,0,2,4,9.0,1,0,1,20,0
4078.6,513,42,19,0,1,4,17.48,1,1,1,10,0
6670.69,209,35,9,0,3,5,12.61,1,0,1,21,0
1846.42,36,13,2,0,1,8,1.73,0,1,1,8,0
3575.83,65,38,1,0,2,3,8.46,1,1,1,6,0
1325.75,215,12,24,0,3,6,7.24,1,0,1,20,0
2500.3,263,2,0,0,3,8,939.09,1,0,1,11,1
1587.41,182,28,8,0,3,8,2.42,0,1,1,9,0
1992.2,207,1,15,0,2,8,24.8,1,1,1,1,0
3278.55,186,49,14,0,2,4,6.96,0,1,1,17,0
797.74,111,4,5,0,4,5,50.32,1,1,1,16,1
14652.81,186,34,6,0,1,3,18.07,1,1,1,19,0
661.15,51,235,26,0,4,6,4.19,1,1,1,15,0
536.9,139,1,6,0,2,4,10.07,0,1,1,17,0
5756.65,251,27,7,0,3,4,1455.28,1,1,1,15,1
3990.46,91,67,3,0,2,5,33.58,1,1,1,12,0
3374.9,148,10,12,0,6,9,17.7,1,1,1,16,0
3389.19,195,49,33,0,2,5,25.39,1,1,1,19,0
1786.03,494,17,7,0,2,10,71.16,1,1,1,1,0
737.12,329,15,1,0,1,2,39.56,1,0,1,15,0
1950.43,49,135,2,0,3,3,15.41,1,0,1,7,0
918.59,567,13,10,0,2,9,71.08,1,1,1,22,0
4794.0,404,28,4,0,2,5,3.41,1,1,1,9,0
1560.78,203,11,18,1,2,6,4.62,1,0,1,6,1
791.95,296,20,7,0,3,4,12.31,0,1,1,9,0
1311.09,101,20,15,0,2,6,496.09,1,1,1,11,1
2732.39,172,23,10,0,3,12,25.31,1,1,1,19,0
1028.93,97,61,2,0,3,6,0.53,1,1,1,13,0
794.55,261,81,5,0,2,3,6.58,1,0,1,8,0
2306.96,673,42,7,0,5,8,1.98,1,0,1,6,0
2309.92,134,56,34,0,2,5,13.64,1,1,1,16,0
1089.05,160,100,22,0,2,8,37.09,1,1,1,5,0
1128.86,176,463,2,0,1,4,18.88,1,0,1,18,0
2280.27,139,36,7,1,2,6,7.94,1,1,1,12,1
424.93,252,165,10,0,3,7,55.62,1,0,1,20,0
442.54,345,40,4,0,2,6,10.56,1,1,0,22,0
881.44,118,91,5,0,4,7,3.92,1,1,1,7,0
1460.53,175,51,2,0,3,7,13.4,1,1,1,17,0
2467.37,273,129,11,0,2,7,1.43,1,1,1,13,0
7905.83,90,35,3,0,1,3,11.41,0,0,1,12,0
4262.71,69,71,1,0,3,5,42.69,1,0,1,16,0
1540.81,116,37,6,0,1,4,11.86,1,0,1,11,0
1773.99,282,116,11,0,1,4,34.7,1,1,1,18,0
663.46,87,310,8,0,2,6,42.74,1,1,1,17,0
1774.88,122,16,9,0,1,6,28.05,1,1,1,10,0
1354.71,176,38,5,0,3,6,12.11,1,1,1,14,0
2496.68,196,5,5,0,1,7,4.97,0,0,1,12,1
790.58,160,9,29,0,4,10,4.19,1,1,1,20,0
3039.19,179,158,21,0,4,8,4.78,1,1,1,21,0
8372.76,54,47,9,0,3,9,18.7,1,0,1,16,1
1621.72,113,30,3,0,5,9,21.06,1,0,1,10,1
2701.9,295,66,17,0,2,5,65.35,1,1,1,16,0
3605.24,106,49,25,0,2,3,15.0,1,0,1,18,0
1210.49,200,20,16,0,3,4,58.96,1,1,1,9,0
2262.2,187,15,7,0,8,10,10.53,1,1,1,19,1
1830.95,276,53,10,0,3,6,4.46,0,0,1,15,0
1993.56,302,12,5,0,4,7,18.88,1,0,1,8,1
834.63,355,8,10,0,3,9,5.92,1,0,1,10,0
1852.91,422,22,9,0,1,8,27.34,0,1,1,18,0
2975.0,88,118,15,0,4,7,16.9,1,1,0,19,0
7716.71,30,2,5,0,4,9,40.85,1,0,1,9,1
4718.62,134,107,33,0,5,7,29.64,1,0,1,1,0
15571.26,83,58,2,0,3,3,1.56,1,1,1,0,0
839.37,97,2,11,0,2,5,17.91,1,0,1,13,0
4325.66,245,55,18,0,2,6,2.92,1,1,1,19,0
2171.87,342,33,3,0,1,3,33.21,0,1,1,21,0
16152.06,203,110,12,0,6,9,22.19,0,0,0,16,1
805.69,110,142,14,0,1,6,28.1,1,1,1,10,0
780.77,210,20,11,0,1,7,10.07,1,0,1,9,0
992.88,282,91,24,3,3,6,1078.46,0,1,1,18,1
216.18,55,22,16,0,3,6,2.26,1,0,1,16,0
1068.75,141,21,2,0,3,6,8.85,1,1,1,11,0
846.29,150,12,10,0,4,6,850.13,1,1,1,13,1
2101.47,157,68,6,0,2,10,18.76,1,1,1,3,0
2544.67,92,18,17,0,2,4,36.62,0,0,1,18,1
11803.73,213,37,13,0,2,4,26.65,0,1,1,13,0
4677.05,226,100,9,0,3,7,30.99,1,1,1,21,0
1015.46,86,94,4,0,2,5,2.57,1,1,1,13,0
736.26,394,116,5,0,1,3,46.26,1,1,1,5,0
2956.97,70,10,3,0,3,6,20.04,1,0,1,10,1
482.88,107,53,12,0,2,4,75.71,1,1,1,15,0
11287.59,65,147,4,0,3,7,36.83,1,0,1,19,0
5880.75,57,2,7,0,1,1,12.29,1,1,1,17,0
1130.96,190,94,21,0,2,5,8.3,0,1,1,2,0
325.99,106,16,18,0,4,5,145.93,1,1,1,18,0
7001.45,303,66,20,0,5,10,39.69,0,1,1,21,0
1612.37,93,75,2,0,2,14,31.36,0,0,1,10,1
6234.27,107,155,1,0,2,6,26.28,1,0,1,8,0
367.08,278,42,53,0,5,10,35.33,1,1,1,16,0
992.9,76,113,8,0,1,7,909.71,0,1,1,16,1
1817.55,125,2,6,0,3,9,51.53,1,0,1,5,1
1895.01,390,32,4,0,4,6,1.3,1,1,1,12,0
1152.78,16,34,4,0,1,4,7.16,1,1,1,18,0
3370.61,7,46,16,0,2,2,32.38,1,1,1,19,0
621.65,55,39,5,0,3,7,653.83,0,1,1,6,1
1568.1,432,206,3,0,3,8,0.26,1,0,1,22,0
2039.16,229,4,12,0,3,11,0.27,1,1,1,17,0
3024.31,212,18,4,0,4,8,9.43,0,0,1,18,1
3683.49,55,207,6,0,2,5,791.03,1,0,0,14,0
587.2,185,35,19,0,2,7,415.83,1,1,1,12,0
389.9,88,50,14,0,1,4,27.33,1,1,1,12,0
6487.79,308,5,11,0,2,2,34.35,1,1,1,15,0
2520.76,317,20,16,0,2,3,0.22,1,0,1,9,0
855.35,115,2,6,0,4,6,15.57,1,1,1,18,0
8528.36,240,8,11,0,2,5,14.05,1,0,1,15,0
2029.76,220,60,15,0,3,7,18.6,1,1,0,15,0
5879.91,159,86,5,0,2,5,6.97,1,0,1,13,0
1934.33,90,122,20,0,3,4,3.91,1,1,1,21,0
14196.46,126,17,22,0,2,4,2.75,1,0,1,12,0
10460.28,301,24,6,0,6,8,34.56,1,0,1,14,1
1409.56,393,50,37,0,3,9,15.19,1,1,1,15,0
4777.01,134,5,9,0,1,1,1446.22,0,1,1,10,1
3447.4,418,98,14,0,3,4,22.6,1,1,1,11,0
7105.55,229,39,12,0,2,5,17.5,1,1,1,6,0
688.89,163,202,22,0,4,8,15.43,1,1,1,9,0
3590.52,150,7,13,0,1,2,12.37,1,1,1,19,0
5210.47,94,8,13,0,1,3,13.31,1,1,1,10,0
311.46,251,25,16,0,2,5,29.46,1,1,1,13,0
553.77,463,13,5,0,2,3,3.35,1,1,1,12,0
235.28,158,71,18,0,2,7,11.51,0,1,1,20,0
1381.04,82,176,13,0,3,6,10.1,1,1,1,18,0
3705.38,278,5,11,3,3,8,10.75,1,0,1,17,1
8122.21,129,16,0,0,3,4,9.89,1,1,1,2,0
1947.1,93,16,8,0,1,3,8.81,1,1,1,13,0
9215.26,53,42,7,0,2,5,3.27,0,0,1,9,0
454.82,246,36,3,0,2,2,83.13,1,0,1,16,0
329.18,355,77,12,0,2,3,55.95,1,1,1,13,0
1710.35,67,79,17,0,4,9,45.02,1,1,1,6,0
2654.64,139,51,5,0,2,8,17.02,1,1,1,21,1
1749.88,148,53,2,0,1,5,21.08,1,1,1,17,0
228.73,98,110,4,0,3,6,25.68,0,0,1,21,0
1653.88,411,30,40,0,5,6,4.17,1,1,1,20,0
490.55,51,1,11,0,3,4,12.55,1,0,1,18,0
3532.19,231,14,5,0,3,4,9.76,1,0,1,11,0
2608.68,260,2,17,0,3,6,10.37,1,0,1,19,0
706.36,98,30,11,0,3,6,42.12,0,1,1,14,1
1081.53,80,26,15,0,2,9,9.07,1,1,1,9,0
626.9,111,6,5,0,2,6,24.47,1,0,1,14,0
1698.19,36,84,5,0,2,4,19.22,1,1,1,7,0
4699.18,471,48,5,0,2,3,13.81,1,1,1,15,0
674.7,118,15,3,0,3,9,29.62,1,1,1,3,0
2993.04,130,85,11,0,1,4,0.79,1,0,1,17,0
1063.95,522,66,24,0,2,5,1268.36,1,1,1,17,0
818.22,42,12,11,0,2,11,10.86,0,1,1,19,0
1624.52,157,244,20,0,3,5,41.96,1,1,1,8,0
642.11,283,11,4,0,3,6,16.05,1,0,1,9,0
1039.35,471,88,13,0,2,4,43.36,1,0,1,17,0
545.73,46,207,9,0,4,8,13.84,1,0,1,20,0
12896.68,513,77,13,0,3,7,49.62,0,0,1,9,0
1872.94,139,65,4,0,3,3,18.9,0,0,1,13,0
898.09,140,140,6,0,5,9,0.73,1,1,1,11,0
2239.44,68,18,3,0,1,4,15.14,1,1,1,10,0
1615.94,181,19,24,0,4,8,26.51,1,0,1,19,0
1449.58,514,61,27,0,2,2,10.4,1,1,1,16,0
3341.47,179,128,8,0,1,5,5.66,1,0,1,16,0
3856.47,91,57,4,0,2,5,14.73,1,1,1,19,0
1063.69,105,226,12,0,1,7,15.89,1,0,1,13,0
1016.56,109,15,5,0,2,6,45.84,1,1,1,7,0
1373.27,431,104,23,0,3,6,16.4,1,1,1,20,0
180.92,491,157,10,1,2,7,2.99,1,1,1,11,0
397.35,50,33,20,0,2,8,113.97,1,0,1,18,0
7093.08,72,196,8,0,2,4,77.09,0,0,1,17,0
9367.18,79,13,0,0,1,3,2.47,1,1,1,19,0
1409.46,114,183,6,0,2,2,55.84,1,1,1,20,0
3218.13,549,139,2,0,2,3,29.72,1,1,1,16,0
2468.21,508,4,8,0,4,4,0.06,1,0,1,5,0
39296.11,172,44,3,0,1,3,0.3,1,1,1,17,0
5539.03,125,45,6,0,4,7,15.86,1,1,1,13,0
1590.94,28,3,21,0,2,5,21.0,0,1,1,8,0
695.38,198,2,2,0,3,3,6.68,1,0,1,11,0
362.69,184,1,11,0,3,3,65.04,1,0,1,11,1
2216.01,66,44,8,0,4,8,7.5,1,1,1,12,0
848.65,226,37,3,0,2,2,19.57,1,1,1,16,0
436.05,312,169,23,0,1,2,14.72,1,1,1,5,0
947.12,65,25,19,0,2,7,83.54,1,1,1,16,0
613.05,119,64,4,0,3,4,3.31,1,1,1,0,0
9770.68,302,1,6,0,4,12,45.89,1,1,1,8,0
4366.16,101,65,5,0,5,10,26.27,0,1,1,12,0
1793.68,115,146,14,2,2,5,32.9,1,0,1,16,1
7942.19,121,26,14,0,1,6,3.27,1,1,1,12,0
1953.48,233,22,13,0,4,10,0.96,1,1,1,10,0
764.11,340,59,4,0,2,4,5.12,1,0,1,8,0
8292.64,454,23,13,0,6,9,21.99,1,1,1,17,1
3099.23,324,30,21,0,4,5,41.63,1,1,1,0,0
640.82,171,19,18,0,1,8,14.88,1,0,1,14,0
1494.67,260,25,19,0,1,4,1.46,1,1,1,3,0
753.24,61,68,6,0,2,4,69.39,1,1,1,10,0
453.59,593,153,11,0,2,6,4.86,1,0,1,12,0
4565.02,94,52,22,0,1,3,9.37,1,1,1,15,0
12202.75,247,1,25,0,1,4,48.94,0,0,1,0,0
446.5,190,18,22,0,3,3,10.23,1,1,1,13,0
3174.7,56,182,1,0,2,4,16.21,1,1,1,5,0
943.27,94,144,10,0,1,5,13.51,1,1,1,8,0
1110.84,354,7,15,0,3,10,18.21,1,1,0,14,0
999.85,156,143,56,3,2,5,25.27,0,1,1,16,1
762.05,82,200,3,0,4,6,26.93,1,1,1,13,0
1897.93,140,23,5,0,3,10,1.84,1,1,1,19,0
787.65,82,72,11,0,3,7,23.35,1,1,1,18,0
2369.55,114,49,2,0,3,6,1.36,1,0,1,20,0
1719.45,45,24,4,0,4,8,42.2,1,1,1,19,0
1423.75,171,9,8,0,3,6,10.29,1,1,1,23,0
729.56,189,27,5,0,2,5,3.97,0,0,1,10,0
1015.59,116,157,27,0,2,9,1.32,1,0,1,7,0
3848.32,353,100,4,0,3,5,30.5,1,1,1,17,0
2983.69,121,24,20,0,1,3,23.1,1,1,1,9,0
680.24,156,47,2,0,3,7,4.49,1,0,1,19,0
1996.86,111,31,2,0,1,4,19.28,1,1,1,10,0
3832.94,129,37,16,0,1,2,10.73,1,1,1,11,0
340.56,267,85,8,0,3,6,23.52,1,1,1,3,0
3113.06,63,46,0,0,2,6,1220.35,1,1,1,7,1
932.04,224,11,7,0,2,4,55.57,1,1,1,12,0
3199.02,101,18,21,0,2,5,10.56,1,1,1,14,0
842.81,65,50,11,0,3,6,8.86,1,1,1,20,0
297.41,133,70,21,0,3,8,19.27,1,1,1,12,0
355.12,430,42,15,0,2,7,13.53,1,1,1,2,0
1897.11,246,58,7,0,3,8,6.77,1,1,1,21,0
2344.25,130,93,16,0,4,9,2.54,1,1,1,18,0
731.93,85,47,19,0,4,10,65.44,1,1,1,20,0
3424.09,497,226,3,1,4,8,9.65,1,1,1,13,0
343.26,205,16,13,0,1,5,48.91,1,0,1,15,0
1692.43,175,151,9,0,1,1,247.45,1,1,1,8,0
538.61,241,17,10,0,3,8,9.47,1,1,1,16,0
942.15,258,45,11,0,3,4,12.26,1,1,1,19,0
1895.8,120,36,18,0,2,4,6.21,1,1,1,23,0
764.78,291,27,10,0,2,7,11.85,1,1,1,14,0
1230.83,54,197,12,0,5,8,1.24,1,1,1,20,0
4945.79,251,19,3,0,1,2,10.66,1,1,1,17,0
1015.47,125,67,11,0,4,8,3.7,1,1,1,13,0
4170.09,360,97,6,0,4,9,5.74,1,1,1,13,0
584.23,119,13,23,0,4,6,1225.02,1,0,1,23,1
3071.14,319,217,10,0,2,5,21.85,1,0,1,21,0
7643.18,210,47,17,0,2,8,3.88,1,1,1,9,0
152.68,283,147,7,0,2,4,10.06,1,1,1,15,0
814.93,178,65,20,0,4,7,17.27,1,1,1,13,0
3219.79,40,62,22,0,2,6,9.53,0,1,1,18,0
1475.8,343,25,8,0,3,7,2.5,1,1,1,20,0
2620.57,357,88,8,0,4,9,24.34,1,1,1,7,0
988.33,134,1,11,0,2,5,21.08,1,1,1,23,0
1971.58,103,48,20,0,3,6,36.24,1,1,1,18,0
1547.39,298,1,11,0,2,3,20.6,1,1,1,19,0
5812.59,207,21,26,0,1,4,77.68,1,1,1,10,0
2331.86,152,6,5,0,3,4,14.2,0,0,1,7,1
2534.12,233,145,12,0,2,5,16.79,1,1,1,4,0
1197.66,134,59,12,3,4,6,3.36,1,1,1,14,1
1110.31,354,66,2,0,1,5,5.28,0,0,1,16,0
1173.14,142,114,6,0,1,2,5.1,1,1,1,13,0
2682.36,298,79,21,0,2,3,5.27,1,0,1,13,0
1186.8,178,7,0,0,2,4,34.55,1,1,1,10,0
2415.77,216,57,3,0,5,8,8.72,1,0,1,14,0
14406.01,487,229,6,0,4,7,12.41,0,0,1,22,0
4320.49,122,14,4,3,4,7,1311.57,1,1,1,18,1
1305.02,286,58,22,0,1,3,42.9,1,1,1,10,0
6010.2,420,49,46,0,1,1,44.86,1,1,1,14,0
1202.22,279,29,4,0,1,4,1.01,1,1,1,8,0
235.54,367,185,21,0,3,6,11.3,1,0,1,6,0
659.78,190,26,4,0,2,7,858.1,1,1,1,17,0
278.44,270,5,1,0,3,7,38.05,1,0,1,19,0
1272.18,318,197,8,2,1,3,30.66,1,1,1,19,1
1841.65,175,78,22,0,1,2,8.98,1,1,1,12,0
9666.65,93,25,19,0,2,6,1.54,1,1,1,13,0
2507.21,82,19,13,0,2,3,16.08,0,0,1,8,0
1452.29,454,157,2,0,1,3,2.66,1,0,1,7,0
4143.95,409,19,18,0,2,4,18.81,1,0,1,11,0
198.12,105,46,42,0,1,4,1.85,1,1,1,13,0
2288.41,367,14,17,0,1,3,2.71,1,1,1,12,0
3908.33,235,320,2,0,3,6,8.09,1,1,1,16,0
412.16,179,88,5,0,4,10,12.28,1,0,1,11,0
5674.59,103,50,7,0,2,5,29.04,0,1,1,4,0
2536.39,162,82,6,0,2,3,1.52,0,1,1,22,0
1193.58,88,148,4,0,1,5,1266.77,1,1,1,12,0
3404.26,144,198,12,0,2,4,0.41,0,0,1,8,0
17512.9,86,92,18,0,5,10,1068.66,0,0,1,23,1
2168.66,59,113,7,0,2,6,7.34,1,1,1,17,0
2317.45,372,30,2,0,2,7,39.83,0,1,1,9,0
1142.12,155,29,18,0,2,7,19.35,1,1,1,7,0
772.9,221,99,0,0,2,6,332.71,1,1,1,20,0
4147.81,117,85,6,2,2,3,39.03,1,0,1,19,1
768.1,150,138,9,0,3,7,0.34,1,1,1,15,0
1942.18,84,8,9,0,3,7,27.89,1,1,1,21,0
1121.41,457,70,5,0,3,3,503.69,0,0,1,10,0
2918.95,27,62,7,0,1,8,3.92,1,1,1,10,0
2524.16,306,96,4,0,2,4,3.25,1,1,0,18,0
5102.78,116,1,2,0,3,8,7.09,1,1,1,9,0
1085.7,84,105,8,0,1,3,12.29,1,1,1,11,0
1380.4,55,23,7,0,3,8,28.69,1,0,1,18,0
679.42,190,69,18,3,3,8,10.56,1,1,1,19,1
1159.46,282,57,3,0,2,6,5.56,1,1,1,13,0
2636.75,264,34,12,0,2,3,5.92,0,1,1,19,0
3854.47,128,82,9,0,2,9,0.47,1,1,1,5,0
718.98,149,194,4,0,4,8,16.0,1,0,1,11,0
4313.94,82,23,9,0,2,3,20.78,1,0,1,16,0
7013.82,93,82,8,0,2,2,9.66,1,0,1,8,0
2733.76,372,22,9,0,1,2,32.79,1,1,1,10,0
11811.11,40,112,8,0,2,7,36.7,1,1,1,23,0
833.98,35,34,7,0,1,2,10.13,1,1,0,12,0
520.79,105,35,7,0,1,3,12.12,1,1,1,9,0
305.3,453,88,10,0,1,4,87.64,1,0,1,20,0
8071.09,176,41,4,0,1,5,0.67,1,1,1,21,0
3478.53,659,18,7,0,3,9,21.19,1,1,1,10,0
1710.29,138,324,16,0,1,8,796.52,1,1,1,18,0
2392.2,270,58,6,0,6,12,20.81,1,0,1,18,1
586.7,341,62,15,0,1,2,1.46,0,0,1,2,0
20863.41,588,62,5,0,6,9,6.38,1,0,1,10,1
2057.45,112,128,26,0,2,4,16.95,1,0,1,14,0
2017.06,175,12,3,0,3,5,4.28,1,1,1,10,0
3735.98,153,3,13,0,5,7,71.81,1,1,1,6,0
2924.88,285,29,2,0,1,4,10.29,1,1,1,11,0
2261.73,423,49,13,0,1,4,1514.48,1,1,1,19,0
820.18,423,20,5,0,2,3,15.71,1,1,1,20,0
2897.11,110,70,14,0,2,5,3.49,1,1,1,10,0
11873.03,94,4,14,0,3,11,26.53,1,1,1,10,0
6942.52,265,93,13,0,3,4,3.88,1,1,1,8,0
8894.48,74,75,10,0,1,5,12.36,1,1,1,10,0
1084.4,289,14,6,0,2,7,14.73,0,0,1,5,0
672.09,175,21,11,0,4,9,2.5,1,1,1,20,0
1594.34,382,98,23,0,3,4,25.98,1,1,1,21,0
1911.66,345,89,3,0,2,8,63.05,0,1,1,7,0
5400.2,190,100,4,0,4,7,5.41,0,1,1,17,0
332.8,69,23,4,0,2,3,418.51,1,0,1,10,1
8346.11,74,209,1,0,1,5,9.53,1,1,1,10,0
1543.78,181,75,14,0,3,4,26.43,1,1,1,19,0
1179.82,238,4,4,0,2,4,23.18,1,0,1,22,0
657.14,139,38,15,0,1,4,0.81,1,1,1,13,0
345.55,87,65,5,0,1,1,0.43,1,1,1,20,0
4118.2,143,11,5,0,2,3,8.25,0,1,1,13,0
1945.58,384,139,19,0,5,10,7.27,0,1,1,9,0
497.72,143,84,3,0,4,9,10.29,1,0,0,9,1
495.18,113,5,3,0,1,1,34.83,1,1,1,10,0
1292.35,72,146,33,0,3,7,14.32,1,1,1,9,0
9595.23,167,31,7,0,4,6,43.52,1,1,1,19,0
1394.66,347,36,5,0,4,6,19.72,0,0,1,16,0
402.16,358,91,9,0,1,5,1.86,0,0,1,9,0
1414.11,97,61,2,0,1,4,13.81,1,1,1,0,0
1376.47,191,34,2,0,3,7,0.48,1,1,1,15,0
121.89,104,18,18,0,2,4,10.72,1,0,1,19,0
1712.49,135,43,3,0,3,5,10.9,0,0,1,3,1
1435.21,165,51,10,0,4,5,28.64,1,1,1,17,0
3627.16,122,59,12,0,4,5,840.06,1,1,1,14,1
11486.83,8,55,5,0,2,7,1335.16,1,0,1,19,1
5577.89,457,57,8,0,3,3,12.03,1,1,1,7,0
1381.76,113,38,4,0,5,6,12.77,1,1,1,17,0
597.93,106,49,29,0,3,3,1526.87,1,0,1,14,1
23703.07,96,20,4,0,2,10,19.78,1,1,1,14,0
1918.35,52,10,12,0,1,4,5.33,1,0,1,10,0
1833.4,466,56,2,0,3,5,0.46,1,0,1,10,0
1764.95,172,2,11,0,1,6,15.22,1,0,1,12,0
2204.12,239,4,8,0,1,6,6.9,1,0,1,8,0
1565.0,220,17,19,0,1,6,28.54,1,0,1,13,0
1018.76,120,12,8,0,2,5,14.8,1,0,1,9,0
1046.43,172,28,2,0,3,9,16.14,1,0,1,22,0
1749.78,275,27,4,0,2,3,14.29,0,1,1,20,0
1050.03,57,7,31,0,2,5,56.68,1,1,1,19,0
886.39,133,16,6,0,4,7,12.62,1,1,1,22,0
2011.09,149,1,0,0,3,9,4.3,1,1,1,15,0
1401.11,117,25,6,0,5,7,29.16,1,1,1,5,0
8135.5,115,95,5,0,2,6,50.24,1,0,1,11,0
127.62,195,18,3,0,1,3,59.34,1,1,1,20,0
5385.72,396,61,6,0,2,8,22.17,1,0,1,19,0
6286.03,232,6,16,0,3,8,3.28,1,0,1,19,1
227.38,94,1,7,0,2,5,0.35,1,1,0,14,0
1283.46,741,41,2,0,1,6,19.12,1,1,1,10,0
1247.08,398,37,4,0,2,5,78.99,1,1,1,11,0
442.52,123,12,13,0,2,7,5.92,1,1,1,20,0
830.63,402,20,10,0,2,4,9.53,1,0,1,19,0
595.51,198,1,8,0,3,3,1.62,1,0,1,16,1
10428.22,71,95,13,0,3,11,13.79,1,1,1,17,0
4608.6,371,21,4,0,1,2,16.14,1,1,1,7,0
6448.19,94,14,20,0,2,7,20.91,1,1,1,18,0
3720.72,239,97,27,0,7,11,3.46,1,1,1,15,0
584.61,191,2,7,0,2,5,31.56,1,1,1,19,0
1070.07,252,20,25,0,2,5,28.37,0,1,1,12,0
2949.45,488,18,13,0,3,4,26.23,1,0,1,19,0
532.65,170,18,5,0,2,6,57.07,1,0,1,8,0
3688.59,70,1,1,0,1,5,27.27,1,1,1,16,0
1421.79,105,163,9,0,2,8,19.04,1,1,1,9,0
1242.87,66,119,4,0,1,3,0.41,0,1,1,8,0
3681.07,50,32,14,0,1,1,6.69,1,1,1,14,0
2819.35,343,35,5,0,2,3,9.82,1,0,1,7,0
1260.21,186,44,5,0,2,5,9.51,1,1,1,23,0
5763.67,157,39,15,0,4,8,25.19,0,1,1,7,0
613.35,125,90,6,0,2,7,13.91,1,0,1,18,0
3347.39,294,40,1,0,1,4,6.52,1,0,1,13,0
3271.82,430,12,10,0,4,11,8.01,1,1,1,3,0
1326.7,92,7,27,0,3,4,22.3,1,1,1,19,0
2505.22,233,150,4,0,1,4,50.34,1,1,1,19,0
517.44,328,2,6,0,1,3,15.88,1,1,1,20,0
4555.21,204,136,11,0,2,5,49.41,1,0,1,17,0
1502.82,279,70,9,0,3,8,6.71,1,1,1,19,0
1072.0,69,31,19,0,2,6,18.89,1,0,1,7,0
5161.64,437,12,22,0,3,4,3.05,1,1,1,22,0
893.96,295,22,11,0,2,4,25.34,1,1,1,19,0
442.1,248,45,7,2,1,7,0.64,1,1,1,1,1
381.22,313,64,6,0,1,2,29.37,0,1,1,21,0
3314.33,140,70,7,0,2,6,1101.49,1,1,1,20,0
502.49,80,35,21,3,2,7,21.9,1,1,1,11,1
10454.57,66,28,3,3,2,6,0.69,1,1,1,18,1
225.44,58,87,20,0,3,7,20.43,1,1,1,9,0
9862.12,231,155,6,0,1,4,8.88,0,1,1,10,0
2232.81,129,147,25,0,3,5,9.94,1,1,1,20,0
1641.37,421,48,2,0,4,4,0.42,0,1,1,12,0
1048.46,368,4,21,0,2,7,0.49,1,1,1,6,0
2694.95,293,4,8,0,2,6,242.05,1,1,1,12,0
1741.26,254,30,29,0,2,8,669.9,1,1,1,16,0
5449.62,104,79,3,0,4,5,1082.59,0,1,1,8,1
2026.83,119,41,18,0,4,8,860.18,1,1,1,21,1
2101.28,104,59,11,0,3,3,682.53,1,0,1,21,0
1256.88,78,111,13,0,4,11,14.69,1,0,1,20,0
1707.96,160,2,8,0,2,6,0.85,1,0,1,5,1
2459.72,325,154,9,0,3,7,2.19,1,1,1,1,0
326.96,153,24,6,0,1,5,820.36,1,1,1,20,1
469.57,100,2,0,0,1,2,999.02,1,1,1,21,1
3801.93,153,108,8,0,2,6,29.32,1,1,1,20,0
2144.94,194,163,15,0,1,7,55.65,0,1,1,7,0
1504.2,122,87,23,0,1,6,31.14,1,1,1,12,0
1841.68,161,97,6,0,2,4,0.75,1,0,1,21,0
2559.54,734,123,1,0,3,4,51.12,1,0,1,9,0
1053.89,57,44,0,0,4,6,27.54,1,0,0,15,1
830.22,28,68,8,0,2,6,569.01,0,1,1,19,0
2199.19,185,20,6,3,3,5,5.19,1,1,1,23,1
679.68,224,17,1,0,3,5,0.69,1,1,1,1,1
2719.63,156,56,24,0,3,5,32.38,1,0,1,21,0
329.45,83,79,10,0,1,4,1.74,1,1,1,13,0
5060.17,416,30,4,0,1,4,35.98,1,0,1,13,0
2900.38,177,30,4,0,3,5,5.44,1,1,1,19,0
2335.61,190,185,14,0,3,7,21.63,1,1,1,10,0
4830.43,290,43,28,0,2,7,0.54,1,0,1,9,0
9561.26,151,257,19,0,5,7,73.12,1,0,1,18,0
4985.9,142,119,19,0,1,1,25.83,1,1,1,23,0
286.9,416,61,7,0,2,5,53.17,1,0,1,13,0
502.92,43,1,0,0,1,4,46.76,1,1,1,16,0
967.95,217,21,5,0,4,5,35.0,1,1,1,15,0
1855.84,204,32,26,0,1,2,17.93,0,1,1,19,0
3034.07,128,63,5,0,3,6,288.48,0,0,1,9,0
875.03,156,30,3,1,2,4,9.62,1,1,1,17,1
2179.32,394,105,4,0,4,10,10.79,1,1,1,20,0
849.47,94,65,7,0,3,6,44.83,1,1,1,8,0
980.91,278,25,6,0,2,8,32.69,1,0,1,15,0
442.9,174,92,2,3,1,1,35.83,1,1,1,11,1
718.21,260,21,12,0,4,10,21.64,1,1,1,13,0
467.93,227,3,9,0,2,6,1.31,1,1,1,18,0
681.38,26,11,6,0,1,2,36.28,1,1,1,13,0
5185.61,92,1,9,0,3,4,31.42,1,1,1,12,0
699.66,103,107,21,1,2,6,464.33,1,1,1,11,1
25144.19,83,59,7,0,2,9,15.71,0,1,1,22,0
2961.11,114,50,13,0,3,4,16.53,1,1,1,22,0
2175.11,190,65,5,0,4,6,6.48,1,1,1,8,0
766.35,308,63,3,0,5,6,19.3,1,1,1,9,0
3642.08,63,50,11,0,3,6,7.97,1,1,1,18,0
1016.75,175,110,1,0,4,9,11.55,1,0,1,14,0
2042.66,209,34,4,0,5,9,1022.29,1,1,1,12,1
23390.48,345,98,7,0,3,6,40.16,1,1,1,23,0
1642.44,445,92,5,0,3,4,1.12,1,1,1,16,0
5706.0,151,13,19,3,6,7,10.45,0,0,1,14,1
895.0,84,36,6,0,3,7,1.35,1,1,1,12,0
1745.88,218,108,22,0,3,7,37.6,1,1,1,22,0
10623.25,87,106,8,0,1,4,0.79,1,1,1,18,0
965.87,207,1,1,0,2,4,75.31,1,1,1,9,0
11075.03,100,15,7,0,3,12,27.6,1,1,1,17,1
3669.28,241,33,3,0,2,8,35.0,0,0,1,20,0
1030.23,105,2,0,0,2,6,25.55,0,1,1,11,1
3402.98,420,18,12,0,2,4,19.91,1,0,1,18,0
4781.71,174,17,0,0,3,8,1055.36,1,1,1,10,1
3367.11,47,14,35,0,1,2,709.21,0,1,1,17,0
376.07,314,30,18,0,4,4,12.79,1,0,1,14,0
873.81,152,100,4,0,4,6,2.2,1,0,1,19,0
1411.6,253,16,4,0,2,6,4.73,1,1,1,11,0
1678.35,317,52,10,0,1,5,17.26,1,1,1,19,0
3363.28,180,48,5,0,4,6,413.58,1,0,1,8,1
2159.65,60,102,2,0,5,12,6.52,1,1,1,15,0
475.64,192,30,2,0,2,4,22.22,1,0,1,13,0
2644.4,386,15,7,0,2,6,16.94,0,1,1,20,0
3329.53,162,133,1,0,3,4,0.93,1,0,1,3,0
3164.63,227,107,24,0,3,4,60.78,1,1,1,15,0
5328.26,95,58,10,0,1,8,1321.36,1,1,1,9,1
4162.71,52,5,25,0,2,4,17.77,1,0,1,17,0
2861.73,155,1,18,0,2,3,21.92,1,0,1,19,0
1685.53,177,12,11,0,1,5,64.84,0,0,1,17,0
343.45,341,13,1,0,1,4,18.6,1,1,1,17,0
2778.37,185,8,3,1,3,5,24.03,1,1,1,17,1
2225.39,324,18,13,0,3,6,798.89,1,1,1,15,0
2372.21,127,24,9,0,2,6,5.87,1,1,1,16,0
504.34,59,84,9,0,1,7,26.26,1,1,1,19,0
613.35,235,74,8,0,1,6,27.05,1,0,1,6,0
5183.07,411,6,1,0,3,4,7.4,1,1,1,11,0
1737.92,114,226,10,0,2,5,2.38,1,1,1,8,0
3574.21,258,83,7,0,4,6,62.1,1,1,1,19,0
1859.98,264,10,6,0,3,5,8.62,0,0,1,15,0
1862.65,52,7,17,0,4,6,20.09,1,0,1,19,1
4620.62,150,5,7,0,3,6,0.66,1,1,1,18,0
1079.18,272,78,8,0,3,6,1156.0,1,1,0,13,1
1990.46,218,16,38,0,1,4,12.92,0,1,1,5,0
1138.79,272,4,5,0,4,6,51.98,1,1,1,17,1
1170.87,244,32,8,0,2,6,5.45,1,1,1,18,0
1327.2,163,74,13,0,4,6,22.11,1,1,1,19,0
2257.77,177,21,11,0,2,6,2.11,1,0,0,18,1
1120.19,335,39,5,0,3,5,0.49,1,1,1,22,0
6347.12,192,12,4,0,3,4,55.29,0,1,1,10,0
739.07,104,33,5,0,2,8,4.27,1,0,1,18,0
1499.86,152,26,5,0,1,1,27.83,1,0,1,20,0
1164.76,227,34,16,0,2,4,23.63,1,1,1,13,0
7684.63,322,37,14,0,4,6,61.66,1,0,1,22,0
2200.75,51,5,3,0,1,1,53.08,0,1,1,11,0
5073.8,146,5,13,0,2,4,15.53,1,0,1,19,0
409.3,307,18,4,0,1,8,2.16,1,1,1,15,0
2361.5,94,7,13,0,1,1,1.63,1,1,1,13,0
4401.19,94,17,29,0,3,5,24.0,1,1,1,10,0
1963.11,175,1,6,0,2,4,14.93,1,1,0,13,1
5247.36,48,25,5,2,3,7,1299.55,0,1,1,17,1
1077.84,479,14,25,0,2,7,30.87,1,1,1,17,0
7400.83,225,133,5,0,2,4,31.35,1,1,1,18,0
18013.88,257,117,13,0,2,5,26.95,1,1,1,16,0
1257.85,349,21,11,0,1,4,13.62,0,0,1,18,0
1158.06,644,38,12,0,2,6,6.94,1,0,1,4,0
7734.02,164,187,5,0,3,6,44.96,1,0,1,11,0
8774.21,51,44,6,0,5,9,5.7,1,0,1,16,1
1071.85,212,113,11,0,4,6,51.52,1,0,1,9,0
1187.75,98,105,5,0,2,6,9.78,0,0,0,19,0
1364.05,72,170,12,0,1,6,6.14,1,0,1,8,0
471.33,123,21,10,0,2,5,294.4,0,1,1,14,1
721.51,162,2,8,0,4,10,38.74,0,1,0,11,1
662.39,353,6,10,0,3,9,980.2,0,1,1,9,1
838.99,487,50,7,0,1,7,4.3,1,1,1,17,0
1746.41,79,45,6,0,1,6,43.63,1,1,1,18,0
2285.21,129,21,3,0,3,6,654.98,0,0,1,11,1
8522.8,250,17,6,0,3,5,2.73,1,1,1,13,0
666.24,272,74,1,0,3,8,2.74,1,1,1,19,0
4838.32,87,24,25,0,1,2,3.8,1,0,1,8,0
1459.74,308,55,6,0,3,10,0.8,1,1,1,8,0
1720.79,103,74,4,0,2,5,14.33,0,1,1,15,0
3550.41,84,33,3,2,1,4,3.68,0,1,1,19,1
588.32,243,12,6,0,1,4,4.82,1,0,1,19,0
2650.25,359,118,25,0,2,5,20.54,1,1,1,18,0
2135.49,212,5,21,0,1,6,7.68,1,1,1,20,0
2958.54,189,106,1,0,2,4,26.4,1,1,1,4,0
2414.31,164,108,13,0,5,7,69.61,1,1,1,15,0
21063.57,182,50,5,0,4,9,0.81,1,1,1,11,0
955.52,149,59,40,0,3,6,334.19,1,0,1,10,0
1063.16,248,26,19,0,1,6,7.01,1,1,1,19,0
969.58,183,110,3,0,3,3,28.62,1,1,1,13,0
1037.45,620,18,3,0,1,6,84.38,1,1,1,15,0
955.86,218,49,25,0,2,4,1.43,1,1,1,11,0
5937.34,149,1,14,0,1,3,8.34,1,1,1,21,0
7483.86,80,168,12,0,1,5,15.5,1,1,1,11,0
1021.73,89,177,2,0,3,6,12.18,1,1,1,12,0
786.54,224,74,3,3,4,7,1254.02,1,1,1,11,1
2896.96,118,33,5,0,1,4,1.33,1,1,0,13,0
1040.83,196,11,14,0,2,7,18.17,1,0,1,11,0
3404.77,372,40,5,0,3,5,10.08,1,1,1,12,0
2214.81,68,94,2,0,3,8,34.84,1,1,1,13,0
397.13,156,55,14,0,3,6,7.03,1,1,1,9,0
8497.31,20,44,5,0,2,4,24.95,1,1,1,18,0
10893.02,52,113,2,0,1,2,50.94,1,1,1,22,0
979.67,201,22,17,0,2,6,11.53,1,0,1,11,0
1226.96,57,117,8,0,2,4,7.76,1,1,1,18,0
2406.35,67,34,3,0,3,6,14.68,1,1,1,12,0
2526.16,454,1,11,0,1,7,15.44,1,1,1,21,0
3493.1,109,78,3,0,2,5,1.66,1,0,1,5,0
13496.75,84,126,4,0,1,1,5.67,0,1,1,21,0
1514.82,370,39,4,1,3,6,56.43,1,1,1,13,1
813.79,83,36,8,0,2,4,3.38,1,1,1,21,0
455.17,215,98,13,0,2,6,13.09,1,1,1,10,0
870.5,219,129,7,0,3,5,421.74,1,1,1,20,0
1749.13,295,219,15,0,1,5,2.7,1,1,1,16,0
10878.65,73,25,3,0,2,6,11.9,1,1,1,7,0
1077.49,94,54,12,0,2,4,44.78,1,0,1,8,0
2261.51,110,103,17,0,2,5,11.46,1,1,1,7,0
1778.59,97,45,16,0,3,7,15.96,1,0,1,8,0
5933.64,283,37,2,0,2,5,13.68,0,0,1,7,0
22627.75,220,50,42,0,5,10,2.9,1,1,1,14,0
1063.3,242,26,6,0,2,7,11.52,1,1,1,15,0
1108.28,50,12,8,0,1,3,1374.07,1,1,1,13,1
5136.67,197,4,1,0,4,7,5.67,1,1,1,18,0
3575.61,407,56,17,0,1,3,30.68,1,0,1,23,0
11461.02,573,28,10,0,4,9,35.76,0,1,1,15,0
3241.94,124,128,15,0,2,6,8.76,1,1,1,14,0
1262.32,299,15,17,0,2,7,1.98,1,1,1,23,0
3263.82,95,22,3,0,3,5,1040.64,1,0,1,13,1
5479.14,52,211,17,0,2,2,1.21,1,0,1,19,0
4107.14,55,48,12,0,5,7,50.95,0,1,1,18,1
3002.72,374,25,19,0,2,6,9.88,1,1,1,8,0
5253.63,131,118,19,0,2,5,15.63,1,1,1,19,0
5821.4,113,81,1,0,4,6,50.91,0,1,1,17,1
7202.32,277,51,11,0,3,8,27.23,1,1,1,22,0
3458.91,65,131,11,0,6,7,0.42,0,1,1,8,0
1529.78,235,5,5,0,7,9,3.59,1,1,1,8,1
2093.75,149,30,11,0,3,5,0.58,0,1,1,19,0
6042.11,540,99,3,0,3,5,1.96,1,1,1,16,0
798.76,128,29,9,0,4,7,24.45,1,1,1,14,0
2614.1,156,156,2,0,3,5,20.37,1,1,1,17,0
1220.07,54,9,15,0,1,2,17.46,1,1,1,9,0
1860.77,591,24,6,0,1,4,7.57,1,0,1,22,0
6492.82,135,33,12,0,5,8,4.65,0,1,1,17,0
2188.78,467,69,13,0,1,6,7.62,1,1,1,20,0
1893.98,41,13,16,0,3,7,16.69,1,1,1,17,0
464.12,207,1,10,0,3,7,5.92,1,1,1,22,0
3813.31,553,225,14,0,3,4,95.3,1,0,1,16,0
3447.77,110,137,6,0,3,5,1.99,1,1,1,16,0
15728.89,198,21,34,0,3,5,37.99,1,0,1,9,0
1329.05,382,39,4,0,1,3,2.14,1,1,1,10,0
2251.05,136,40,6,0,2,5,25.6,1,1,1,12,0
2320.14,52,122,9,0,3,3,0.05,1,0,1,11,0
8755.64,122,54,18,0,2,6,16.29,1,0,1,13,0
1643.7,209,105,10,0,1,3,18.59,1,1,1,10,0
2389.94,208,145,7,0,3,4,3.83,1,1,1,15,0
3320.59,267,50,7,0,2,4,346.84,1,1,1,11,0
2178.97,92,20,26,0,4,5,31.64,1,1,1,7,0
1156.98,527,41,7,0,4,6,1.0,1,1,1,11,0
2195.34,95,114,13,0,1,2,12.45,1,0,1,21,0
5290.31,182,52,15,0,5,12,35.59,1,0,1,6,0
647.74,214,135,21,0,3,5,25.93,1,1,1,11,0
2065.17,201,135,20,0,2,7,22.54,1,0,1,6,0
897.74,74,28,10,0,4,10,60.56,1,1,1,4,1
5973.25,387,35,0,0,2,3,8.64,1,1,1,17,0
394.18,118,67,2,0,1,4,9.32,1,1,1,13,0
1033.88,227,7,6,0,3,4,439.1,1,0,1,19,0
2636.51,197,37,11,0,4,9,11.3,1,1,1,9,0
8651.81,197,9,2,0,2,7,0.64,1,1,1,5,0
1692.99,48,113,6,0,3,5,30.77,1,1,1,21,0
1037.74,111,171,13,0,4,8,7.31,1,1,1,17,0
11862.73,225,9,7,0,4,7,5.58,1,1,1,22,0
424.96,51,66,14,0,2,8,31.3,1,0,1,14,0
200.58,148,60,7,0,4,9,30.81,1,0,1,7,0
2807.4,186,85,29,0,4,5,31.34,1,0,1,8,0
1094.38,259,71,9,0,2,4,3.09,1,1,1,13,0
651.17,183,14,2,0,4,11,45.55,1,0,1,18,1
3671.5,152,20,4,0,3,7,12.44,0,1,1,22,0
2307.22,203,10,7,0,2,6,0.36,1,0,1,13,0
1028.57,145,152,10,0,2,4,339.63,1,1,1,7,0
502.55,90,44,5,0,2,5,7.1,1,0,1,9,0
4326.25,121,224,1,0,4,6,3.53,0,1,1,12,0
3464.08,223,35,20,0,2,7,1249.51,1,0,1,19,1
1637.33,152,48,12,0,2,3,4.22,0,1,1,8,0
11460.22,694,93,16,0,4,5,3.82,1,0,1,16,0
620.12,71,95,6,0,4,6,39.45,0,1,1,6,0
393.26,219,15,4,0,1,2,27.76,1,1,1,12,0
905.14,242,20,4,0,4,6,1.21,1,1,1,12,0
1727.47,180,6,10,0,1,2,308.18,1,1,1,18,0
2306.16,139,98,7,0,3,4,9.12,1,1,1,13,0
1420.5,170,94,8,0,2,4,17.69,0,0,1,18,0
2571.01,171,5,1,0,4,10,35.64,1,1,1,20,1
517.22,434,17,8,0,2,4,2.17,1,1,1,14,0
7659.98,37,35,11,0,5,5,20.25,1,1,1,12,1
1665.45,88,46,38,0,2,9,643.12,1,1,1,21,0
5526.42,204,44,8,0,3,6,1426.63,1,1,1,8,1
2547.14,328,244,10,0,4,7,57.1,1,1,1,17,0
2854.79,92,86,1,0,3,6,11.23,1,0,1,7,0
3196.36,75,7,0,0,2,4,4.0,1,1,1,11,0
2829.08,157,20,12,0,2,4,17.66,1,0,1,9,0
3438.27,89,25,12,2,1,3,34.71,1,0,1,9,1
6830.5,157,22,1,0,4,5,2.4,1,1,1,8,0
2200.68,90,92,31,0,2,4,2.14,1,1,1,14,0
3673.88,262,26,10,0,2,3,1474.06,1,0,1,7,1
1652.86,92,40,25,0,4,8,7.46,1,1,1,17,0
7632.09,44,45,9,0,3,5,7.87,0,1,1,16,0
919.3,262,18,0,0,1,3,5.24,1,1,1,11,0
10948.31,173,23,11,0,2,4,2.87,1,0,1,23,0
1736.87,128,90,4,0,2,4,16.46,1,1,1,12,0
432.35,131,120,5,0,2,5,45.51,1,1,1,15,0
2055.15,186,2,4,0,3,6,50.1,1,0,1,12,0
915.02,75,55,2,0,2,12,39.28,1,0,1,21,1
4190.79,57,60,13,0,2,6,29.75,1,1,1,13,0
941.41,92,80,16,0,3,5,39.14,1,1,1,6,0
1157.27,139,71,7,0,4,5,4.16,1,1,1,8,0
273.27,86,125,7,0,2,4,6.37,1,1,1,14,0
1150.2,433,4,10,0,2,6,0.4,1,1,1,19,0
160.15,92,29,27,2,3,10,44.16,1,1,1,12,1
370.96,177,91,6,0,2,2,18.27,1,1,1,18,0
3867.7,232,112,9,0,3,8,11.35,1,1,1,18,0
3967.14,354,18,2,0,3,6,548.82,1,1,1,12,0
2766.83,474,52,1,0,4,9,48.55,1,1,1,17,0
687.47,585,11,4,0,1,5,439.46,1,1,1,7,0
1723.8,344,114,28,0,2,5,14.11,1,1,1,17,0
1801.54,312,78,1,0,2,4,6.71,1,1,1,23,0
567.72,79,15,7,0,3,4,8.94,1,0,1,21,0
8130.67,241,58,6,0,2,4,14.73,1,1,1,15,0
4347.53,144,42,7,0,2,4,1.2,1,1,1,10,0
1449.59,145,17,19,0,2,7,43.22,1,0,1,20,0
1857.31,129,134,29,0,1,2,23.14,1,1,1,17,0
2226.94,78,9,10,0,2,5,4.92,1,1,1,9,0
234.69,114,37,9,0,3,10,22.77,1,1,1,18,0
1412.09,88,52,3,0,2,5,6.52,1,1,1,14,0
914.17,37,104,0,0,5,6,1073.28,1,0,1,12,1
664.06,388,9,16,0,2,8,61.01,0,0,1,8,0
1364.99,175,56,10,0,2,4,0.89,1,1,1,16,0
10912.74,180,1,4,0,2,6,58.16,1,1,1,19,0
3431.81,164,103,26,0,4,9,1.05,1,1,1,10,0
1021.29,327,16,4,0,3,9,9.22,1,0,1,19,0
3205.37,191,76,24,0,3,7,16.88,1,0,1,17,0
7327.25,395,55,12,0,2,4,464.56,0,1,1,14,0
4557.97,257,3,5,0,1,6,13.26,1,1,1,19,0
1919.14,101,12,2,0,1,4,6.51,1,0,1,17,0
946.78,359,18,9,0,2,5,1.79,1,0,1,10,0
3634.49,213,130,1,0,1,3,24.99,1,1,1,16,0
2679.77,162,39,10,0,3,6,16.42,1,1,1,9,0
4425.74,304,146,15,0,1,6,14.34,1,0,1,19,0
3412.4,176,2,1,0,1,2,717.42,1,1,1,10,1
5164.44,271,1,8,0,2,3,17.31,1,1,1,14,0
1058.67,68,177,5,0,2,4,49.03,1,0,1,8,0
6750.65,179,77,23,0,4,4,23.87,1,0,1,13,0
2203.05,106,91,4,0,5,9,1.77,1,1,1,9,0
14403.99,573,148,9,0,5,8,2.25,0,1,1,17,0
907.61,379,250,0,0,1,4,13.34,1,1,1,23,0
10259.55,198,6,1,0,4,6,10.96,1,1,1,7,1
2203.74,358,10,11,0,4,6,55.44,1,1,1,14,0
942.54,107,12,16,0,1,6,16.27,1,1,1,17,0
1114.45,125,102,5,0,2,6,4.36,1,1,1,22,0
1312.45,31,26,2,0,1,8,969.2,1,0,1,7,1
2763.26,262,53,9,3,3,5,7.95,1,1,1,18,1
3049.81,28,115,5,0,3,5,9.4,1,1,1,8,0
1018.72,116,68,22,0,2,5,1.45,1,0,1,16,0
1764.54,67,4,8,0,3,6,2.9,1,1,1,21,1
15402.27,322,35,16,3,2,4,28.13,0,1,1,14,1
10173.52,540,4,18,0,1,1,2.36,1,1,1,17,0
2797.06,289,39,3,0,3,3,14.43,1,1,1,10,0
1878.08,258,14,4,0,1,3,16.04,1,0,1,18,0
2038.63,200,1,1,0,2,4,58.88,1,1,1,11,0
3339.3,188,100,1,3,1,7,60.13,1,1,1,11,1
650.15,93,209,10,0,2,6,1.4,1,0,1,12,0
1397.76,49,199,13,0,4,5,6.67,1,0,1,19,0
340.84,186,21,24,0,1,3,8.56,1,1,1,17,0
2695.19,215,105,13,0,2,3,1077.06,1,1,1,15,0
3453.68,214,68,4,0,3,4,33.44,1,1,1,8,0
1115.23,234,96,9,0,5,9,29.96,1,1,1,7,0
8725.34,275,112,14,0,3,5,4.23,1,1,1,10,0
530.72,180,235,6,0,2,10,40.76,1,1,1,8,0
418.06,86,9,2,0,2,4,5.69,1,1,1,16,0
2263.01,229,88,1,0,1,5,21.62,1,0,1,9,0
5151.78,264,79,2,0,2,4,1091.69,1,1,1,12,1
9739.33,141,20,6,0,4,6,12.81,1,1,1,11,0
1142.66,264,29,9,0,2,6,1.5,1,1,1,21,0
5317.09,187,11,3,0,3,8,26.08,1,1,1,19,0
1739.74,77,146,8,0,2,5,924.01,1,0,1,11,1
1521.38,651,126,2,0,2,4,38.01,1,1,1,7,0
4374.99,136,57,19,0,2,3,54.67,1,0,1,21,0
3471.43,82,43,4,0,6,7,4.87,1,1,1,11,1
373.76,105,15,6,0,1,3,14.93,1,1,1,17,0
7915.2,21,93,20,0,3,7,28.82,1,1,1,20,0
7187.45,144,1,4,0,2,7,2.29,1,0,1,22,1
967.23,391,37,10,0,4,6,5.57,0,1,1,12,0
2685.99,198,118,12,0,5,8,45.73,1,1,1,17,0
2963.22,97,57,10,0,1,3,0.91,1,0,1,23,0
2346.49,168,60,8,0,3,7,26.48,1,1,1,20,0
1042.83,31,4,8,0,3,5,6.93,1,1,1,1,1
923.69,169,20,26,0,4,6,70.21,0,1,1,13,0
1762.42,138,67,0,0,3,6,47.19,1,1,1,18,0
5841.42,310,3,0,0,2,8,26.91,0,0,1,20,0
3113.8,217,24,17,0,1,2,23.68,1,1,1,5,0
1248.11,85,26,13,0,1,3,21.21,0,1,1,7,0
3911.59,305,41,9,0,1,4,0.6,1,0,1,21,0
104.74,368,27,8,0,6,9,61.07,0,1,1,17,0
5703.1,221,36,4,0,2,4,24.6,1,1,1,11,0
317.44,148,47,17,0,1,7,35.05,1,1,1,9,0
1258.35,119,8,9,0,2,5,18.16,1,1,1,17,0
590.12,445,11,4,1,1,3,32.83,1,1,1,8,1
495.38,210,107,12,0,2,4,49.1,1,0,1,10,0
5772.31,184,36,7,0,2,7,1.57,1,1,1,19,0
1132.63,71,26,5,0,3,7,2.31,1,1,1,18,1
2556.78,91,34,5,0,4,9,16.68,1,1,1,18,1
1725.17,56,11,46,0,2,5,16.81,0,1,1,10,0
2913.3,147,16,1,0,4,6,16.14,1,0,1,13,1
1952.41,117,43,11,0,4,6,11.18,1,0,1,9,0
501.2,190,26,6,0,6,9,8.22,1,1,1,15,0
4896.46,340,38,12,0,5,7,1.9,1,0,1,22,0
1103.5,265,9,47,0,1,2,2.56,1,1,1,20,0
381.24,299,10,25,0,2,6,1.15,1,1,1,10,0
1178.37,335,29,9,0,4,7,0.04,1,0,1,17,1
8109.24,97,28,29,0,3,6,21.94,1,1,1,16,0
4231.12,131,128,15,1,1,6,1.89,1,0,1,14,0
1275.82,118,2,14,0,1,3,0.09,1,1,1,17,0
1275.05,274,296,8,0,2,4,4.15,1,0,1,11,0
1310.76,69,188,20,0,2,9,1.32,1,0,1,13,0
14425.43,402,46,13,3,3,6,25.1,1,1,1,21,1
2648.99,127,76,5,0,2,8,4.69,1,1,1,9,0
2779.54,73,164,16,0,6,9,0.05,1,1,1,16,0
5065.88,131,17,6,0,1,8,49.58,1,1,1,19,0
2295.69,137,22,2,0,1,5,731.44,1,0,1,11,0
1395.43,151,7,2,0,1,4,22.65,0,0,1,13,0
1485.71,156,49,12,0,2,4,3.04,1,1,1,17,0
1683.11,333,10,16,0,2,3,7.53,0,1,1,13,0
1741.98,213,160,6,0,3,6,26.54,1,0,1,17,0
3742.95,72,33,4,0,1,7,83.57,1,1,1,16,0
1904.44,135,151,6,0,3,5,12.96,1,1,1,14,0
3761.75,116,13,1,0,2,5,9.34,0,0,1,15,1
1667.84,179,71,16,0,1,3,66.44,0,0,1,12,0
1955.96,163,62,4,0,3,5,21.71,1,1,1,16,0
245.13,478,30,10,0,2,2,24.0,1,1,1,11,0
4520.27,298,137,11,0,4,4,20.23,1,1,1,12,0
2556.74,250,34,11,0,3,7,45.79,1,1,1,7,0
4905.0,28,13,20,0,7,8,6.63,0,1,1,17,1
99.86,291,226,13,0,1,4,28.71,1,1,1,9,0
14594.13,39,34,9,0,1,4,43.65,1,1,1,19,0
1572.48,123,13,9,0,4,9,26.96,1,1,1,21,1
5476.29,135,27,1,0,3,6,5.04,0,1,1,17,0
639.12,325,57,11,0,2,5,44.01,1,0,1,9,0
3336.82,82,43,11,0,2,4,10.92,0,0,1,15,0
630.54,151,60,9,0,2,4,22.12,1,0,1,1,0
968.97,60,65,11,3,3,11,52.97,0,1,1,17,1
12259.19,237,7,21,0,2,6,5.53,1,1,1,10,0
1494.16,124,22,24,0,2,5,805.61,1,0,1,17,0
2247.18,192,82,17,0,1,3,14.51,0,0,1,8,0
4315.93,13,63,13,0,4,9,8.85,1,1,1,8,0
2968.11,75,5,15,0,2,4,21.6,1,1,1,13,0
2101.53,196,22,31,0,2,7,1.62,1,1,1,12,0
2604.41,259,160,16,0,2,6,621.62,1,0,1,2,0
19998.56,405,118,4,0,2,5,63.0,0,1,1,21,0
1706.81,370,66,4,0,2,7,8.73,1,1,1,18,0
2210.78,112,4,7,0,2,4,0.87,0,1,1,12,0
5170.14,190,56,14,0,5,9,6.14,1,0,1,13,1
5461.76,277,1,6,0,2,7,1.25,1,0,1,16,0
5925.56,210,64,4,0,3,4,8.53,1,1,1,7,0
3424.57,136,78,14,0,3,5,0.98,1,0,1,4,0
576.51,195,41,3,0,4,8,1.79,1,1,0,13,0
9259.74,387,1,4,0,2,6,11.11,1,1,1,14,0
574.59,168,65,6,0,1,3,2.49,1,0,1,2,0
2447.04,241,102,1,0,3,7,24.32,0,1,0,18,1
850.41,204,52,0,0,2,2,2.73,1,1,1,14,0
1695.72,107,74,5,0,3,7,13.33,1,0,1,20,0
2511.82,324,5,27,0,1,4,1.48,1,1,1,9,0
2493.29,171,75,1,0,2,4,19.6,1,1,1,6,0
2757.06,135,57,9,0,1,3,12.59,1,1,1,21,0
9078.93,202,24,23,0,4,6,28.34,1,1,1,6,0
2845.61,347,69,0,0,1,2,0.7,1,1,1,13,0
1416.36,194,62,6,0,5,9,31.8,1,1,1,17,0
4741.4,192,54,11,0,1,2,12.35,1,1,1,19,0
5940.04,236,12,29,0,1,5,29.93,1,1,1,17,0
529.74,272,21,7,0,2,7,33.69,1,0,1,12,0
3285.91,145,285,15,0,2,2,13.82,1,0,1,21,0
3645.22,158,34,1,0,3,8,4.31,1,1,1,16,0
1342.7,138,3,9,0,3,5,49.12,1,1,1,14,0
7156.0,234,137,19,0,3,5,16.38,1,1,1,13,0
1556.11,171,11,9,0,1,5,4.64,1,1,1,14,0
2049.96,177,31,3,0,3,4,14.16,1,0,1,9,0
1520.7,180,19,0,0,5,9,25.57,1,1,1,19,1
1836.43,67,199,1,0,3,5,3.99,1,1,1,12,0
604.09,257,28,3,3,3,3,16.71,1,1,0,12,1
428.35,142,74,2,0,2,4,26.06,1,1,1,11,0
8906.22,172,54,12,0,1,4,6.57,1,0,1,8,0
775.14,125,2,5,0,1,3,3.23,1,1,1,9,0
670.89,82,29,8,0,2,6,8.71,1,1,1,18,0
209.9,193,29,2,0,3,7,31.34,1,1,1,11,0
954.36,226,275,19,0,3,4,53.82,1,1,1,10,0
481.5,644,100,15,0,2,5,17.64,0,1,1,15,0
9339.57,118,116,1,0,2,5,6.06,1,1,1,9,0
4963.26,283,22,15,0,2,3,7.17,1,0,1,18,0
908.55,140,23,9,0,4,5,5.03,1,1,1,6,0
17196.06,299,43,9,0,1,4,0.23,0,1,1,12,0
4825.96,248,59,9,0,3,4,6.09,1,0,1,11,0
1306.58,119,78,2,0,3,4,16.14,1,1,1,10,0
148.5,77,103,14,0,2,7,74.26,0,1,1,18,0
17871.14,59,123,28,0,4,5,32.23,1,1,1,14,0
450.53,317,1,5,0,1,4,43.21,1,1,0,10,0
348.84,93,95,8,0,2,5,10.05,1,0,1,22,0
5026.96,51,56,2,0,3,6,13.16,1,1,1,4,1
20738.61,313,45,20,0,2,8,4.75,1,0,1,14,0
7217.56,178,59,3,3,3,6,0.84,1,0,1,15,1
3177.69,146,128,11,0,2,3,3.99,1,0,1,17,0
3277.23,271,47,13,0,1,4,26.34,0,0,1,16,0
4244.65,140,10,6,0,4,6,5.62,1,1,1,14,0
3861.95,256,34,12,0,4,8,20.36,1,1,1,21,0
2395.13,119,154,0,0,3,5,9.01,1,1,1,21,0
2006.61,384,101,9,0,4,10,43.08,0,1,1,7,0
1698.34,107,13,10,0,3,5,23.58,0,1,1,9,0
850.68,258,75,19,0,2,3,15.94,1,0,1,12,0
1365.57,343,17,2,0,3,4,40.2,1,1,1,7,0
332.63,9,25,8,0,4,8,2.15,1,0,1,21,1
1638.7,243,37,15,1,2,7,59.47,1,0,1,18,1
672.77,108,34,3,0,4,5,37.58,1,1,1,2,1
599.69,270,1,8,0,3,7,299.44,1,1,1,15,0
2164.39,204,89,3,0,3,7,8.34,1,0,1,16,0
7273.57,238,112,1,0,2,4,55.49,1,1,1,20,0
4529.27,169,45,2,0,3,5,1.79,0,0,1,13,0
375.97,356,11,8,0,2,10,3.1,1,1,1,9,0
672.08,61,17,24,0,4,8,10.65,1,0,1,11,0
4632.13,333,8,31,0,2,5,1.05,1,1,1,11,0
676.89,120,11,14,0,5,6,699.48,1,1,1,11,1
1444.28,37,125,4,0,1,7,351.46,1,1,1,16,0
3133.96,182,39,1,0,1,3,1.85,1,1,1,16,0
686.53,111,7,2,0,4,9,12.97,1,1,1,15,0
2008.97,232,17,14,0,2,3,577.78,1,1,1,18,0
476.27,246,179,10,0,3,5,46.26,1,1,1,20,0
990.92,159,42,8,0,1,7,15.63,1,0,1,15,0
2489.36,239,43,17,0,2,5,0.07,1,0,1,11,0
367.6,212,44,16,0,3,6,35.99,0,1,1,18,0
2808.69,180,7,10,0,2,4,739.31,1,1,1,18,1
1772.88,156,211,3,0,1,4,16.28,1,0,1,20,0
3141.61,126,5,6,0,4,9,0.32,1,1,1,21,0
2261.8,480,72,1,0,5,9,827.27,0,1,1,9,1
7073.71,175,3,8,0,3,6,68.58,1,1,1,10,0
2049.24,218,35,4,0,2,4,828.15,1,0,1,10,1
1176.85,263,137,1,0,2,4,25.71,1,0,1,8,0
2043.25,147,87,6,0,1,4,454.09,1,1,1,20,0
3112.86,228,24,6,0,2,7,2.96,1,1,1,15,0
1898.58,455,48,9,0,1,5,28.94,0,1,1,11,0
1882.94,106,10,12,0,3,6,1333.88,1,1,1,9,1
896.06,455,187,6,0,2,2,6.21,1,0,1,13,0
931.78,274,73,2,0,1,7,20.44,1,1,1,10,0
444.7,119,28,21,0,3,7,13.56,1,1,1,20,0
10400.16,102,22,20,0,3,6,17.63,1,0,1,18,0
521.2,453,16,4,0,3,5,35.9,1,0,1,16,0
904.24,320,92,11,0,1,3,17.93,1,1,1,13,0
881.47,162,34,22,0,2,3,48.77,1,1,1,6,0
4424.55,130,24,11,0,3,5,75.77,1,1,1,20,0
1346.21,120,141,6,0,1,2,7.54,1,0,1,10,0
6296.46,157,9,6,0,3,5,4.32,1,0,1,22,0
921.97,167,18,1,0,2,8,765.41,1,1,1,14,1
2389.87,197,25,2,0,2,5,35.12,1,0,1,10,0
784.19,91,18,4,0,2,6,40.49,0,1,1,15,1
15446.68,116,52,6,0,6,7,12.52,1,1,1,11,0
551.37,152,55,6,0,2,7,417.64,1,1,1,18,0
2464.69,556,3,6,0,1,3,6.15,1,0,1,13,0
3407.65,211,9,5,0,4,5,29.28,1,0,1,16,1
2734.76,68,13,6,0,3,5,19.0,1,1,1,7,0
1502.24,94,4,3,0,2,5,7.05,1,0,1,17,1
1587.92,450,7,14,0,2,5,41.85,1,1,1,9,0
1889.02,358,16,11,0,3,6,12.72,0,1,1,7,0
1560.87,139,25,6,0,3,6,1094.73,1,1,1,14,1
4740.41,242,94,1,0,1,3,8.9,1,1,1,19,0
16490.22,225,14,18,0,1,3,97.68,1,1,1,19,0
1035.36,178,66,26,0,1,2,8.79,1,1,1,13,0
459.53,103,3,8,0,3,4,540.64,1,1,1,17,0
1655.27,47,64,0,0,1,4,3.85,1,0,1,22,0
23854.05,299,95,5,0,5,5,11.15,0,1,1,19,0
809.43,228,55,4,0,2,6,18.67,1,0,1,12,0
9312.54,104,13,14,0,4,6,15.79,1,0,1,19,1
9678.87,349,24,17,0,1,3,21.03,1,1,1,14,0
1039.41,440,98,5,0,4,6,14.63,1,1,1,16,0
3193.85,207,33,2,0,1,3,389.57,1,1,1,18,0
9213.24,174,17,4,0,3,5,8.39,1,0,1,21,0
1237.53,58,161,13,0,2,4,15.43,0,0,1,19,0
1475.01,159,60,10,0,1,3,14.74,1,1,1,16,0
1010.62,85,98,9,0,4,6,23.49,1,1,1,17,0
655.4,164,1,16,0,1,4,6.64,0,0,1,19,0
944.56,327,24,16,0,7,10,6.45,1,1,0,15,1
531.69,262,36,17,0,3,5,13.76,0,1,1,21,0
1870.73,355,53,9,0,2,5,2.88,0,1,1,16,0
837.17,150,12,9,0,3,8,0.74,1,1,1,9,0
2284.23,71,41,10,0,5,9,1.39,1,1,1,13,0
381.5,146,69,9,0,3,4,3.53,0,1,1,6,0
2517.14,207,25,3,0,3,5,15.48,1,1,1,19,0
4161.08,364,70,23,0,2,4,5.5,0,1,1,8,0
246.23,293,29,3,0,2,2,12.39,1,0,1,21,0
2628.21,51,38,7,0,3,6,4.11,1,1,1,14,0
6171.33,203,8,5,3,5,9,6.04,1,1,1,15,1
539.35,325,63,4,0,2,4,41.67,1,1,1,20,0
9629.36,379,15,23,0,2,5,17.84,1,0,1,15,0
2749.07,340,105,33,0,2,6,16.92,1,1,1,7,0
893.36,112,48,7,0,2,4,6.43,1,1,1,20,0
1709.97,116,49,7,0,1,2,20.02,1,1,1,21,0
3160.0,481,146,4,0,2,8,29.69,1,1,1,22,0
1950.82,133,10,4,0,2,8,33.18,1,1,1,18,0
3098.76,436,45,7,0,4,6,13.96,1,1,1,13,0
720.05,95,28,15,0,2,3,9.02,1,1,1,11,0
2141.71,164,203,9,0,2,5,2.67,1,1,1,8,0
439.78,35,94,15,0,2,3,19.33,1,1,1,15,0
1617.72,157,85,21,0,4,7,10.41,1,1,1,17,0
732.23,101,13,22,0,2,3,7.16,1,1,0,13,0
866.51,263,16,8,0,2,9,1113.32,0,1,1,21,1
6223.53,261,1,25,0,1,3,42.93,1,1,1,4,0
5384.66,233,61,3,0,4,8,40.01,1,1,0,21,0
3324.71,105,27,12,0,1,4,6.37,0,1,1,9,0
606.49,356,22,5,0,1,2,6.37,1,0,1,8,0
1317.63,183,60,23,0,3,5,11.23,1,1,1,11,0
6082.05,276,105,27,0,5,7,15.88,1,1,1,15,0
2083.32,341,8,5,0,2,3,36.51,1,0,1,11,0
18385.72,197,150,14,0,2,3,8.49,1,0,1,4,0
2679.32,66,2,8,0,2,6,14.04,1,1,1,9,1
2190.86,211,5,6,0,1,6,16.26,1,0,1,19,0
1327.28,158,109,16,0,1,3,5.27,1,1,1,14,0
2066.35,98,40,8,0,1,7,49.94,1,0,1,18,0
1552.36,408,168,17,0,5,7,956.98,1,1,1,9,0
3670.59,147,37,5,0,3,8,9.18,1,1,1,9,1
4706.51,252,156,7,0,5,9,10.92,1,1,1,23,0
823.87,289,16,4,0,2,5,3.36,1,1,1,6,0
477.6,211,57,15,0,3,8,1121.65,1,0,1,18,1
288.24,136,311,4,0,2,6,5.42,0,0,1,10,0
3004.88,60,28,5,0,2,6,1.64,1,1,1,4,1
599.82,232,1,5,0,1,4,46.39,1,0,1,6,0
210.0,148,3,9,0,2,6,18.87,1,1,1,7,0
2666.65,473,117,15,0,1,2,8.59,1,1,1,20,0
21872.81,114,40,4,0,1,6,13.95,1,1,1,17,0
1797.1,36,46,4,0,2,2,8.67,1,0,1,8,0
4181.77,79,96,4,0,5,8,24.6,1,0,1,19,0
1962.22,340,100,23,0,5,10,25.46,1,1,1,14,0
1637.8,295,38,8,0,4,6,77.08,1,0,1,19,1
4532.72,406,117,2,0,2,3,27.6,1,1,1,22,0
1352.52,160,37,14,0,2,9,10.57,0,1,1,13,0
2362.3,272,67,15,0,3,3,75.52,1,0,1,6,0
2494.14,205,2,3,0,2,4,5.27,1,0,1,8,0
926.96,120,8,3,0,2,9,1.44,1,0,1,13,0
4875.81,182,114,12,0,4,6,5.46,0,1,1,16,0
1517.83,141,22,25,0,1,4,13.43,1,1,1,15,0
849.17,392,24,5,0,4,10,5.69,0,1,1,4,0
3091.8,119,65,5,0,2,5,864.3,1,1,1,13,0
736.22,426,53,12,0,1,2,0.62,1,1,1,16,0
1859.72,114,5,3,0,2,5,8.37,1,0,1,20,1
1791.63,141,87,12,0,1,3,965.68,1,1,0,22,0
5355.59,188,57,7,0,3,4,17.86,1,1,1,1,0
2906.48,111,115,1,0,1,5,1029.85,1,1,1,19,0
1763.35,187,46,22,0,2,7,28.95,1,1,1,19,0
4096.0,203,32,2,0,2,5,18.91,1,1,1,17,0
7260.53,380,27,17,0,1,5,6.86,1,1,1,13,0
3158.37,36,1,7,0,1,4,4.43,1,0,1,11,0
1826.86,115,2,10,0,1,3,11.51,1,1,1,0,0
486.95,459,8,3,0,1,4,17.42,1,1,1,20,0
623.21,139,159,10,0,2,7,13.19,1,0,1,17,0
1332.45,139,127,29,0,2,3,567.48,1,1,1,4,0
982.88,110,41,3,0,2,7,12.03,1,1,1,15,0
1499.71,269,11,6,0,3,7,35.6,1,0,1,14,0
1913.42,57,9,10,0,5,9,29.17,1,1,1,15,0
3070.8,225,17,8,0,2,4,7.75,1,1,1,10,0
1684.97,499,143,18,0,4,6,8.62,1,0,1,9,0
2940.99,46,44,10,0,3,8,101.76,1,0,1,15,0
1928.45,271,97,5,0,2,6,3.71,1,1,0,17,0
250.77,76,42,14,0,2,3,1219.54,1,1,1,1,1
706.74,233,56,2,0,2,3,3.09,1,1,1,17,0
1565.42,221,56,7,0,4,6,12.24,1,0,1,20,1
539.32,282,1,4,0,1,1,85.22,1,1,1,15,0
3294.23,127,35,6,0,2,4,55.57,1,0,1,9,0
8356.13,132,119,8,0,2,7,17.69,1,1,1,5,0
6116.6,287,40,29,0,2,5,19.73,1,0,1,12,0
1460.53,127,34,6,0,3,6,1321.79,1,1,1,17,1
8028.28,307,44,10,0,2,2,0.93,1,0,1,13,0
2097.85,27,28,3,0,2,4,12.75,1,0,1,8,0
1290.67,213,43,4,0,1,3,28.27,1,1,1,6,0
979.06,295,8,8,0,4,6,9.87,1,1,1,19,0
1336.13,160,206,4,0,2,5,1.75,1,1,1,12,0
1226.38,389,2,3,0,1,4,30.52,1,1,1,10,0
2143.97,130,39,1,0,3,8,1.84,1,0,1,22,0
2122.98,208,14,4,0,4,4,41.8,1,1,1,20,0
1813.56,326,3,3,0,4,6,28.15,1,1,1,20,0
2798.78,82,63,5,0,2,6,17.43,0,1,1,7,0
5947.02,343,252,15,0,2,5,26.2,0,1,1,10,0
4672.99,223,83,17,0,3,5,14.12,1,0,1,13,0
409.57,107,17,14,0,3,5,15.02,1,1,1,8,0
140.62,177,40,19,0,1,4,959.84,1,1,1,21,0
4602.34,100,3,4,0,1,3,0.7,1,0,1,8,0
460.87,258,45,6,0,3,4,15.68,1,1,1,22,0
1444.09,152,6,20,0,4,7,3.44,1,1,1,7,0
561.09,140,94,10,0,3,3,3.92,1,1,1,10,0
298.28,263,3,3,0,2,6,45.18,1,1,1,16,0
3107.15,158,1,3,0,3,5,13.56,1,1,1,15,1
3862.83,183,118,1,0,3,7,23.65,1,1,1,13,0
1015.86,175,171,0,0,2,2,1.36,0,1,1,14,0
135.5,34,5,2,0,4,4,25.72,1,1,1,19,0
1047.07,65,19,1,0,3,5,18.1,1,1,1,11,0
2675.27,116,81,4,0,1,4,10.13,1,1,1,14,0
412.03,122,46,8,0,3,7,2.19,1,1,1,10,0
2171.9,32,178,17,0,4,6,5.35,0,0,1,10,0
1780.57,183,29,15,0,1,8,6.04,1,1,1,11,0
3226.95,166,1,1,0,3,5,2.23,0,1,1,21,0
2037.71,196,1,21,0,1,4,14.97,1,1,1,14,0
683.3,146,49,21,0,1,3,10.64,0,1,1,13,0
5982.37,418,83,22,0,2,7,73.65,1,0,1,15,0
1542.98,244,93,5,0,5,7,24.27,1,1,1,7,0
1759.34,450,145,6,0,3,6,6.03,1,0,1,15,0
711.04,82,15,7,0,1,8,3.7,1,0,1,16,0
1160.63,143,80,1,0,2,3,938.96,1,1,1,21,1
746.35,123,105,16,0,1,6,1138.55,1,1,1,12,0
1520.89,54,108,4,0,1,4,15.86,1,1,1,13,0
10013.69,160,31,3,0,5,8,41.12,1,0,1,16,1
458.56,30,59,18,0,2,6,18.04,1,1,1,13,0
360.12,256,48,5,0,1,3,25.7,1,0,1,23,0
7872.81,360,54,6,0,4,7,4.55,1,1,1,11,0
1466.56,154,19,9,0,3,7,23.66,1,0,1,18,0
926.05,195,68,12,0,3,8,2.78,1,1,1,18,0
5114.86,362,74,3,0,1,6,19.3,1,1,1,15,0
986.72,94,13,3,0,3,6,9.03,1,1,1,11,0
11226.25,54,35,3,0,2,10,6.61,1,0,1,15,1
3561.46,29,32,3,0,1,2,8.34,1,1,1,7,0
1109.97,101,82,13,0,3,8,5.51,1,1,1,15,0
15635.64,113,65,2,0,3,4,9.39,1,1,1,16,0
986.62,268,38,29,0,4,5,2.84,0,1,1,12,0
3797.49,68,63,12,0,3,7,15.79,1,1,1,8,0
2438.88,52,18,8,0,1,2,2.51,0,0,1,13,0
6645.81,297,15,14,0,2,2,1435.18,1,0,1,12,1
8617.16,119,16,4,0,3,6,16.65,0,1,1,6,1
1866.84,196,1,6,0,3,7,88.22,1,1,1,18,0
851.14,278,70,19,0,1,1,1.14,1,1,1,11,0
2863.99,691,255,3,0,5,10,14.84,0,0,1,9,0
918.08,226,22,8,0,2,4,55.79,1,0,1,12,0
13539.78,110,159,2,0,1,4,2.58,0,1,1,14,0
2072.55,293,55,23,0,3,6,6.28,1,0,1,10,0
1254.73,89,15,43,0,3,8,23.77,1,0,1,17,0
2174.77,360,1,6,0,2,4,26.62,1,1,1,11,0
470.07,105,77,9,0,2,4,9.79,1,0,1,15,0
684.29,78,71,12,0,3,5,6.39,1,1,1,11,0
6005.4,181,15,11,0,4,7,2.21,1,1,1,22,0
937.4,222,24,46,0,1,4,7.9,1,1,1,10,0
634.66,80,136,4,0,5,11,7.44,1,1,1,9,0
3092.25,116,10,15,0,1,2,97.41,1,0,1,18,0
5917.71,238,108,1,0,1,3,55.74,1,1,1,13,0
3710.62,199,11,9,0,5,6,10.04,0,0,1,7,1
4895.38,229,39,4,0,3,6,3.15,1,0,1,18,0
848.28,364,41,32,0,3,4,7.59,1,0,1,16,0
436.24,213,38,1,0,1,7,23.42,1,0,1,14,0
8113.9,425,20,7,0,2,6,0.25,1,1,1,5,0
1309.39,304,17,4,0,4,9,92.44,1,1,1,6,0
1406.93,118,79,3,0,5,6,22.87,1,0,1,21,0
6823.95,374,19,11,0,5,8,12.91,1,0,1,16,0
3153.38,208,56,9,0,3,6,1.54,1,1,1,13,0
2852.32,340,112,15,0,1,6,1233.2,1,1,1,14,0
15756.41,232,108,4,0,4,7,1.7,1,1,1,15,1
950.02,488,10,5,0,2,7,1527.71,1,1,1,19,1
4572.61,78,63,4,0,1,6,8.11,0,1,1,18,0
1914.12,153,55,15,0,4,7,21.81,1,1,1,16,0
2365.14,259,19,10,0,3,6,6.25,1,1,1,7,0
8337.08,194,29,9,0,3,6,2.01,1,1,1,15,0
3004.41,90,20,16,0,1,4,4.73,1,1,1,19,0
3097.33,459,46,2,0,2,2,1494.73,1,1,1,22,1
5284.36,168,97,2,0,1,3,18.8,1,1,1,11,0
1255.2,320,125,16,0,3,5,4.86,1,1,1,12,0
781.17,247,76,8,0,2,5,1.91,1,1,1,17,0
636.0,287,39,12,0,4,5,27.79,1,0,1,11,0
253.06,74,190,15,0,2,8,1199.48,1,0,1,18,0
14132.14,172,49,17,0,4,6,24.36,1,1,1,21,0
599.92,291,39,19,0,4,8,29.73,1,1,1,15,0
1449.17,318,116,21,0,2,2,27.16,1,0,1,20,0
1370.85,301,12,13,0,2,6,1135.29,0,1,0,8,1
2458.75,105,10,3,0,1,3,66.22,0,1,1,13,0
4087.7,47,91,4,0,2,6,121.58,1,0,1,14,0
4274.72,67,122,2,0,1,5,1.58,1,1,1,11,0
1009.21,178,4,17,0,3,5,26.45,1,1,1,12,0
1529.78,190,86,11,0,2,4,21.02,1,1,1,22,0
2398.45,178,33,4,0,3,6,45.78,1,0,1,12,0
1409.95,76,72,9,0,2,7,27.85,1,1,1,15,0
9021.32,121,8,4,0,2,5,5.6,1,1,1,9,0
2954.18,456,216,6,0,2,4,2.52,1,0,1,7,0
3770.18,223,127,15,0,3,7,7.72,1,1,1,11,0
3508.28,170,31,9,0,4,5,32.58,1,1,1,20,0
5845.77,450,134,3,0,2,4,14.36,0,1,1,19,0
2166.83,513,135,8,3,3,5,23.53,1,0,1,4,1
494.31,130,37,33,0,2,3,13.4,0,1,1,14,0
2696.44,224,176,5,0,3,9,40.07,1,1,1,14,0
942.6,56,225,9,3,1,4,11.3,1,0,1,18,1
1065.7,44,14,2,0,1,3,5.02,1,1,1,15,0
3249.85,152,4,5,0,3,5,54.88,1,1,1,4,0
6237.18,72,24,4,0,5,7,9.81,1,1,1,8,1
1846.91,121,40,8,0,2,4,10.11,1,0,0,20,0
2462.26,211,5,22,0,1,4,17.32,1,1,1,11,0
9919.07,396,9,29,0,3,5,1.17,1,0,1,16,0
2300.2,228,213,1,0,3,6,3.24,1,1,1,23,0
24384.02,131,80,12,0,3,4,68.52,1,0,1,6,1
3182.78,530,124,12,0,3,6,27.03,1,1,1,19,0
310.83,187,212,29,0,3,3,5.24,1,1,1,19,0
3840.44,321,28,13,0,2,4,7.34,0,0,1,22,0
2646.94,338,69,6,0,2,2,0.56,1,1,1,21,0
6566.61,169,12,7,0,2,3,652.92,1,1,1,20,0
3544.6,19,48,15,0,2,3,29.84,1,1,1,8,0
1574.27,111,14,18,0,2,6,25.78,1,1,1,13,0
531.5,115,10,7,0,3,5,4.8,0,1,1,10,0
1467.0,173,6,9,0,1,4,22.48,1,0,1,19,0
772.38,149,52,1,0,2,7,0.07,1,1,1,9,0
1011.79,154,179,0,3,3,6,72.76,1,1,1,21,1
3257.05,180,7,18,0,1,3,4.53,1,1,1,18,0
9603.71,203,41,2,0,2,3,4.63,1,0,1,10,0
2682.95,46,69,4,0,5,8,29.55,1,1,1,12,0
546.82,201,41,10,1,3,6,10.9,0,1,1,7,1
2820.31,272,145,6,0,2,7,21.33,1,0,1,23,0
5982.73,535,10,2,0,2,3,9.11,0,1,1,8,0
982.61,196,1,3,0,5,9,5.17,1,1,1,14,0
1581.27,309,28,27,0,2,6,18.04,1,1,1,13,0
1834.8,257,48,29,0,2,12,23.84,1,0,1,11,0
824.77,102,17,16,0,3,8,17.31,1,1,1,16,0
3457.43,204,11,3,0,2,6,1.24,1,1,1,7,0
1602.07,427,98,5,0,2,6,35.3,1,1,1,21,0
2750.48,413,12,2,0,2,5,8.83,1,1,1,10,0
744.35,413,35,22,0,3,7,18.11,1,0,1,18,0
1167.41,785,185,5,0,2,3,2.63,1,1,1,13,0
3723.36,270,56,2,0,2,9,7.2,1,1,1,21,0
1245.34,133,41,1,0,1,6,11.0,1,1,1,15,0
10167.62,274,26,9,0,2,4,7.08,1,1,1,10,0
1212.41,91,44,20,0,2,3,3.75,1,0,1,10,0
2263.54,245,79,4,0,1,5,9.49,1,1,0,10,0
4594.39,87,103,7,0,2,6,34.99,0,1,1,18,0
437.74,110,62,15,1,4,8,3.45,1,0,1,8,1
310.81,42,93,7,0,2,5,10.62,0,1,1,6,0
393.21,234,5,31,0,2,6,12.25,1,1,1,20,0
6390.6,400,1,1,0,2,4,24.28,1,0,1,8,0
1041.21,197,79,2,1,4,9,77.76,0,1,1,10,1
23346.43,180,18,4,0,2,4,1.1,1,1,1,11,1
1028.39,116,126,10,0,2,2,9.1,1,1,1,9,0
2174.49,328,46,10,0,3,6,4.06,1,1,1,13,0
8451.59,362,39,11,0,2,8,1.57,1,1,1,16,0
13441.37,58,88,22,0,4,5,131.79,1,1,1,9,0
14207.19,208,81,9,0,1,5,137.87,1,0,1,17,0
6053.34,320,73,23,0,2,6,12.25,1,1,1,7,0
5034.46,132,70,1,0,4,9,6.51,1,1,1,16,0
3269.94,51,43,12,0,2,8,15.45,1,1,1,19,0
3937.74,84,156,14,2,1,3,127.31,1,1,1,11,1
1041.91,440,132,4,0,3,5,9.88,1,0,1,12,0
797.75,354,23,6,0,5,8,23.36,0,1,1,16,0
1801.95,382,97,16,0,1,5,23.31,1,1,1,12,0
1525.1,67,133,8,0,1,3,35.2,1,1,1,16,0
1149.14,319,57,15,0,3,4,6.48,1,0,1,12,0
3627.82,457,48,5,0,2,4,11.95,0,0,1,14,0
4699.94,111,66,13,0,1,4,7.31,1,1,1,17,0
1975.16,158,10,11,3,1,4,16.93,1,1,1,10,1
7923.04,214,5,6,0,1,5,15.4,1,0,1,18,0
577.27,238,102,9,0,3,6,16.07,1,0,1,18,0
1489.72,137,51,13,0,1,5,2.54,1,1,1,8,0
882.87,342,7,16,0,3,6,8.99,1,1,1,18,0
279.63,263,32,12,0,1,5,12.28,1,1,1,19,0
1664.57,95,21,6,0,1,2,26.44,1,1,1,10,0
1600.79,328,124,2,0,3,7,4.54,1,1,1,23,0
8212.8,166,42,15,0,1,2,68.02,1,1,1,8,0
3397.56,270,51,4,0,4,7,0.9,1,1,1,16,0
649.25,101,16,2,0,1,3,1.73,1,1,1,18,0
11545.98,106,96,6,0,3,7,17.73,1,1,1,11,0
6130.51,47,159,4,0,3,6,2.79,1,1,1,9,0
3236.01,369,94,46,0,3,4,3.2,1,0,1,15,0
1441.61,308,40,8,0,2,5,21.37,1,1,1,16,0
692.67,215,108,28,0,3,9,89.88,1,0,1,14,0
1246.12,65,12,18,0,3,8,11.58,0,1,1,3,1
5370.89,407,7,3,0,3,5,13.77,0,1,1,11,0
11903.48,267,34,15,0,2,6,17.85,1,1,1,9,0
8461.18,137,12,6,0,3,6,284.97,1,1,1,20,1
1108.93,228,17,4,0,3,9,13.85,0,1,1,16,0
590.15,163,52,10,0,1,7,91.82,0,0,1,9,0
2081.59,267,31,9,0,5,7,4.46,1,0,1,11,0
308.45,89,120,15,0,3,5,7.94,1,1,1,16,0
2497.81,31,15,3,0,3,6,59.99,1,1,1,17,1
1559.93,251,344,16,0,2,6,34.19,1,0,1,18,0
1134.52,277,26,4,0,1,5,13.0,1,1,1,21,0
366.98,47,43,25,0,5,8,17.84,1,0,1,9,0
3021.78,20,8,4,0,2,7,0.25,1,0,1,7,1
1061.35,217,51,5,0,3,8,0.03,1,1,1,13,0
561.2,257,195,10,0,4,6,29.26,1,1,1,12,0
102.28,159,83,1,0,4,10,4.52,0,1,1,7,0
1758.97,93,16,9,0,4,11,1.11,1,1,1,14,0
10638.68,537,35,28,0,2,5,0.97,1,1,1,14,0
9521.04,243,33,3,0,2,9,13.49,1,1,1,6,0
1144.71,366,6,6,0,4,6,12.42,1,1,1,11,0
990.08,77,130,11,0,2,5,57.37,1,0,1,13,0
2889.31,400,28,26,0,5,6,8.19,1,0,1,21,0
666.22,237,40,4,0,2,4,31.58,0,1,1,15,0
2444.98,504,20,19,0,2,4,5.65,1,0,1,10,0
3889.67,270,9,15,0,2,6,23.1,1,0,0,9,1
6166.79,195,139,14,0,4,7,11.85,1,1,1,6,0
1635.73,173,2,14,0,2,5,1409.87,1,0,1,9,1
1474.87,114,30,4,0,2,5,25.45,1,1,1,17,0
751.46,174,78,5,0,2,7,25.09,1,1,1,20,0
790.86,273,22,19,0,1,4,7.59,1,0,1,10,0
1441.62,303,35,3,0,2,10,8.74,1,1,1,12,0
2610.68,101,49,10,0,1,3,1383.6,1,1,1,18,1
4507.89,59,318,5,0,4,5,20.92,0,0,1,17,0
809.83,224,85,17,0,1,2,6.92,1,1,1,10,0
8044.05,45,204,2,0,3,4,10.9,1,1,1,12,0
1378.67,176,70,16,0,1,4,650.54,1,1,1,12,0
1769.82,66,18,12,0,2,2,18.39,1,1,1,13,0
856.44,296,20,14,0,2,5,53.81,1,1,1,22,0
160.09,137,103,6,0,3,6,12.72,1,1,1,21,0
4376.68,149,33,28,0,1,3,24.25,1,1,1,14,0
3777.6,55,27,4,3,1,3,5.02,1,1,1,16,1
1364.68,344,174,20,0,2,3,21.91,1,1,1,11,0
1933.31,209,1,24,0,1,2,0.79,1,1,1,22,0
3028.85,214,44,17,0,2,6,1070.62,1,1,1,12,1
378.97,68,89,15,0,3,7,11.37,1,1,1,8,0
1065.23,41,79,19,0,3,6,3.52,1,1,1,5,0
4000.86,100,27,4,0,2,2,12.05,1,0,1,16,1
515.8,134,46,4,0,1,2,64.92,1,1,1,10,0
2424.93,98,1,17,0,5,8,80.24,1,1,1,2,1
465.64,506,45,5,0,2,4,1214.94,1,1,1,4,1
2882.55,350,53,17,0,3,10,37.81,1,0,1,18,0
1744.74,179,124,13,0,3,7,0.14,1,0,1,20,0
359.56,106,14,2,0,3,7,1.7,1,1,0,16,1
5794.93,79,104,13,0,1,3,7.95,1,0,1,13,0
867.32,174,75,26,0,1,3,20.95,1,1,1,16,0
804.12,218,65,0,0,3,4,1.46,1,0,1,11,0
2209.61,129,30,8,0,3,4,3.89,0,0,1,17,1
5702.37,239,27,5,0,4,8,30.37,0,1,0,10,1
654.7,122,72,4,0,2,4,44.73,1,1,1,21,0
1923.07,78,277,6,0,5,9,8.14,1,1,1,0,0
2776.14,239,31,8,0,3,7,30.41,1,0,1,11,0
3615.93,40,150,24,0,1,2,21.64,0,1,1,11,0
2156.93,58,52,7,0,2,6,43.06,1,0,1,19,0
1252.59,89,121,3,0,2,5,23.76,1,1,1,10,0
790.3,115,14,2,0,5,13,51.3,1,0,1,17,1
1970.7,274,86,5,0,2,4,1.41,1,1,1,16,0
618.85,56,108,10,0,4,6,5.88,1,1,1,14,0
97.38,149,107,0,0,2,4,634.05,1,0,1,9,0
2797.72,220,92,8,0,2,4,1468.91,0,1,1,18,1
4464.6,208,21,3,0,2,5,8.42,1,1,1,14,0
170.22,274,44,3,0,4,6,16.62,1,0,1,15,0
658.7,153,21,4,0,1,5,9.38,1,1,1,11,0
3358.18,113,25,23,0,4,6,1.81,1,0,1,20,0
14150.36,383,21,9,0,5,7,14.63,1,0,1,11,0
1846.03,110,20,6,0,3,10,13.15,1,0,1,14,1
873.05,99,70,7,0,3,7,5.58,1,0,1,9,0
1505.84,93,63,3,0,2,3,12.12,1,0,1,9,0
7150.06,91,13,3,0,3,9,1181.45,1,1,1,7,1
947.7,438,70,12,0,2,3,1.28,1,0,1,19,0
813.06,482,20,5,0,3,5,12.7,1,0,1,16,0
1115.72,295,13,1,0,1,6,596.76,1,0,1,11,0
696.92,245,82,12,0,2,5,0.85,0,1,1,16,0
2044.01,99,27,4,0,2,5,1.24,1,1,1,0,1
9179.05,128,50,1,0,2,6,13.49,1,0,1,7,0
2497.58,49,13,8,0,1,3,3.94,1,0,1,10,0
1404.79,150,57,12,0,2,4,2.49,1,0,1,3,0
1350.44,63,13,27,0,1,2,1486.79,1,1,1,21,1
378.72,198,10,0,0,1,4,31.55,1,0,1,20,1
4372.59,105,29,12,0,2,12,0.12,1,0,1,13,1
1672.65,209,93,16,0,5,7,6.49,1,1,1,22,0
1509.48,92,11,43,0,3,5,12.41,1,0,1,11,0
44051.19,42,7,19,0,2,5,11.92,1,1,1,8,1
2437.56,81,1,19,0,5,8,66.21,1,1,1,20,0
852.53,221,32,19,0,3,4,6.8,1,1,1,9,0
1180.44,231,19,5,0,1,4,30.62,1,0,1,7,0
5701.28,216,20,7,0,1,3,12.86,1,1,1,12,0
2024.89,197,240,8,0,2,5,55.89,1,1,1,12,0
429.11,179,12,4,0,3,7,1.13,1,1,1,22,0
4533.41,263,36,13,0,3,6,44.57,0,1,1,9,0
926.91,20,257,9,1,1,4,5.37,1,0,1,10,0
11769.87,426,1,18,0,3,4,9.37,1,0,1,17,0
5324.36,147,71,5,0,2,3,62.0,1,0,1,8,0
1155.95,265,27,2,0,2,4,4.35,1,1,1,11,0
6509.49,170,141,3,0,2,4,4.71,1,1,1,19,0
1934.99,103,145,3,0,2,5,20.7,1,0,1,11,0
4241.93,140,29,7,0,1,2,1.17,1,1,1,10,0
2935.79,78,15,15,0,3,5,37.63,1,1,1,16,1
775.6,88,33,18,0,2,5,19.63,1,1,0,18,0
949.99,237,201,1,0,1,6,42.01,1,1,1,14,0
5064.25,199,19,34,0,1,4,2.74,0,1,1,21,0
1293.65,38,238,0,0,4,5,5.47,1,1,1,16,0
1207.55,90,102,2,0,3,7,13.87,1,0,1,17,0
695.67,147,18,11,0,4,11,11.79,1,1,1,19,0
2761.69,170,93,5,0,2,5,287.75,0,1,1,18,0
14221.71,526,3,3,0,3,7,8.28,1,1,1,9,0
621.71,196,47,2,0,2,5,48.84,1,1,1,10,0
1852.37,33,26,3,0,2,6,17.09,1,1,1,19,0
7422.12,176,33,3,0,1,2,75.48,1,1,1,11,0
1669.63,65,38,9,0,2,5,15.86,1,0,1,9,0
2842.31,152,41,14,0,4,6,890.76,1,1,1,7,1
624.91,555,64,3,0,1,1,6.4,1,1,1,19,0
2774.73,122,71,7,0,4,5,1.6,1,1,1,9,0
1499.45,303,223,7,0,2,7,29.15,1,1,1,23,0
4845.13,175,86,9,0,2,6,18.16,1,1,1,9,0
5927.67,414,69,5,0,1,5,65.44,0,1,1,20,0
24090.28,248,29,9,0,2,8,4.68,1,1,1,13,0
3228.05,328,7,4,0,2,7,553.71,1,1,1,10,0
2504.38,219,3,22,0,2,3,30.53,1,0,1,10,0
2195.98,121,38,4,0,4,6,23.73,1,0,1,23,0
1270.08,385,66,7,0,1,5,7.07,1,0,1,14,0
2536.36,204,63,6,0,2,6,2.01,1,1,1,18,0
1345.6,127,183,8,0,2,5,21.83,1,1,1,13,0
2139.79,103,28,16,0,1,5,6.61,1,0,1,8,0
6752.02,209,59,44,0,6,11,11.67,1,1,0,11,0
660.8,345,131,4,1,1,4,4.08,1,1,1,12,0
5652.64,232,31,5,0,3,7,2.56,1,1,1,16,0
6748.77,134,38,2,0,1,6,13.56,1,1,1,17,0
1606.69,226,153,10,0,4,8,42.39,1,1,1,12,0
216.62,285,47,2,2,3,9,1248.77,1,0,1,20,1
984.54,47,96,20,0,2,5,16.25,1,0,1,18,0
6614.34,65,164,29,0,4,11,1.47,1,0,1,17,0
1767.17,268,50,13,0,1,2,13.77,1,1,1,20,0
665.61,63,6,10,0,1,6,36.36,1,1,1,1,0
1091.41,152,103,3,0,4,5,43.11,1,0,1,18,0
4190.69,187,102,20,0,1,3,49.5,1,1,1,7,0
3123.58,82,7,1,0,1,3,41.78,1,1,1,12,0
1423.78,156,47,13,0,2,6,40.21,1,0,1,23,0
1252.85,189,40,4,0,2,2,31.78,1,1,1,15,0
1222.0,354,112,12,0,2,4,24.61,1,0,1,10,0
718.8,332,19,3,0,3,3,26.86,1,0,1,8,0
9094.05,208,33,1,0,3,7,12.67,1,0,1,4,0
1309.87,113,55,6,0,5,9,23.62,1,1,1,12,1
6106.8,336,43,15,0,1,8,11.23,1,1,1,7,0
8277.66,343,186,13,0,2,7,20.62,1,1,1,8,0
4906.47,101,194,18,0,1,2,42.74,1,1,1,11,0
1174.24,196,5,6,0,3,5,2.15,1,1,1,12,0
2707.36,127,21,17,0,2,3,12.1,1,1,1,18,0
1764.82,213,1,7,0,2,3,12.3,0,1,1,9,0
732.38,96,32,2,0,2,9,0.59,1,1,1,10,0
2500.78,283,65,3,0,2,4,12.71,1,0,1,22,0
556.11,214,38,3,0,4,9,1035.44,1,0,1,9,1
5929.41,96,4,4,0,1,4,12.19,1,1,1,6,0
1136.13,268,13,8,0,2,2,15.71,1,1,1,16,0
2210.91,112,11,17,0,2,10,19.1,1,1,1,9,0
2400.15,39,42,17,0,3,7,23.29,1,0,1,2,1
1395.62,81,67,7,0,1,1,409.08,1,1,1,21,0
3250.92,302,22,11,0,2,5,24.7,1,1,1,18,0
1124.5,443,8,6,0,5,13,19.18,1,1,1,10,0
4321.24,450,96,1,0,2,5,17.8,1,1,1,20,0
470.61,117,117,17,0,2,7,6.15,1,1,1,0,0
2051.61,152,19,12,0,1,1,8.73,0,1,1,15,0
12568.25,129,32,1,3,2,8,11.3,1,0,1,8,1
664.92,171,5,14,0,6,8,5.36,1,1,1,17,1
918.05,61,15,12,0,4,4,18.63,1,1,1,19,0
3022.71,120,87,3,0,2,4,47.28,1,0,1,15,0
2163.71,197,27,10,0,1,5,14.12,1,0,1,20,0
2567.35,303,55,29,0,2,5,9.99,1,1,1,17,0
2948.9,208,175,10,0,2,5,25.05,1,1,1,13,0
3410.87,147,77,11,0,4,6,7.54,1,1,1,15,0
5484.6,83,36,7,0,1,3,36.15,1,1,1,5,0
2723.9,314,27,13,0,1,2,2.66,1,1,1,0,0
1420.47,55,12,13,0,1,4,1.42,1,1,1,17,0
3542.45,64,84,15,0,2,5,27.17,1,1,1,17,0
12086.95,250,7,9,0,1,2,9.0,1,0,1,6,0
1583.46,272,3,6,0,2,5,288.67,1,0,1,14,0
682.3,19,6,11,0,1,5,48.74,1,1,1,18,0
5470.26,148,16,19,0,4,5,18.77,1,1,1,13,1
1602.98,33,59,0,0,1,4,13.94,1,1,1,13,0
205.89,154,118,10,0,2,11,17.09,1,1,1,0,0
4219.29,133,294,30,0,1,2,1.0,1,1,1,18,0
1058.57,387,78,10,0,2,6,473.34,1,1,1,13,0
1651.55,228,9,26,0,5,8,4.41,1,1,1,9,0
2519.91,233,19,6,0,1,2,29.32,1,0,1,17,0
2187.47,349,8,11,0,2,4,48.64,1,1,1,6,0
3675.53,357,7,11,0,1,6,6.46,1,1,1,16,0
1169.71,189,50,9,0,7,11,2.71,1,1,1,16,1
3020.28,110,142,47,0,4,8,9.78,0,0,1,17,0
1394.73,293,69,7,2,2,3,0.7,0,0,1,8,1
3785.04,284,96,5,0,2,6,1230.79,1,1,1,16,0
3345.49,249,42,7,0,2,5,2.03,1,1,1,14,0
709.5,189,38,1,0,1,3,48.25,1,1,1,13,0
5356.05,153,166,11,0,3,6,1196.92,1,1,1,0,1
1057.9,358,76,3,0,1,4,485.32,0,0,1,12,0
4056.43,132,36,0,0,1,5,885.85,1,1,1,12,0
2610.47,106,24,5,0,2,4,38.15,1,1,1,7,0
11363.75,146,5,10,0,4,6,23.09,0,0,0,8,1
1445.97,94,103,5,0,6,8,24.05,1,1,1,9,1
1274.98,285,11,5,0,1,3,17.2,1,1,1,11,0
1773.27,189,43,4,0,3,8,14.23,1,1,1,9,0
1335.18,35,60,38,0,2,4,1.96,1,0,1,20,0
4023.64,228,81,11,0,3,5,7.12,1,1,1,9,0
359.13,150,5,10,3,2,5,0.64,1,1,1,10,1
630.38,174,1,7,0,1,3,0.89,1,0,1,10,0
621.54,204,73,6,0,2,5,6.74,1,1,1,12,0
4676.51,122,36,8,0,3,7,42.87,1,1,1,2,0
10002.73,105,11,0,0,1,7,28.92,0,1,1,20,1
1628.72,249,241,19,0,1,2,3.61,1,1,1,1,0
1527.18,71,94,17,0,1,5,11.01,1,0,1,17,0
1939.24,86,51,2,0,3,3,8.48,1,1,1,15,0
5778.38,101,72,1,0,5,7,15.69,1,1,1,13,0
715.26,311,10,6,0,1,6,499.23,1,1,1,18,0
2294.73,367,196,5,0,3,6,48.09,1,0,1,22,0
4794.37,100,337,21,0,1,6,410.66,1,0,1,19,0
2984.22,88,62,12,0,4,6,7.47,1,1,1,23,0
2185.46,187,66,9,0,3,7,13.39,1,1,1,15,0
4919.91,150,73,9,0,2,7,208.96,1,1,1,9,0
121.12,288,65,9,0,2,4,7.88,1,1,1,11,0
3561.28,237,34,4,0,2,7,3.62,1,0,1,13,0
940.04,465,46,3,0,1,7,8.32,1,1,1,12,0
289.85,91,19,3,0,1,3,35.77,1,1,1,16,0
3014.54,285,35,2,0,3,9,6.58,1,1,1,18,0
7141.36,133,34,6,0,2,7,25.26,1,1,1,9,0
1575.85,84,20,8,3,3,4,16.64,1,1,1,11,1
4688.53,131,92,8,0,6,9,23.63,1,1,1,1,1
9065.93,141,31,0,0,1,2,18.88,1,0,1,9,0
6733.93,347,48,11,0,4,4,20.51,1,1,1,16,0
9320.43,51,10,13,0,1,7,4.17,1,1,1,21,0
3797.61,102,38,3,0,2,5,95.01,1,1,1,0,0
1949.71,182,85,11,0,2,6,11.86,1,0,1,17,0
364.32,80,35,3,0,1,6,31.69,0,0,1,20,0
1413.66,438,48,7,3,1,5,18.71,1,0,1,18,1
778.02,479,72,15,0,2,8,1.54,1,1,1,14,0
15850.28,172,29,4,0,4,4,417.1,1,1,1,18,0
1516.43,250,26,12,0,1,5,31.18,1,1,1,19,0
2045.11,395,5,1,0,1,5,1072.57,1,1,1,8,0
3138.45,157,52,3,0,2,3,13.51,1,1,0,9,0
1888.62,241,73,7,0,3,4,16.3,1,0,1,20,0
9848.27,72,52,0,0,3,5,0.88,1,1,1,17,0
970.05,36,20,11,0,1,2,21.23,1,0,1,12,0
2196.47,306,18,6,0,2,4,10.33,1,1,1,22,0
860.51,163,10,10,3,7,7,0.54,1,1,1,12,1
482.98,471,2,15,0,3,7,14.49,0,1,1,14,0
980.66,114,33,1,0,4,7,1019.93,1,1,1,12,1
1742.3,68,10,13,0,4,11,9.79,1,1,1,10,1
1176.97,288,70,5,0,2,5,1131.11,1,1,1,14,0
904.68,448,195,20,0,1,6,26.8,1,0,1,11,0
443.05,73,4,8,0,1,5,513.5,1,0,1,10,1
1663.86,90,134,13,0,2,3,16.87,1,1,1,7,0
401.53,386,64,6,0,1,2,4.99,1,0,1,13,0
3866.31,559,118,6,0,2,5,1333.03,1,0,1,17,0
1963.41,242,10,5,0,3,6,6.3,1,1,1,4,0
420.92,107,142,12,0,3,5,4.42,0,1,1,9,0
1327.15,366,190,8,0,3,7,86.99,0,1,1,18,0
852.22,143,142,7,0,1,4,47.9,1,1,1,2,0
2487.85,109,92,0,0,1,4,3.01,1,1,1,13,0
6908.1,121,5,9,0,3,9,23.33,1,1,1,17,0
277.22,265,14,22,0,3,7,8.99,1,0,1,23,0
2028.45,179,146,8,0,2,5,103.49,1,1,1,13,0
1540.51,233,15,4,2,1,3,19.31,1,1,1,8,1
3538.08,293,25,1,0,2,7,7.75,1,1,1,11,0
2237.68,148,3,15,0,2,5,27.06,0,0,1,19,0
852.38,316,59,25,0,1,4,21.87,0,1,1,22,0
1314.15,174,49,21,0,1,9,1322.58,1,1,1,8,1
815.64,122,195,7,0,3,10,53.07,1,0,1,19,0
5302.89,56,133,11,0,1,4,6.71,1,1,1,13,0
1846.99,144,42,11,0,3,4,10.44,1,1,1,21,0
12102.78,411,56,4,0,3,7,22.42,1,1,1,20,0
1701.63,284,31,6,0,2,5,13.59,1,1,1,11,0
890.33,232,8,5,0,2,4,58.27,1,0,1,20,0
397.93,78,121,21,1,4,9,7.03,1,1,1,23,0
297.93,120,47,4,0,3,9,1.05,1,0,1,16,0
370.87,260,33,12,0,3,4,12.02,0,1,1,11,0
2361.68,301,4,21,0,3,6,7.52,1,1,1,8,0
3007.08,288,65,7,0,4,5,41.77,1,1,1,18,0
371.97,204,30,17,0,3,4,37.22,1,1,1,13,0
4425.06,99,17,14,0,1,3,14.97,1,0,1,19,0
1115.37,301,125,11,0,2,3,12.12,1,1,1,9,0
2093.92,119,12,14,0,2,5,0.48,0,1,1,10,0
9065.4,304,43,22,0,3,5,46.71,1,1,1,14,0
4433.03,144,95,9,0,1,8,856.12,1,0,1,9,0
1382.25,456,113,41,0,4,6,17.26,1,0,1,13,0
741.6,134,102,48,0,3,3,9.75,1,1,1,11,0
210.23,132,136,6,0,1,2,10.26,0,1,1,13,0
880.81,164,9,3,0,2,4,8.48,1,0,1,13,0
1463.92,100,169,2,0,3,7,2.6,1,0,1,9,0
673.72,87,1,2,0,4,6,11.08,0,1,1,18,1
1585.64,97,17,16,0,1,4,19.4,1,1,1,0,0
1952.47,378,5,24,0,5,8,1.18,1,1,1,19,0
1443.96,91,174,0,0,2,5,1.52,1,1,1,18,0
943.88,133,33,2,0,3,8,7.66,1,0,1,16,1
2140.2,590,22,21,0,1,6,10.89,0,1,1,17,0
2812.81,309,10,3,2,1,5,11.93,1,0,1,20,1
607.65,306,10,17,0,5,7,7.15,1,0,1,12,0
7412.57,537,57,27,0,3,5,2.35,1,1,1,8,0
1638.3,161,2,9,0,4,7,20.28,1,1,1,7,0
1842.45,39,54,5,0,2,5,23.74,1,1,1,8,0
3670.98,289,89,13,0,3,4,9.41,1,1,1,6,0
2282.93,150,55,7,0,2,6,18.35,1,1,1,8,0
4689.76,593,105,4,0,5,12,24.5,1,0,1,21,0
2409.38,34,18,2,0,1,2,11.39,0,0,1,14,0
980.01,87,4,10,2,2,4,22.76,1,1,1,16,1
2595.42,116,76,8,0,4,8,2.79,1,1,1,17,0
576.1,163,105,8,0,3,6,12.49,1,1,1,16,0
2015.37,63,41,5,0,6,9,9.84,1,0,1,15,1
1748.95,218,103,6,0,4,7,9.19,1,1,1,6,0
1468.33,111,36,28,0,1,7,28.62,1,0,1,8,0
1589.96,322,13,9,2,3,7,0.91,1,1,1,19,1
275.38,394,38,10,0,2,4,12.1,1,1,1,14,0
1044.48,138,14,5,0,2,7,10.79,1,1,1,17,0
1983.95,242,38,13,0,1,2,36.7,1,0,1,15,0
2121.45,173,9,20,0,2,4,6.55,1,1,1,13,0
646.99,165,12,4,0,3,9,1033.0,1,0,1,14,1
6410.6,59,128,12,0,1,5,13.5,1,1,1,18,0
760.39,159,7,9,0,1,4,25.42,1,1,1,8,0
4766.93,302,15,4,0,2,8,13.88,1,1,1,13,0
2771.64,222,324,1,0,2,3,23.31,1,1,1,17,0
947.45,89,51,10,0,3,6,11.75,1,0,1,5,0
10671.28,59,52,9,0,3,3,9.94,1,1,1,8,0
548.05,155,111,6,0,4,5,17.34,1,1,0,18,0
4533.07,101,44,9,0,4,8,913.96,1,1,1,21,1
4917.63,110,15,8,0,1,6,5.06,1,1,1,16,0
924.62,103,32,7,0,2,3,231.31,1,1,1,1,1
7276.94,175,84,7,0,2,8,68.44,1,1,1,17,0
1408.04,252,123,20,0,3,5,64.62,1,1,1,18,0
2413.16,98,19,4,0,5,8,29.09,1,1,1,14,1
2345.66,95,18,7,0,1,6,90.16,1,1,1,1,0
1580.81,68,23,3,0,1,2,12.77,1,1,1,10,0
4067.6,194,54,16,0,2,8,5.55,1,0,1,7,0
3997.76,298,19,10,0,2,6,26.83,1,0,1,19,0
314.65,160,134,7,0,2,5,650.59,1,0,1,16,0
6663.1,253,229,4,0,3,7,1.36,0,1,1,5,0
342.92,349,68,11,0,2,5,1523.95,1,1,0,11,1
5077.36,203,210,5,0,3,7,1.54,1,0,1,18,0
5578.67,90,20,6,0,2,7,0.78,1,0,1,16,1
607.31,83,101,7,0,2,4,4.75,1,1,1,15,0
1198.93,94,68,11,0,1,8,29.15,1,1,1,18,0
598.42,490,18,3,0,2,6,34.83,1,0,1,11,0
1458.38,575,22,18,0,3,5,25.13,1,1,1,7,0
1328.71,134,40,5,0,4,7,23.46,1,1,1,16,0
3942.86,339,94,4,0,2,4,8.39,1,0,1,6,0
6702.99,377,123,16,0,1,6,2.06,1,1,1,20,0
7300.4,60,60,11,0,2,3,709.0,1,0,1,11,1
1030.53,473,76,18,0,4,6,5.89,1,0,1,22,0
1466.71,146,18,6,0,3,8,3.78,1,0,1,8,0
335.82,141,81,13,0,3,5,13.26,1,1,1,13,0
807.65,70,55,6,0,4,6,2.42,1,1,1,18,0
4745.02,492,15,3,0,5,6,27.94,1,1,1,19,0
9095.93,182,179,28,0,5,10,913.2,1,1,1,15,1
526.18,462,43,15,0,5,9,12.41,1,0,1,19,0
999.78,362,94,10,0,2,4,7.1,1,1,1,9,0
1760.92,136,44,13,0,3,4,16.76,1,0,1,18,0
2392.66,186,162,18,0,2,6,5.92,1,1,1,2,0
804.64,108,9,11,0,3,7,3.79,0,1,1,18,0
2762.97,118,47,7,0,3,6,6.06,1,1,1,16,0
1125.7,230,1,9,0,4,10,68.41,1,1,1,17,0
1782.1,278,13,3,0,1,2,6.35,1,1,1,20,0
3122.17,37,19,10,0,2,9,3.23,1,1,1,17,0
1819.69,38,38,9,0,2,5,55.02,1,1,1,18,0
1168.66,120,102,6,0,4,7,52.49,0,1,1,20,0
1620.34,209,37,6,0,2,3,9.44,1,1,1,10,0
1655.13,380,49,2,0,5,12,14.98,1,1,1,6,0
1248.86,180,154,19,0,4,4,9.49,1,1,1,15,0
1395.77,145,84,12,0,2,6,1.48,1,1,1,17,0
8943.19,250,3,27,0,1,6,64.71,0,0,1,15,0
3168.2,89,11,9,0,3,6,9.52,1,1,1,8,0
1345.5,183,2,3,0,2,5,43.44,1,1,1,8,0
3629.88,158,4,5,0,3,6,4.2,1,1,1,14,1
1294.89,192,24,20,0,1,3,16.15,1,0,1,15,0
5843.73,351,78,2,3,5,8,5.91,1,1,1,10,1
2616.63,44,16,1,0,4,7,10.1,1,1,1,16,1
1624.08,164,29,16,0,3,6,327.52,1,1,1,14,0
2829.11,278,30,6,0,2,5,10.13,0,0,1,20,0
375.83,240,53,23,0,3,6,67.89,1,0,1,12,0
585.95,48,134,18,0,2,3,75.45,0,1,0,14,0
547.89,38,245,11,0,4,6,4.54,1,1,1,17,0
2085.87,265,55,4,0,2,4,35.95,1,1,1,8,0
10224.22,46,42,3,0,4,7,85.23,0,0,1,10,1
16836.43,185,68,15,0,2,8,0.9,1,1,1,20,0
3422.24,337,66,11,2,3,5,46.33,1,1,0,21,1
2983.48,57,44,11,0,3,8,9.64,1,1,1,8,0
298.55,464,80,13,0,2,7,8.03,1,1,1,20,0
1050.82,260,40,13,0,2,4,3.12,1,1,1,10,0
822.39,771,338,10,0,2,3,3.15,1,1,1,13,0
971.8,123,3,9,0,3,8,2.62,0,1,1,7,0
1528.22,391,35,3,0,1,6,43.94,1,1,1,14,0
1127.67,133,30,3,0,1,5,16.83,0,1,1,20,0
249.81,178,88,4,0,2,4,4.23,1,1,1,12,0
3819.64,107,12,21,0,2,5,10.89,0,1,1,19,0
618.48,172,34,4,0,2,4,1.97,1,1,1,18,0
2296.74,309,71,9,0,1,7,7.05,1,0,1,16,0
14387.03,474,55,5,0,2,3,22.1,1,0,1,19,0
720.98,92,47,5,0,1,8,1.97,1,1,1,16,0
143.99,196,34,4,3,3,9,20.12,1,0,1,12,1
1358.31,117,83,23,0,2,5,5.25,1,1,1,14,0
5436.87,203,62,6,0,1,5,12.08,1,1,1,7,0
12814.69,338,124,3,0,3,5,86.76,1,1,1,2,0
528.72,124,79,2,0,3,7,1.22,1,0,1,16,0
2971.13,233,9,11,0,1,3,32.95,1,1,1,8,0
1135.34,87,57,6,0,3,8,8.58,1,1,1,15,0
1626.28,355,2,17,0,3,5,1031.4,1,1,1,9,0
25446.75,284,29,0,0,3,6,29.08,1,1,1,3,1
402.23,99,31,8,0,3,7,7.89,1,1,1,23,0
2330.27,97,115,4,0,3,8,0.01,1,1,1,16,0
2886.19,405,11,16,0,3,3,15.15,1,0,1,9,0
5355.0,556,61,11,0,2,3,1259.17,1,1,1,9,0
1994.17,102,12,9,0,2,6,1.81,1,0,1,14,0
2460.33,311,178,10,0,3,6,48.65,1,1,1,8,0
1222.13,137,45,9,0,2,4,3.63,1,0,1,9,0
2366.4,405,73,0,0,3,8,18.08,0,0,1,10,0
1282.81,142,62,6,0,2,6,3.64,1,0,1,15,0
3366.31,270,21,17,0,3,7,24.54,1,1,1,18,0
1249.36,192,138,7,0,2,5,5.55,1,0,1,7,0
2636.22,28,59,4,0,2,7,43.7,1,0,1,9,0
1755.9,92,42,5,0,3,7,1102.82,1,0,1,18,1
5575.01,267,45,16,0,6,10,71.32,1,1,1,13,1
1717.47,247,132,0,0,1,4,10.72,1,0,1,9,0
307.04,209,3,13,0,3,4,36.8,0,0,1,13,1
6386.37,484,29,15,0,2,4,14.44,1,1,1,18,0
730.89,297,110,12,0,2,6,0.78,0,0,1,14,0
940.33,275,2,2,0,2,4,1.24,1,1,1,10,0
996.59,27,61,5,0,4,7,0.24,1,1,1,12,0
7146.93,307,30,8,0,3,8,24.71,1,1,1,10,0
213.65,50,13,6,0,1,3,45.08,1,1,1,19,0
41678.83,172,56,12,0,4,6,69.0,1,1,1,16,1
5198.14,51,106,3,0,2,4,21.25,0,1,1,1,0
2260.27,237,37,16,0,1,7,9.29,1,1,1,19,0
1711.47,347,9,14,0,3,4,6.74,0,1,1,19,0
2405.6,163,21,2,0,1,3,10.71,1,1,1,10,0
3044.59,167,238,3,0,3,8,11.95,1,1,1,6,0
3446.85,86,7,2,1,4,10,34.79,1,1,1,22,1
3151.41,343,10,5,0,2,5,73.16,1,0,1,18,0
1977.48,55,277,11,0,3,5,20.48,1,0,1,20,0
1484.25,192,128,3,0,1,4,17.17,0,0,0,10,0
1554.22,161,73,13,0,2,4,0.23,0,1,1,20,0
1487.86,222,9,8,0,1,4,54.41,1,1,1,19,0
5618.22,288,16,1,0,1,6,6.51,0,1,1,11,0
3273.31,155,11,4,0,4,7,53.0,1,1,1,10,0
95.55,308,59,5,0,3,7,11.32,1,1,1,20,0
3483.88,169,30,7,0,3,5,16.06,0,0,1,17,0
2196.75,217,2,4,0,1,8,34.84,0,1,1,22,0
1774.53,75,20,22,0,1,2,11.47,1,1,1,6,0
1225.96,129,118,18,0,2,2,5.9,1,1,1,19,0
5564.22,46,95,13,0,2,5,2.93,1,1,1,20,0
4663.52,180,61,7,0,2,8,3.25,1,1,1,11,0
834.74,278,5,15,0,2,4,17.43,1,1,1,15,0
2716.37,150,128,14,0,5,10,1290.16,1,1,1,23,1
684.26,162,45,4,0,4,8,32.82,1,0,1,23,0
455.04,224,40,8,0,1,2,791.14,1,1,1,7,0
966.11,240,163,10,0,2,5,7.77,1,0,1,18,0
4282.93,44,1,11,0,5,6,14.45,0,1,1,12,0
4689.71,112,48,13,0,3,6,11.43,1,0,1,15,0
3020.22,50,93,11,0,3,3,10.59,1,0,1,9,0
3733.48,131,3,24,0,1,3,3.6,1,0,1,22,0
3029.58,431,26,21,0,1,6,8.58,1,1,1,18,0
951.96,280,227,5,0,2,6,9.64,1,1,1,19,0
2784.78,172,14,13,0,1,5,32.02,1,1,1,11,0
4025.52,505,45,11,0,2,4,38.84,0,1,1,17,0
3844.09,211,82,6,0,3,3,0.94,1,0,1,15,0
5936.73,671,29,12,0,2,5,4.84,0,1,1,13,0
3671.31,189,31,7,0,2,3,1250.88,0,1,1,9,1
2569.45,112,3,14,0,8,11,5.78,0,0,1,21,1
5271.92,70,12,20,0,4,6,60.15,1,0,1,7,1
1760.72,262,127,4,0,3,7,1.44,1,0,1,16,0
748.54,130,102,14,0,5,7,7.92,1,1,1,18,0
1535.99,189,21,2,0,2,4,14.89,1,1,1,16,0
858.42,236,28,10,0,6,11,69.14,1,0,1,20,1
920.41,92,34,9,0,1,1,51.2,1,1,1,12,0
1564.75,208,25,8,0,1,8,28.42,1,1,1,5,0
818.59,152,63,9,0,2,5,1.16,1,0,1,20,0
1328.81,53,1,0,0,4,8,23.57,1,1,1,11,1
272.16,244,127,2,0,3,5,6.95,1,1,1,17,0
2237.9,265,21,8,0,2,5,8.41,1,1,1,13,0
1810.22,382,123,3,0,2,3,15.28,0,1,1,8,0
798.64,72,36,9,3,3,10,64.65,1,1,1,10,1
3495.55,564,89,13,0,2,3,11.95,0,1,1,19,0
4617.32,99,104,16,0,2,4,29.54,1,1,1,20,0
362.29,31,21,7,0,2,7,30.48,1,0,1,15,0
843.26,177,61,14,0,6,8,53.16,1,1,1,10,0
837.87,222,56,9,0,2,4,40.94,1,1,1,16,0
706.34,156,38,10,0,3,3,4.09,1,1,1,22,0
4144.24,71,38,1,0,1,2,3.12,1,1,1,6,0
1489.47,123,21,6,0,2,8,2.83,1,0,1,20,0
1387.81,213,22,3,0,2,4,17.83,0,1,1,11,0
243.75,614,47,13,0,4,5,41.07,1,1,1,6,0
3413.24,74,1,5,0,2,5,64.45,0,1,1,11,1
523.61,111,162,1,0,3,6,3.87,0,0,1,16,0
1919.72,59,62,34,0,3,5,26.06,1,1,1,12,0
2386.01,131,35,2,0,3,5,31.63,1,1,1,14,0
7049.12,163,3,1,0,3,7,10.86,1,1,1,11,0
488.42,321,59,6,0,4,8,7.62,1,0,1,17,0
88.28,216,1,3,0,2,3,21.97,1,1,1,23,0
2172.97,419,68,5,0,4,9,8.3,1,1,1,6,0
10943.61,169,4,10,0,1,2,4.42,1,1,1,0,0
6241.32,9,64,16,0,1,5,22.58,1,1,1,18,0
2229.78,223,31,7,0,3,6,1.48,1,1,0,21,0
1105.84,41,65,2,0,2,4,19.7,1,1,1,21,0
4052.64,315,8,7,0,5,8,19.65,1,1,1,21,0
682.97,169,7,6,0,1,5,4.66,1,1,1,18,0
2911.31,108,17,1,0,1,6,22.86,0,1,1,11,0
2997.31,66,31,5,0,3,4,20.61,1,0,1,10,0
5219.78,119,17,13,0,4,7,19.02,1,1,0,10,0
28557.08,163,5,9,0,2,3,13.81,0,1,1,8,1
2676.9,516,23,3,0,1,8,916.45,1,1,1,17,0
1086.85,154,73,19,0,2,6,1.69,1,0,1,7,0
1762.39,200,52,5,0,1,5,53.26,0,1,1,15,0
308.25,160,198,19,0,6,11,26.36,0,0,1,19,0
902.61,200,34,3,0,3,8,48.67,1,0,1,11,0
1200.77,192,24,17,0,6,8,13.67,1,1,1,22,0
1070.53,171,70,10,0,2,3,2.16,1,0,1,10,0
2105.6,105,31,17,0,4,6,9.35,1,0,1,19,0
794.39,268,57,11,0,2,4,2.42,1,1,1,2,0
5547.1,74,175,7,0,1,5,58.1,1,1,1,16,0
1808.42,237,41,3,0,1,5,2.36,1,1,1,12,0
1791.3,271,41,14,0,1,2,74.55,1,1,1,16,0
1302.58,33,89,4,0,3,8,10.59,1,1,1,16,0
2111.58,68,84,31,0,1,5,10.06,1,0,1,17,0
4126.14,38,43,10,0,4,10,19.44,1,1,1,20,0
759.66,372,4,10,0,3,7,1.26,1,0,1,19,0
936.25,116,237,7,0,2,4,32.44,1,1,1,7,0
1334.45,360,28,16,0,4,6,2.8,1,1,1,16,0
470.66,135,22,20,0,2,3,32.51,1,1,1,20,0
796.91,79,239,19,0,3,6,43.23,1,1,1,8,0
1123.02,101,123,14,0,1,3,42.22,1,0,1,10,0
4334.62,190,24,18,0,1,2,1.34,1,1,1,19,0
2350.92,270,22,2,0,4,8,2.78,1,1,0,2,1
2194.24,175,76,12,0,4,5,6.45,1,1,1,16,0
4233.98,308,24,4,0,2,4,4.23,1,1,1,10,0
1575.97,152,17,12,0,7,8,1.91,1,0,1,12,1
2671.69,164,233,3,1,1,1,75.88,1,0,1,10,0
1630.72,96,50,11,0,1,3,6.89,1,1,1,0,0
2357.51,88,86,10,0,1,5,9.54,1,1,1,7,0
1009.53,281,74,23,0,2,6,33.85,1,0,1,15,0
157.78,74,84,5,0,2,7,31.32,1,1,1,11,0
1580.85,135,140,6,0,3,9,10.26,1,1,1,18,0
7500.67,290,41,9,0,2,4,972.98,1,1,1,6,0
4565.19,45,83,2,0,2,6,31.56,1,0,1,17,0
4747.61,378,95,4,0,3,5,30.11,1,1,1,0,0
6223.77,80,175,14,0,2,9,758.81,1,1,1,17,0
1975.66,379,74,17,0,3,5,12.9,1,1,1,11,0
2202.43,74,133,14,0,3,8,46.58,1,1,1,23,0
974.91,281,5,13,0,2,8,30.82,1,1,1,14,0
1318.07,114,8,4,0,4,8,17.33,1,1,1,12,0
3346.84,528,10,5,0,4,9,8.06,1,0,1,14,0
6026.28,145,9,29,0,4,6,41.75,1,1,1,21,0
1572.71,66,5,3,0,1,1,0.07,1,0,1,16,0
1152.64,238,7,19,0,1,3,450.27,1,1,1,18,0
1809.0,123,329,12,0,5,8,13.57,1,0,1,21,0
3298.45,253,19,10,0,1,1,898.49,1,1,1,17,0
426.73,375,39,39,0,3,9,3.39,1,1,1,9,0
181.97,286,103,11,0,5,8,10.45,1,1,1,18,0
1042.59,42,7,7,3,1,3,25.19,1,1,1,16,1
533.41,73,22,4,0,2,4,14.64,1,0,1,21,0
1087.74,204,10,23,0,3,6,51.14,1,1,1,15,0
1559.65,218,3,6,0,2,6,1482.56,1,1,1,7,1
1149.12,15,194,8,0,3,6,44.63,0,1,1,12,0
7726.93,61,117,3,0,1,6,17.87,1,1,1,17,0
2506.76,79,126,6,0,3,8,34.84,1,1,1,14,0
2441.76,393,121,11,0,4,6,27.69,0,0,1,12,0
3368.45,104,10,17,0,3,8,36.62,1,0,1,15,1
578.92,268,92,11,0,1,7,28.05,1,1,1,23,0
5110.8,342,78,11,0,3,4,6.23,0,0,1,8,0
1676.12,101,155,12,0,4,4,6.98,1,1,1,5,0
3535.04,160,14,5,0,4,5,9.93,0,1,1,12,0
619.02,269,32,8,0,2,2,35.12,1,1,1,9,0
382.31,42,20,8,0,2,4,18.12,1,1,1,11,0
4096.51,139,17,10,0,1,5,2.77,1,1,1,20,0
2634.4,364,63,5,0,3,9,1514.15,1,0,1,12,1
733.59,214,10,28,0,2,6,37.65,0,1,1,6,0
757.74,216,37,9,0,1,2,43.03,1,1,1,10,0
5571.58,309,62,25,0,1,3,20.42,0,1,1,10,0
550.37,112,8,11,0,3,3,1.38,1,1,1,10,0
9345.71,76,17,0,0,2,3,27.21,1,1,1,16,1
734.64,207,205,9,0,4,8,64.37,0,1,1,19,0
3423.41,119,95,6,0,3,7,5.87,1,1,1,14,0
1301.64,113,67,3,0,3,5,21.73,0,1,1,14,0
3304.99,74,116,27,0,4,5,42.81,1,0,1,17,0
1049.31,236,1,8,0,3,6,0.17,1,0,1,11,0
1536.42,148,1,21,0,1,5,3.65,1,0,1,18,0
1883.56,76,10,12,0,4,5,29.98,1,1,1,17,0
663.69,321,41,16,0,2,6,22.91,0,0,1,17,0
3792.67,133,50,58,0,3,3,4.83,0,1,1,21,0
1082.24,240,7,6,0,4,7,15.49,1,0,1,9,0
1438.56,452,4,1,0,3,5,18.81,1,1,1,19,0
668.91,317,105,5,0,1,3,5.3,1,0,0,22,0
139.44,422,37,6,0,1,4,10.1,1,1,1,11,0
1493.64,314,293,3,0,2,4,8.59,1,0,1,9,0
20183.39,140,15,12,0,4,6,34.73,1,0,1,12,1
3962.4,92,62,12,0,1,6,18.05,1,1,1,21,0
1773.55,135,97,2,0,1,5,14.1,0,1,1,20,0
1390.07,142,123,8,0,4,6,907.95,1,1,1,10,0
1849.12,374,21,13,0,3,7,3.84,1,1,1,13,0
3124.78,121,12,3,0,1,6,3.5,1,1,1,5,0
555.12,61,15,3,0,2,5,11.21,1,0,1,16,0
5510.01,199,65,15,0,4,8,1386.87,0,1,1,15,1
3697.39,177,44,3,0,4,7,42.66,0,1,1,5,1
3707.77,95,54,4,0,3,4,14.74,1,0,1,14,0
2803.08,129,1,1,0,2,3,0.63,1,0,1,0,0
1843.86,430,29,5,0,1,7,22.97,1,0,1,19,0
3543.47,235,22,20,0,2,6,32.12,1,1,1,2,0
3267.61,136,119,2,0,2,5,6.06,1,1,1,8,0
1268.97,95,89,10,0,5,11,14.52,0,1,1,19,0
1018.82,570,33,17,0,2,8,66.69,1,0,0,11,0
2001.91,484,59,18,0,4,8,4.13,1,1,0,16,0
8510.2,301,2,12,0,3,6,5.89,1,1,1,11,0
523.69,146,60,6,0,2,3,53.81,1,0,1,16,0
416.75,91,6,7,0,2,6,69.59,1,1,1,9,0
2131.88,94,75,3,0,5,6,9.5,1,1,1,8,0
1902.43,145,51,2,0,3,3,15.0,1,0,1,7,0
2150.25,121,21,24,0,1,3,15.52,1,1,1,9,0
2307.58,169,27,14,0,1,5,741.7,1,0,1,16,1
1446.35,163,5,6,0,1,2,14.7,1,1,1,6,0
8021.36,81,23,2,0,4,8,15.69,0,0,1,19,1
364.71,83,204,4,0,1,5,1236.19,1,1,1,15,0
789.58,137,39,22,0,2,7,9.75,0,1,1,15,0
1630.67,160,38,6,0,1,2,6.6,1,0,1,15,0
349.61,408,59,10,0,1,2,26.97,0,1,1,21,0
1516.48,207,39,5,0,2,4,48.57,1,1,1,19,0
9523.05,202,26,23,0,4,7,12.59,1,1,1,11,0
1846.2,212,9,1,0,1,2,4.0,1,0,1,12,1
2277.2,349,59,5,0,4,6,1088.7,0,1,1,8,1
512.77,1175,82,15,0,2,6,3.14,1,0,1,9,0
976.17,114,153,21,0,2,6,25.92,1,1,1,20,0
1242.4,543,1,5,0,2,8,2.37,0,0,1,14,0
1315.91,54,4,15,0,2,5,5.7,0,1,1,13,0
6513.58,138,137,23,0,3,7,19.78,1,1,1,11,0
3157.99,74,59,17,0,2,3,11.65,1,1,1,11,0
594.99,263,190,2,0,2,4,19.09,1,1,1,17,0
2313.47,312,33,24,0,3,5,53.03,1,1,1,17,0
2975.66,61,32,15,0,2,7,24.26,0,1,1,8,0
5654.17,337,25,18,0,1,5,1.41,0,1,1,20,0
8782.71,215,9,15,0,3,5,14.96,1,1,1,17,0
655.18,289,28,30,0,3,6,18.03,0,1,1,6,0
803.63,368,1,11,0,2,4,0.6,1,1,1,17,0
514.1,268,42,10,0,3,7,1.15,1,1,1,16,0
1430.79,52,112,26,0,1,3,1.21,0,1,1,18,0
2882.34,128,23,0,0,1,4,20.32,1,0,1,14,0
4852.91,58,5,30,0,2,6,20.84,1,1,1,11,0
1675.81,30,218,4,0,4,9,22.67,1,0,1,13,0
1313.11,71,8,11,0,2,7,8.99,1,0,1,19,0
2104.34,136,45,6,0,2,3,2.94,1,1,1,18,0
784.35,518,99,1,0,2,6,15.07,1,0,1,14,0
14611.13,167,17,13,0,3,4,0.64,1,1,1,20,0
362.25,216,110,7,0,3,7,15.31,1,0,0,4,0
2174.91,117,48,32,0,1,3,12.97,1,1,1,12,0
13678.85,147,24,17,0,2,4,9.56,1,1,1,22,0
1820.38,179,120,10,0,3,5,9.29,1,1,1,11,0
1495.12,142,58,10,0,1,1,15.25,1,1,1,11,0
1264.65,246,57,9,0,3,5,1.2,1,1,1,15,0
1509.61,108,42,11,0,2,4,10.72,1,1,1,16,0
7135.58,55,19,2,0,3,6,8.86,1,0,1,14,0
197.97,45,21,6,0,1,6,7.37,1,1,1,17,0
8378.58,297,5,11,0,2,4,52.44,1,1,1,10,0
435.3,16,16,4,0,3,9,439.91,1,0,1,20,1
1384.85,146,19,1,0,3,4,8.3,1,0,1,21,0
1177.04,73,3,9,0,3,4,17.79,0,1,1,7,0
3256.97,252,7,19,0,2,5,1418.2,0,1,1,5,1
365.72,171,18,6,3,2,3,1.96,1,0,1,17,1
2870.3,174,67,9,0,3,5,24.1,1,1,1,18,0
13688.48,184,12,38,0,2,6,42.23,1,1,1,17,0
462.58,180,44,14,0,3,7,3.45,1,1,1,17,0
2185.73,55,42,14,0,3,6,22.37,1,1,1,13,0
932.64,121,107,2,0,1,3,4.82,1,1,1,16,0
2768.02,89,56,12,0,2,7,3.22,1,1,1,16,0
1843.0,101,149,13,0,5,9,55.6,1,1,0,20,0
951.95,181,59,32,0,5,7,2.13,1,0,1,11,0
2945.02,298,1,7,0,1,4,35.57,1,1,1,10,0
10985.68,292,28,1,0,3,6,0.68,0,0,1,15,0
1493.83,202,72,7,0,1,3,22.57,1,1,1,17,0
3713.6,127,38,4,0,2,7,33.14,1,0,1,15,0
496.07,173,32,1,0,1,4,18.6,1,1,1,23,0
694.76,269,66,5,0,5,6,45.98,1,0,1,9,0
2899.83,101,20,17,0,2,5,24.44,1,1,1,3,0
7975.39,168,143,8,0,1,4,2.79,1,1,1,9,0
2580.18,116,31,23,0,1,3,6.41,1,0,1,18,0
1322.05,100,59,1,0,3,7,20.43,1,1,1,6,0
1806.76,162,242,5,0,2,4,13.67,1,1,1,11,0
517.8,127,92,0,0,4,7,21.7,1,1,1,0,0
3309.38,205,45,2,0,2,3,23.02,0,1,1,19,0
4369.19,128,117,6,2,7,8,22.47,1,1,1,20,1
1150.45,152,49,2,0,1,2,6.68,0,1,1,10,0
1129.98,54,34,2,0,3,4,3.38,1,0,0,19,1
2358.73,276,124,16,0,3,7,10.1,1,1,1,5,0
1168.27,280,1,5,0,1,3,1307.34,1,1,1,23,1
1692.34,88,31,3,0,2,4,17.46,0,1,1,16,0
14760.67,95,25,13,0,2,4,13.35,1,1,1,17,0
1412.3,188,75,2,0,2,5,0.11,1,1,1,13,0
1263.52,119,1,26,0,4,9,904.39,1,1,1,16,1
946.2,201,64,1,0,6,8,9.59,1,0,1,11,0
3805.46,386,25,5,0,1,2,1.92,1,1,1,17,0
1508.36,92,6,9,0,2,5,0.33,1,1,1,19,0
944.47,290,235,4,0,5,8,26.07,1,0,1,14,0
6777.1,80,14,0,0,3,4,42.98,0,1,1,10,1
7477.12,101,25,8,0,3,8,35.09,1,1,1,9,0
991.85,189,13,7,0,3,10,2.44,0,1,1,8,0
279.63,245,65,9,0,3,6,33.38,1,0,1,22,0
4951.84,379,91,0,0,3,8,13.46,1,0,1,6,0
911.75,459,118,12,0,6,9,40.81,1,0,1,16,0
3986.33,137,22,19,3,2,5,22.73,1,0,1,21,1
252.12,167,44,2,0,1,7,3.21,1,1,1,8,0
4414.27,208,65,24,2,3,3,2.75,1,1,1,7,1
538.52,162,59,2,0,2,2,0.79,0,1,1,7,0
3754.7,136,75,9,1,1,4,19.99,1,0,1,16,1
1834.03,113,88,1,0,1,5,2.76,0,1,0,21,0
696.49,247,6,29,0,1,4,42.13,1,1,1,11,0
1203.47,380,11,5,0,4,7,1357.83,0,1,1,13,1
3591.48,49,79,15,0,1,5,1053.03,1,1,1,9,0
2010.01,144,38,7,0,3,4,50.21,1,1,1,14,0
3243.52,50,33,13,1,4,7,87.18,1,1,1,14,1
13048.66,238,36,19,0,3,7,12.48,0,1,1,15,1
378.33,99,27,10,0,1,4,13.92,1,0,1,18,0
9110.77,349,53,12,0,2,5,4.59,1,1,1,14,0
2006.92,151,23,33,0,3,8,54.76,1,1,1,16,0
735.99,240,60,5,0,2,4,16.94,1,1,1,5,0
478.04,90,13,48,0,3,7,13.45,1,1,1,22,0
1496.49,184,85,3,0,2,8,7.6,1,0,1,20,0
4544.4,182,91,6,0,2,2,8.43,1,0,1,18,0
1591.53,217,51,20,0,3,7,25.46,1,0,1,10,0
8193.98,108,27,16,0,4,7,2.04,1,1,1,8,0
423.61,330,1,11,0,3,6,48.52,0,1,1,5,0
1786.32,209,7,11,0,4,6,0.27,1,1,1,17,0
516.77,369,4,4,0,3,8,1.18,0,1,1,8,0
2600.95,55,1,14,1,1,5,31.95,1,1,1,10,1
4389.13,185,76,5,0,2,6,2.1,1,1,1,2,0
1187.06,148,187,8,0,3,6,0.32,0,0,1,6,0
133.73,465,1,18,0,3,7,7.52,1,0,1,12,0
2206.03,250,7,17,0,6,13,3.82,1,0,1,11,1
2798.22,164,118,30,0,2,5,8.37,0,1,1,20,0
2708.89,241,69,11,0,2,5,17.59,1,1,1,15,0
6221.6,124,31,7,0,1,6,8.62,0,1,1,13,0
619.52,222,295,11,0,2,7,26.77,0,0,1,19,0
3569.63,624,51,11,0,7,7,22.91,1,0,1,18,0
5958.1,113,66,1,0,1,4,14.82,1,1,1,17,0
305.34,183,63,5,0,2,4,16.53,1,1,1,0,0
2489.04,96,15,2,0,2,6,4.14,0,0,1,19,1
1092.06,84,40,4,0,4,8,2.51,1,0,1,14,0
1666.49,292,14,4,0,2,5,27.75,1,0,0,20,1
2559.78,70,42,16,0,3,8,20.84,1,1,1,10,0
1110.73,220,1,3,0,4,7,13.46,0,1,1,7,0
919.92,281,28,0,1,3,4,6.55,0,1,1,11,1
1870.86,128,27,5,0,2,5,0.96,0,0,1,22,0
609.57,361,20,11,0,3,4,8.75,1,1,1,13,0
610.44,342,4,14,0,1,4,36.32,1,0,1,7,0
3566.62,127,88,20,0,4,9,11.27,1,0,1,20,0
573.18,61,32,9,0,2,3,810.78,1,0,1,20,1
3520.34,231,100,6,0,2,4,22.26,0,0,1,19,0
2871.5,161,108,5,0,2,3,0.99,1,1,1,20,0
321.88,190,14,8,0,4,5,47.71,1,1,1,16,0
918.22,229,32,5,3,2,6,4.47,1,1,1,19,1
5967.66,53,76,25,0,6,9,2.71,1,0,1,10,1
677.79,122,41,7,0,2,4,11.42,1,0,0,17,0
1136.37,436,115,15,0,3,5,22.87,1,1,1,5,0
2869.98,194,50,19,0,3,6,0.58,1,1,1,8,0
3957.59,239,59,18,0,3,6,31.54,1,0,1,6,0
1405.94,183,92,14,0,2,4,40.08,1,1,1,13,0
994.75,235,7,10,0,4,8,1.38,1,1,0,13,0
7497.84,338,52,1,0,2,4,18.4,1,1,1,21,0
10289.71,32,5,24,0,2,4,7.78,1,1,1,19,0
4811.95,269,18,6,0,2,5,14.42,0,1,1,18,0
1969.07,162,14,11,0,1,4,4.38,1,1,1,12,0
805.72,299,50,11,0,5,7,39.24,1,1,1,14,0
788.05,131,111,7,0,2,6,20.28,1,1,1,21,0
3048.83,127,8,9,0,1,4,0.42,0,1,1,8,0
2747.37,68,87,9,0,2,3,19.43,1,1,1,8,0
7343.7,165,9,10,0,2,5,38.53,1,0,1,8,1
3464.94,64,12,6,0,2,4,3.04,1,0,1,12,0
402.19,156,149,12,0,2,3,1.63,1,1,1,8,0
5176.83,190,1,5,0,4,5,22.13,1,0,1,10,0
666.43,102,13,13,0,1,7,3.08,1,1,1,17,0
1231.55,48,14,1,0,1,3,64.52,1,0,1,11,0
2322.04,38,19,7,2,5,8,26.79,0,1,1,16,1
13301.97,81,27,7,0,2,5,0.85,1,1,1,19,0
40534.9,36,6,16,0,2,4,41.46,1,1,1,3,1
3316.69,186,37,7,0,4,7,18.08,1,0,1,21,0
1505.38,635,30,2,0,1,6,1.52,0,1,1,11,0
3085.61,67,58,4,0,4,6,7.29,1,1,1,10,0
4392.51,727,121,9,0,2,5,13.19,1,1,1,22,0
1312.03,182,21,11,0,3,10,1.31,1,1,1,16,0
10885.77,207,47,16,0,2,4,954.91,1,1,1,9,0
2275.76,50,27,6,0,1,6,1033.77,1,1,1,11,0
2974.24,192,2,11,0,1,5,0.82,0,0,1,12,0
3518.97,117,103,6,0,2,6,8.96,1,0,1,18,0
2756.14,419,60,3,0,2,4,249.36,0,0,1,14,0
4183.65,38,1,18,0,1,2,26.19,1,1,1,17,0
975.3,118,17,21,0,2,9,14.02,1,1,1,20,0
1034.53,92,22,5,0,1,6,6.87,0,1,1,7,0
601.75,213,100,12,0,2,3,12.22,1,1,1,11,0
2805.96,21,85,15,0,3,8,661.96,1,1,1,18,1
3940.0,412,30,2,1,2,8,31.0,1,1,1,6,1
2857.7,207,10,16,0,2,4,19.36,1,0,1,23,0
9647.87,198,29,12,0,3,5,5.7,1,1,1,18,0
1797.95,69,99,4,0,3,7,45.05,1,1,1,7,0
3528.9,279,36,1,0,3,7,5.9,1,1,1,21,0
606.86,261,7,7,0,1,4,22.94,1,1,1,6,0
1227.7,357,2,16,0,5,6,4.38,1,1,1,15,0
3624.74,137,24,24,0,2,5,23.92,0,0,1,18,0
4226.38,47,9,7,0,3,5,9.52,1,1,1,17,1
1347.54,105,81,14,0,4,7,30.93,1,1,1,19,0
1683.11,306,19,5,0,2,6,31.96,1,0,1,15,0
396.28,119,125,12,0,4,8,29.8,1,0,1,7,0
1265.18,526,57,3,0,2,5,1.17,1,0,1,13,0
4404.51,283,30,25,0,3,5,0.41,1,1,1,8,0
3213.79,482,56,6,0,4,8,299.1,1,1,1,21,0
2982.94,124,20,4,0,4,5,606.67,1,1,1,14,0
1900.31,225,9,5,2,1,1,28.35,1,1,1,9,1
1820.86,82,199,29,0,4,10,41.25,0,0,1,17,0
934.19,292,49,13,0,2,6,46.28,1,1,1,13,0
3636.69,236,1,19,0,2,4,13.1,1,1,1,7,0
2754.45,273,22,6,0,1,3,8.17,1,1,1,10,0
2957.26,132,10,2,0,1,4,20.25,1,0,1,10,0
1068.45,187,17,1,0,6,9,21.97,1,1,1,12,1
209.91,180,3,2,0,4,10,15.13,0,0,1,23,1
5416.22,132,16,19,0,3,5,2.64,1,1,1,18,0
1120.09,194,68,15,0,2,5,3.87,1,0,1,17,0
762.97,217,103,20,0,2,5,33.14,1,0,1,11,0
3617.28,243,25,8,0,3,12,6.75,1,0,0,13,1
1221.69,130,44,15,0,1,6,52.32,1,1,1,16,0
5218.35,283,2,10,0,2,8,29.26,1,1,1,3,1
3350.97,271,5,13,0,4,7,24.45,1,1,1,19,0
3581.62,246,48,4,0,2,6,1122.63,1,1,1,17,1
461.3,296,110,9,0,4,9,11.98,0,1,1,12,0
6075.04,152,5,14,2,2,3,29.17,0,1,1,18,1
2347.84,73,32,23,0,2,4,1.68,1,0,1,10,0
1249.78,272,211,26,0,1,2,16.86,1,1,1,9,0
2086.8,115,80,6,0,3,6,11.65,1,1,1,9,0
306.05,50,13,10,0,1,6,1.67,1,1,1,17,0
2720.72,117,20,10,0,3,5,1.84,1,1,1,15,1
645.89,192,177,7,0,2,3,107.64,1,0,1,21,0
467.47,392,14,15,0,1,2,6.31,1,0,1,14,0
394.51,218,34,4,0,3,4,53.33,1,0,1,18,0
5501.02,295,26,14,0,4,7,631.96,1,0,1,10,1
963.66,268,40,13,0,3,7,18.68,1,1,1,4,0
8381.04,211,16,1,0,1,4,13.71,1,1,1,7,0
1058.07,144,66,3,0,2,6,2.63,1,1,1,19,0
327.88,82,16,10,0,3,7,1353.97,1,1,1,15,1
591.98,565,55,12,0,3,7,1151.89,0,0,1,8,0
6221.78,119,26,7,0,2,5,0.44,1,1,1,15,0
1547.04,142,17,19,0,3,7,27.74,1,1,1,19,0
1044.94,160,71,7,1,3,7,0.19,1,0,1,20,1
2121.8,117,201,13,0,4,5,2.14,1,1,1,8,0
2986.28,239,122,1,0,1,6,23.46,1,1,1,19,0
5526.99,118,5,4,0,4,7,0.18,1,1,1,9,1
7696.33,140,36,7,0,4,9,23.18,0,0,1,7,1
1261.72,112,71,19,0,1,4,1.82,0,1,1,18,0
480.08,138,49,5,0,3,6,15.5,1,1,1,13,0
1195.76,71,77,9,0,2,2,6.31,1,0,1,2,0
2345.56,58,221,2,0,6,10,937.32,1,0,1,21,1
689.69,443,25,9,0,1,1,0.57,0,1,1,19,0
694.26,296,88,7,0,2,5,0.75,1,1,1,13,0
2549.85,402,5,9,0,1,4,78.3,1,0,1,6,0
1722.18,424,122,5,0,5,5,56.33,1,0,1,7,0
1868.32,90,90,9,0,2,7,27.1,1,1,1,7,0
846.83,391,44,7,0,2,2,17.16,1,1,1,13,0
1435.97,329,103,25,0,5,6,14.41,1,1,1,21,0
717.5,137,65,7,0,4,12,34.02,1,1,1,12,0
4403.69,217,48,10,0,2,5,12.95,1,1,1,14,0
5091.1,290,175,8,0,1,7,9.16,1,1,1,20,0
285.38,252,8,0,2,3,6,8.49,1,1,1,14,1
713.72,160,297,15,3,2,6,39.78,1,0,1,8,1
404.83,193,10,10,0,3,6,20.68,1,0,1,15,0
943.86,233,39,7,0,3,8,30.2,1,1,1,1,0
1663.31,134,15,19,0,1,3,3.37,0,1,1,9,0
424.26,250,19,10,0,1,6,7.76,1,1,1,10,0
719.2,105,59,10,0,1,3,17.48,1,0,1,11,0
662.51,399,2,8,0,2,7,2.35,1,1,1,17,0
2224.46,319,169,5,0,3,7,1.61,1,1,1,15,0
1937.87,294,19,16,0,2,6,3.24,1,1,1,15,0
878.54,223,19,21,0,2,3,20.35,1,1,1,2,0
2157.75,202,119,9,0,3,5,91.37,1,0,1,14,0
1046.62,327,86,9,0,2,4,37.96,1,0,1,9,0
1377.94,76,66,6,0,2,6,297.39,1,1,1,22,0
9637.84,96,9,0,0,5,9,9.28,1,1,1,13,1
6908.18,254,88,15,0,2,6,3.13,1,1,1,11,0
492.96,170,26,16,0,6,10,21.02,1,0,1,18,0
4145.31,117,305,2,0,3,8,13.24,1,0,1,14,0
4069.99,342,66,0,0,2,3,40.1,1,1,1,12,0
573.49,190,108,12,0,2,6,29.82,1,1,1,10,0
4100.15,216,79,12,0,2,7,14.95,1,1,1,2,0
8416.35,347,54,3,0,4,8,14.35,1,0,1,10,1
588.43,159,75,7,0,1,4,0.51,1,1,1,17,0
722.34,531,54,8,0,1,3,1.29,0,1,1,14,0
5002.34,82,3,8,0,3,6,471.85,1,1,1,15,1
2372.02,341,25,8,0,1,2,19.54,1,1,1,8,0
3138.42,122,22,14,0,1,7,10.63,1,1,1,9,0
2541.7,308,75,14,0,6,7,43.48,0,0,1,10,0
2672.3,107,51,6,0,1,6,72.0,1,1,1,7,0
479.88,58,56,19,0,2,8,27.48,0,0,1,18,0
5152.91,311,112,11,0,5,8,20.39,1,1,1,11,0
5823.11,138,44,25,0,1,2,12.78,1,0,1,18,0
1437.43,60,14,12,0,3,6,4.76,1,1,1,20,0
1731.12,320,1,4,0,3,6,47.24,1,1,1,18,0
391.07,202,10,12,0,2,5,3.98,1,1,1,22,0
3023.76,137,1,8,0,2,3,45.82,0,0,1,15,1
3203.69,224,16,20,0,1,6,42.17,1,1,0,10,0
1699.02,158,60,2,0,2,6,2.44,1,1,1,17,0
5565.56,145,9,5,0,4,6,13.46,1,1,1,15,0
1294.56,288,5,4,0,1,2,16.89,1,1,1,16,0
3179.9,203,212,15,0,2,5,12.28,1,0,1,7,0
652.19,102,346,12,0,3,5,1.89,1,1,1,11,0
1765.96,174,60,6,0,3,6,11.52,1,1,0,12,0
1518.75,285,6,4,0,3,6,14.5,0,0,1,20,0
2264.95,79,103,6,0,2,6,1.86,0,0,1,14,0
1249.47,361,46,9,0,2,4,17.69,0,0,1,13,0
1585.3,198,12,15,0,2,2,17.3,1,0,1,13,0
4130.06,189,51,9,0,3,6,32.69,1,1,1,5,0
1168.22,195,2,7,0,4,5,21.19,1,0,1,20,1
362.64,456,215,27,0,2,6,31.59,1,1,1,21,0
10400.24,174,104,14,0,3,3,20.37,0,0,1,21,0
7197.25,139,18,17,0,1,3,46.54,1,1,1,18,0
496.58,160,32,2,0,4,9,15.54,1,1,0,19,0
3603.67,311,30,6,0,3,6,23.91,1,1,0,13,0
1093.38,260,118,14,0,1,6,14.27,1,1,1,9,0
2353.1,176,26,10,0,2,4,50.28,0,1,1,0,0
2426.55,595,2,3,0,3,6,25.34,1,0,1,7,0
1430.23,247,14,4,0,1,6,9.38,1,1,1,19,0
825.7,92,14,11,0,3,6,1.77,1,0,1,16,0
906.38,33,178,1,0,2,4,0.07,1,0,1,6,0
723.29,262,154,12,0,2,5,19.7,1,0,1,6,0
786.96,145,21,11,0,5,8,7.34,1,1,1,10,1
1690.57,56,1,0,0,3,11,21.88,0,1,1,18,1
883.81,164,43,3,0,3,4,7.9,1,1,1,14,0
3576.19,273,95,7,0,2,5,472.84,1,1,1,10,0
8000.39,156,18,13,0,3,6,80.06,0,0,1,8,0
1012.27,171,34,6,0,1,5,4.17,1,1,1,6,0
2297.1,30,11,2,0,3,8,278.83,1,0,1,7,1
2980.02,263,23,10,0,1,4,12.27,0,1,1,12,0
2898.66,46,85,1,0,4,6,28.29,1,0,1,18,0
1950.72,116,33,4,0,2,5,28.82,1,0,1,20,0
3799.72,210,35,6,0,2,6,2.66,1,1,1,20,0
2928.51,100,93,10,0,1,3,9.63,1,0,1,20,0
524.44,115,86,2,0,3,7,40.59,1,1,1,13,0
4312.0,204,12,6,0,1,2,16.04,1,1,1,10,0
4390.91,214,32,4,0,2,6,1.67,1,1,1,9,0
842.79,180,113,3,0,3,6,22.41,1,1,1,19,0
1877.95,28,36,6,0,3,5,6.93,1,0,1,8,0
3580.76,38,65,7,0,2,3,80.4,1,1,1,23,0
1466.58,311,21,5,0,3,5,9.21,1,0,1,18,0
5286.85,135,3,12,0,1,2,8.2,1,0,1,15,0
19223.19,656,10,6,0,2,6,10.36,1,1,1,14,0
823.87,204,30,25,0,1,3,2.47,1,1,1,16,0
454.39,525,26,5,0,3,8,57.54,1,0,1,12,0
2449.94,154,135,12,0,3,6,0.99,1,0,1,7,0
3720.31,124,47,0,0,3,9,29.95,1,1,1,11,1
1435.31,265,59,2,0,1,4,27.5,1,1,1,14,0
7733.07,349,70,18,0,1,4,56.84,0,1,1,20,0
474.09,155,45,10,0,7,15,6.93,0,1,1,16,1
3615.26,259,88,5,0,5,12,3.62,1,0,1,14,0
986.48,47,91,14,0,1,3,4.37,0,1,1,11,0
10090.78,92,25,13,0,2,3,0.32,1,1,1,18,0
13260.11,228,5,12,0,2,4,0.42,1,1,1,18,1
839.95,136,257,9,0,2,3,27.4,1,0,1,20,0
1043.61,210,61,11,0,3,4,22.98,1,1,1,20,0
4270.93,231,74,10,0,1,3,11.55,1,1,1,19,0
1227.67,257,84,15,0,4,6,51.92,1,1,1,8,0
1727.77,306,56,3,0,2,2,15.27,0,1,1,9,0
1854.53,311,38,17,0,1,7,0.85,1,1,1,9,0
265.16,78,250,1,0,2,2,59.85,1,1,1,18,0
1783.2,157,78,11,0,2,7,25.56,1,1,1,8,0
907.12,154,112,5,0,1,5,0.14,1,0,1,18,0
1104.2,168,34,7,0,2,4,11.7,0,1,1,16,0
7658.96,145,141,9,1,3,4,12.91,1,0,1,12,1
514.65,175,79,24,0,2,6,13.34,1,1,1,22,0
4077.36,113,82,2,0,1,2,600.76,1,1,1,18,0
1367.91,294,5,9,0,1,7,48.13,1,1,1,12,0
1366.82,231,57,27,0,2,5,6.34,1,1,1,15,0
3985.32,112,24,5,0,3,8,10.44,1,1,1,11,0
2540.34,178,66,4,0,3,4,3.38,1,0,1,20,0
3199.06,494,50,31,0,4,5,10.54,1,1,1,10,0
4760.87,81,7,7,0,3,6,8.85,1,0,1,15,0
1298.15,95,45,12,0,3,7,18.34,1,0,1,14,0
980.21,303,36,6,0,2,6,11.65,1,1,1,11,0
610.85,431,89,18,0,3,9,4.3,1,1,1,18,0
792.02,215,41,13,0,2,3,60.46,1,1,1,16,0
34513.11,185,39,16,0,2,3,9.76,0,1,1,20,0
6277.2,70,76,1,0,1,3,15.34,1,1,1,19,0
468.21,128,66,29,0,2,6,1402.51,1,1,1,18,0
481.81,123,288,18,0,1,2,5.48,1,1,1,18,0
2927.39,129,26,5,0,1,5,4.34,1,1,1,13,0
3125.24,103,69,12,0,3,6,10.61,0,0,1,14,0
3130.3,67,10,6,0,2,7,30.51,0,0,1,14,1
1401.14,266,97,6,0,1,1,67.96,0,1,1,11,0
1594.87,224,92,5,0,2,6,10.51,1,0,1,17,0
2509.6,67,77,5,0,2,4,18.87,1,1,1,14,0
1970.21,179,7,0,0,1,5,1227.1,1,1,0,6,1
196.51,141,263,4,0,3,5,28.44,1,0,1,13,0
1436.84,462,171,12,0,1,4,31.32,1,0,1,11,0
771.7,369,27,8,0,1,4,35.87,1,1,1,17,0
2154.28,461,51,40,0,5,10,73.04,1,0,1,21,0
35784.1,127,131,6,0,3,7,16.57,1,1,1,20,1
2610.98,41,40,15,0,4,10,30.28,1,1,1,12,0
1321.43,76,54,41,0,3,6,14.47,0,0,1,13,0
4545.08,128,55,7,0,2,5,3.47,1,0,1,21,0
2929.8,148,62,9,0,2,5,9.89,1,1,1,6,0
2752.03,467,51,21,2,2,6,15.18,1,0,1,19,1
3317.11,293,31,16,0,3,4,0.19,1,1,1,19,0
14136.9,224,46,6,0,3,8,27.32,0,0,1,14,0
583.54,373,123,20,0,1,5,1213.71,1,0,1,22,0
2903.38,249,119,4,0,2,3,10.87,1,1,1,16,0
715.96,283,88,6,0,3,4,22.1,1,1,1,12,0
3151.12,141,32,17,0,3,7,0.18,1,0,1,11,1
721.49,56,92,1,0,3,9,51.96,1,1,1,13,0
1191.1,47,29,3,0,2,4,51.45,0,0,1,19,1
1346.02,48,65,7,0,4,7,21.72,1,1,1,13,0
4797.34,264,50,12,0,2,4,19.75,0,1,1,7,0
4529.9,97,21,23,0,1,6,1110.87,1,1,0,2,1
520.24,142,36,3,0,4,7,9.34,0,1,1,9,0
1910.14,62,106,10,0,1,4,17.45,1,1,1,0,0
889.29,343,146,15,0,2,8,35.36,0,1,0,12,0
513.63,173,13,5,0,6,12,44.75,1,1,1,20,1
1455.32,203,36,0,0,2,2,2.61,1,0,1,6,0
1328.12,216,34,4,0,5,10,11.9,1,1,1,8,0
20470.02,234,40,5,0,2,6,44.44,1,1,1,19,0
2787.67,354,225,6,0,1,7,1016.19,1,1,1,6,0
455.95,270,43,4,0,2,6,9.97,1,1,1,20,0
1027.85,84,106,6,0,1,2,19.31,1,1,1,11,0
5020.99,94,65,7,0,1,1,1082.98,1,1,1,6,1
14595.12,751,6,18,0,2,2,61.72,0,1,1,13,0
370.19,316,71,20,0,3,4,36.39,1,1,1,19,0
275.91,603,62,2,0,3,4,21.3,1,1,1,13,0
11742.44,149,85,19,0,2,3,4.29,1,1,1,10,0
2669.41,430,4,7,0,3,6,1499.39,1,1,1,11,1
758.78,239,16,9,0,3,7,7.89,1,0,1,19,0
3085.99,212,87,9,0,1,3,13.97,1,1,1,8,0
129.57,178,27,1,2,4,5,11.12,0,1,1,11,1
1814.16,290,145,5,0,4,5,24.64,1,0,1,17,0
2509.46,246,43,4,0,3,10,33.8,1,1,1,7,0
4556.32,155,1,16,0,1,6,15.81,1,0,1,17,0
655.96,116,72,5,0,2,3,27.94,1,1,1,16,0
1969.8,158,43,9,0,2,4,26.88,0,0,1,15,0
716.64,175,22,16,0,3,8,11.07,1,1,1,10,0
2334.1,133,1,6,0,3,5,1.74,1,0,1,7,0
738.52,91,13,19,0,2,3,17.93,1,0,1,11,0
1202.19,183,10,1,1,3,5,18.42,0,1,1,18,1
667.93,227,52,2,0,1,5,979.89,1,1,1,7,0
3467.32,209,88,4,0,1,7,14.54,1,1,1,19,0
4266.08,75,16,3,0,2,5,0.45,1,1,1,20,1
1429.93,459,71,13,0,1,4,5.71,1,1,1,23,0
1878.52,528,138,1,0,3,6,3.26,1,1,1,11,0
424.71,261,58,12,0,2,7,21.22,1,0,1,10,0
1339.86,295,89,3,0,2,5,2.63,1,1,1,10,0
1719.51,204,13,0,0,1,6,19.74,1,0,1,9,0
24854.47,220,4,1,0,4,9,457.76,1,1,1,12,1
594.69,45,27,6,0,1,3,33.37,1,0,1,21,0
7817.95,164,74,12,0,2,3,17.23,1,1,1,13,0
4899.35,166,69,2,0,2,5,32.98,1,1,1,9,0
2393.8,518,186,6,0,2,6,44.94,1,0,0,6,0
10494.65,143,59,32,0,4,6,1.19,1,1,1,15,0
2623.08,455,31,4,0,1,2,66.52,1,1,1,9,0
2668.2,178,95,4,0,1,3,2.46,1,1,1,18,0
1714.5,129,9,1,0,4,9,1370.25,1,1,1,18,1
6146.07,47,100,1,0,4,7,14.45,1,1,1,19,0
5412.52,217,27,4,0,3,8,20.34,1,1,1,19,0
967.12,101,10,19,0,1,6,14.33,1,0,1,14,0
483.36,52,10,10,0,4,6,0.77,1,0,1,16,0
1475.89,260,246,6,0,2,3,3.87,1,0,1,17,0
812.37,223,58,5,0,2,2,46.33,1,1,1,15,0
1696.76,235,11,1,0,2,7,33.12,1,1,1,9,0
6231.91,177,18,8,0,3,4,17.8,0,1,1,19,0
1144.47,108,27,12,0,3,8,6.49,1,0,1,20,0
1732.25,82,3,10,0,2,6,16.14,1,0,1,21,0
1916.05,420,6,8,0,3,4,12.82,0,0,1,14,0
4223.55,274,86,5,0,2,5,47.25,1,1,1,22,0
191.16,319,92,7,0,3,7,2.3,1,1,1,23,0
985.65,159,266,6,0,4,10,1.24,1,1,1,6,0
2233.41,99,4,20,0,1,4,1.91,1,1,1,11,0
6003.39,91,131,7,0,4,6,30.82,1,1,1,19,0
1105.55,185,22,14,0,5,10,11.47,0,1,1,18,0
276.84,102,23,10,0,6,11,21.48,1,0,1,21,1
3360.05,41,8,4,0,3,5,1.61,1,0,1,20,1
957.8,252,257,2,0,3,10,3.45,0,1,1,13,0
550.23,319,237,34,0,2,5,18.12,1,1,1,8,0
968.41,120,120,5,0,1,4,305.12,1,1,1,11,0
1503.39,51,5,4,0,3,4,1497.48,1,0,1,17,1
987.58,196,110,10,0,2,5,8.92,1,0,1,15,0
199.22,158,60,0,0,3,8,959.4,1,1,1,17,1
4434.04,135,8,3,0,3,4,38.86,1,1,1,21,0
6469.64,232,18,2,0,3,5,20.78,1,0,0,7,1
3468.65,190,70,8,0,2,5,5.86,1,1,1,11,0
579.59,227,97,2,0,6,11,57.9,1,1,1,10,0
1478.09,184,113,9,0,2,9,1.22,0,1,1,20,0
1796.29,102,47,1,0,1,2,13.41,1,1,1,12,0
3290.5,96,45,24,0,2,3,6.06,1,0,1,20,0
3527.49,177,69,17,0,3,8,25.22,1,1,1,8,0
867.68,305,90,15,0,3,6,38.74,1,0,1,9,0
1962.54,187,11,19,0,2,5,6.52,1,1,1,8,0
2856.29,111,80,4,0,2,4,3.92,1,0,1,20,0
7752.9,196,25,13,0,2,10,11.2,0,0,1,18,0
3657.4,201,29,3,0,1,4,33.22,1,1,1,18,0
3980.08,102,4,2,1,1,4,16.05,1,1,1,6,1
1966.14,523,53,18,0,4,5,1.68,1,1,1,22,0
7409.06,295,5,8,0,1,2,38.54,0,1,1,12,0
2723.74,160,146,22,0,3,7,3.6,1,1,1,19,0
764.26,500,58,10,0,2,2,9.07,0,1,1,15,0
7356.72,218,278,11,0,2,2,23.88,1,0,1,9,0
3633.32,207,16,11,0,2,3,2.48,1,1,1,20,0
1160.91,395,68,3,0,3,4,4.85,1,1,1,12,0
1119.35,296,200,27,0,1,5,36.33,1,1,1,19,0
2432.26,238,21,1,0,2,7,29.7,1,1,1,8,0
2873.21,133,6,3,0,2,8,24.76,1,1,1,13,0
2202.38,175,60,23,0,1,8,15.95,1,1,0,9,0
2468.36,158,27,16,0,4,5,23.61,1,1,1,20,0
9896.71,112,19,7,0,4,6,1.58,1,1,1,20,1
5279.27,626,302,15,0,3,5,12.0,1,1,1,6,0
2187.76,298,84,15,0,2,2,2.49,1,1,1,12,0
4634.63,154,39,13,0,3,8,234.5,1,0,1,17,0
643.86,223,3,6,0,3,9,33.23,1,1,1,17,0
2691.7,159,12,35,0,2,9,7.46,0,1,1,9,0
11040.29,100,21,9,0,3,4,3.44,1,1,1,7,1
1453.83,40,40,2,0,1,5,8.14,1,1,1,6,0
774.61,235,41,5,0,2,4,19.97,0,1,0,9,0
941.91,179,1,11,0,2,6,59.9,1,1,1,18,0
608.12,349,172,2,0,3,9,16.67,1,1,1,20,0
824.88,121,46,2,0,2,5,5.16,1,1,1,9,0
1248.24,349,1,14,0,1,6,2.72,0,1,1,18,0
443.38,374,72,36,0,4,7,8.36,1,1,1,8,0
1836.5,55,4,7,0,1,6,3.43,1,1,1,14,0
4457.21,320,76,12,0,4,7,3.67,1,0,1,4,0
729.42,288,72,10,0,3,8,0.14,1,0,1,6,0
8260.86,168,251,5,0,3,5,39.56,1,1,1,11,0
3013.3,346,25,2,0,3,7,3.84,1,0,1,13,0
5067.39,312,9,10,2,2,6,22.29,1,1,1,15,1
936.51,192,5,3,0,2,5,5.26,1,1,1,19,0
4249.37,53,4,11,0,1,5,3.54,1,1,1,12,0
606.72,149,99,12,0,2,6,257.76,1,1,1,12,0
4403.91,323,76,6,0,1,3,5.79,1,0,1,14,0
2147.03,216,223,4,0,1,3,61.2,1,0,1,10,0
3144.0,130,22,20,0,1,4,0.99,1,1,0,8,0
558.03,183,97,7,0,2,7,23.55,1,1,1,7,0
738.73,191,5,26,0,1,6,4.71,1,1,1,16,0
3285.35,97,140,10,0,2,6,10.88,1,0,1,16,0
700.4,127,3,30,0,2,7,16.08,0,1,1,9,0
2873.27,598,93,5,0,3,7,16.76,1,1,1,11,0
460.75,17,22,4,0,3,6,15.5,1,0,1,5,1
4222.46,182,11,11,0,3,4,6.95,1,1,1,12,0
527.15,323,73,11,0,2,5,34.01,1,1,1,19,0
3141.01,180,135,15,0,2,5,38.79,1,0,1,15,0
3380.0,117,86,7,0,2,4,4.81,1,1,1,6,0
900.75,141,22,8,0,3,7,19.47,1,1,1,7,0
3235.78,509,26,6,0,3,5,43.25,0,0,1,17,0
2345.94,268,12,8,0,1,4,18.33,1,1,1,14,0
1054.85,258,104,4,0,8,11,2.53,1,1,1,12,1
659.48,167,6,7,0,2,7,1.64,0,1,1,15,0
254.01,208,140,11,0,3,6,23.29,1,1,1,11,0
2564.84,86,55,12,0,2,3,11.8,1,1,1,0,0
378.11,527,53,3,0,1,5,1196.14,1,1,1,16,0
1988.91,279,109,11,0,2,4,98.0,1,0,1,11,0
1389.3,181,66,16,0,2,5,1170.77,1,1,1,11,0
3565.8,199,21,12,0,2,6,43.56,0,0,1,11,0
1336.69,244,25,1,0,5,5,16.87,1,0,1,15,1
1300.56,85,11,8,0,2,9,34.84,1,1,1,22,0
3758.86,146,37,7,0,2,3,2.51,1,1,1,10,0
2527.68,87,7,3,0,1,6,42.37,1,1,1,8,0
2480.35,278,63,2,0,6,14,18.4,1,1,1,16,0
2890.74,66,11,11,0,2,6,11.12,1,0,1,23,1
389.33,92,119,10,0,4,7,51.78,1,0,1,10,0
3853.7,300,72,6,0,1,3,13.3,1,1,1,6,0
3335.8,209,133,11,0,2,6,20.99,0,0,1,16,0
654.14,475,5,9,0,3,6,5.89,1,1,1,19,0
1416.46,145,96,1,0,3,6,48.66,1,1,1,16,0
1738.35,162,127,2,0,2,2,4.96,1,0,1,9,0
1580.51,415,2,12,0,1,2,7.23,1,1,1,13,0
2524.66,352,419,6,0,2,6,37.76,1,0,0,17,0
7565.6,304,21,17,0,1,5,9.47,0,1,1,10,0
5333.52,106,14,11,0,2,7,2.7,1,0,1,8,0
486.76,112,32,2,0,2,3,20.88,0,0,1,1,1
3367.99,171,1,3,0,4,8,681.59,1,0,1,7,1
6829.0,169,130,2,0,3,6,40.95,1,1,1,17,0
2661.93,107,18,19,0,4,8,81.38,1,0,1,16,1
5382.89,141,44,15,0,2,5,1.66,1,1,1,6,0
13524.67,175,58,4,0,2,6,21.47,1,1,1,11,0
5032.69,340,93,20,3,1,6,11.77,1,1,1,18,1
2319.97,397,17,21,0,1,4,35.75,0,1,1,12,0
5141.44,272,75,31,0,4,7,35.06,1,1,1,21,0
2089.93,58,7,23,0,3,5,6.21,1,1,1,8,0
1851.78,367,73,25,0,4,7,14.56,1,1,1,8,0
1272.31,273,151,5,0,1,8,43.29,1,1,0,10,0
8633.57,311,5,16,0,4,7,20.16,0,1,1,15,0
797.57,112,7,9,0,1,3,48.38,1,1,1,18,0
8369.65,424,48,8,0,2,7,7.26,1,1,1,10,0
2980.55,158,2,5,0,2,3,16.94,0,0,1,7,1
446.17,106,12,2,0,2,5,5.22,1,1,1,17,0
2611.42,287,12,6,0,1,3,25.3,1,1,0,20,0
221.4,173,39,4,0,1,6,44.76,1,1,1,18,0
3379.58,268,17,9,0,3,6,23.62,1,1,1,14,0
4381.87,140,38,14,0,2,3,1.13,1,0,1,20,0
999.89,81,44,9,0,4,6,9.9,1,1,1,17,0
2045.81,138,78,8,0,1,6,20.25,0,1,1,17,0
12761.11,68,175,10,0,4,8,20.7,1,1,1,8,0
1090.35,273,42,13,0,2,2,26.54,0,1,1,17,0
627.09,21,26,8,0,1,3,8.09,1,1,1,20,0
7955.85,354,17,7,0,2,4,12.18,1,0,1,9,0
12869.14,72,60,17,0,2,8,316.77,1,0,1,11,1
1814.74,327,171,5,0,3,10,2.54,1,0,1,20,0
4971.43,253,86,10,0,3,5,72.1,1,1,1,22,0
6915.19,33,13,60,0,1,5,2.95,0,1,1,22,0
860.5,204,134,11,0,1,2,34.06,1,1,1,12,0
1112.87,64,79,1,0,3,6,20.15,1,0,1,22,0
6191.14,204,8,5,0,3,4,32.24,1,0,1,16,0
9749.92,114,74,0,0,1,5,1.16,1,1,1,23,0
3174.42,34,20,14,0,2,4,0.64,1,1,1,9,0
750.08,245,40,0,0,6,9,623.56,1,1,1,11,1
13187.98,169,21,0,0,1,2,0.13,0,1,1,19,0
1063.19,180,5,12,0,1,3,3.91,1,1,1,6,0
1293.18,40,87,2,0,2,6,34.17,1,1,1,14,0
2546.15,36,105,6,0,3,7,6.82,1,1,1,12,0
8554.05,147,15,16,0,1,4,26.61,1,1,1,17,0
4247.03,321,16,7,0,7,12,4.67,1,0,1,13,1
2737.68,276,33,21,0,3,6,99.36,1,1,1,19,0
2873.51,240,100,11,0,3,3,19.62,0,1,1,10,0
1888.46,384,4,3,0,1,4,11.91,1,1,1,10,0
3159.41,118,99,29,0,4,9,1.73,1,1,1,18,0
144.09,249,153,11,0,3,7,11.73,1,0,1,15,0
1343.98,49,49,12,0,2,3,14.72,1,1,0,15,0
2301.51,620,3,4,0,2,5,12.66,0,1,1,18,0
571.91,103,18,4,0,4,9,6.03,1,1,1,21,1
2660.64,237,7,5,0,2,10,5.28,1,1,1,8,0
1473.7,469,18,12,0,3,5,34.7,1,0,1,12,0
10461.69,137,100,8,0,1,5,985.7,1,1,1,17,1
8716.91,234,3,1,0,1,6,37.52,1,1,1,17,0
1134.78,201,20,19,0,1,4,4.42,1,1,1,19,0
1554.89,132,43,4,0,3,4,5.98,0,1,1,2,0
1679.17,113,124,28,0,2,6,10.56,1,1,1,20,0
1150.95,71,17,30,0,4,6,17.37,1,1,1,11,0
2197.39,159,90,8,0,3,6,2.36,1,1,1,0,0
847.01,106,52,10,0,2,6,7.28,1,0,1,13,0
583.7,100,67,16,1,2,6,20.19,1,1,1,19,1
3370.15,260,118,10,0,1,4,2.78,0,1,1,14,0
3393.2,192,1,7,0,4,7,8.68,1,1,1,12,0
808.91,335,45,8,0,1,2,1397.54,1,0,0,18,1
4426.46,131,82,10,0,1,2,7.62,1,1,1,22,0
961.43,75,129,2,0,1,3,24.14,1,1,1,10,0
2328.93,263,8,4,0,2,5,0.02,1,1,1,16,0
4106.57,271,25,12,0,2,4,38.16,1,0,1,1,1
1748.28,214,4,6,0,3,5,21.56,1,1,1,17,0
2849.05,98,108,3,0,4,8,42.39,0,1,1,11,0
1078.76,182,116,7,3,2,7,28.45,1,1,1,7,1
1485.54,73,39,23,0,3,4,0.35,1,1,1,23,0
1471.65,104,1,29,0,2,4,50.27,1,1,1,16,0
856.99,362,6,24,0,3,8,53.16,1,0,1,23,0
1515.08,123,58,15,0,1,4,2.44,1,0,1,19,0
384.28,311,243,16,0,6,10,6.2,1,0,1,19,0
1106.38,223,109,4,0,4,4,22.51,1,1,0,13,0
1359.84,463,95,5,0,3,5,1238.8,1,0,1,15,1
1399.43,217,32,2,0,3,3,8.96,1,1,1,14,0
1420.13,208,252,16,0,4,6,14.24,1,1,1,13,0
1699.75,50,104,12,0,3,5,1490.68,0,0,1,8,1
2920.3,107,24,9,0,5,6,47.29,1,1,1,20,0
4335.17,147,82,13,0,2,4,7.33,1,0,1,17,0
944.1,574,33,1,0,3,7,29.61,1,1,1,7,0
542.83,113,64,3,0,3,5,31.87,1,1,1,19,0
637.76,77,210,12,0,2,9,0.47,1,1,1,13,0
1110.76,58,16,6,0,2,5,1.7,1,0,1,9,0
1271.66,49,95,6,0,3,8,6.87,1,0,1,23,0
837.15,586,53,4,0,3,5,24.84,0,1,1,16,0
494.67,198,179,15,0,4,7,3.11,1,1,1,13,0
1145.82,84,8,6,0,2,4,8.43,1,0,1,11,0
2167.71,390,76,2,0,4,4,24.41,1,0,1,11,0
3278.13,500,2,7,0,2,6,22.81,1,1,1,14,0
1035.44,87,16,16,0,4,8,19.61,1,1,1,13,0
1196.32,128,23,21,0,2,7,2.44,1,1,1,12,0
715.73,353,33,20,0,3,5,9.71,1,1,1,5,0
1752.08,274,201,0,2,6,8,27.96,1,1,1,19,1
774.0,157,4,13,0,2,3,14.77,1,0,1,18,0
3207.12,359,11,10,0,1,5,3.61,0,1,1,7,0
303.12,48,13,8,0,4,8,20.93,1,1,1,14,0
1261.9,74,33,17,0,2,5,366.45,1,1,1,9,0
2443.31,102,3,9,0,4,6,609.12,0,1,1,19,1
2172.94,93,201,10,0,2,6,1475.16,1,1,1,11,0
26716.42,25,49,4,0,4,6,17.38,1,1,1,21,1
2565.22,134,100,23,0,2,7,4.72,1,0,1,16,0
662.45,250,88,15,0,4,4,14.56,1,1,1,20,0
1643.42,298,64,5,0,5,9,3.69,0,1,1,16,0
306.05,283,140,18,0,2,5,5.42,1,0,0,13,0
1668.03,339,139,2,0,2,5,6.69,1,1,1,9,0
785.99,231,8,6,0,2,4,11.09,1,1,1,18,0
4516.04,118,139,4,0,6,8,7.7,0,0,1,15,1
1043.63,38,44,13,0,4,5,24.73,1,0,1,18,0
1608.78,38,18,6,0,3,6,7.78,1,1,1,12,0
957.61,189,56,1,0,1,3,9.81,1,1,1,8,0
10289.21,88,19,4,0,1,5,0.36,1,1,1,19,0
1311.28,183,39,3,0,4,9,7.83,1,0,1,9,1
11299.99,68,101,6,0,2,4,22.37,1,1,1,21,0
4081.22,381,1,2,0,1,4,6.97,1,0,1,17,0
2927.98,137,12,5,0,4,5,2.56,0,1,1,18,1
2614.25,145,188,2,0,2,4,13.15,1,1,1,10,0
2680.6,154,35,15,0,2,7,19.41,1,1,1,18,0
263.05,7,21,24,0,1,5,0.78,1,1,1,16,0
1368.02,355,154,41,0,2,7,8.35,1,1,1,4,0
4209.75,75,145,11,1,2,3,29.75,0,1,1,16,1
1721.76,157,2,4,0,3,6,31.6,1,1,1,16,0
443.55,179,27,10,0,3,10,10.18,1,1,1,18,0
1715.73,95,146,28,3,2,3,2.23,0,1,0,19,1
9937.85,253,11,8,0,2,5,43.37,1,1,1,20,0
6291.1,330,51,18,0,2,7,48.34,1,1,1,17,0
1699.34,38,23,0,0,1,3,47.84,0,0,1,21,0
4681.85,271,80,12,0,4,6,15.68,1,1,1,10,0
1253.25,31,10,1,0,4,6,15.65,1,0,1,13,1
329.02,95,54,26,0,2,6,8.99,1,1,1,9,0
717.33,116,1,17,0,2,3,17.47,1,1,1,21,0
8629.04,119,17,17,0,3,7,9.84,1,1,1,21,0
1374.72,366,10,3,0,2,3,1507.86,0,1,1,19,1
1417.45,124,14,9,0,5,9,0.07,1,1,1,23,0
1339.65,124,118,3,0,2,5,6.86,0,0,1,11,0
12138.49,60,147,13,0,3,4,3.88,1,0,1,22,0
9190.81,210,84,5,0,3,7,19.47,1,1,1,12,0
16626.95,149,53,10,0,4,9,35.47,1,1,1,7,1
1542.18,237,15,11,0,2,3,2.68,1,1,1,17,0
2429.95,59,19,14,0,3,7,6.7,1,1,1,13,0
396.77,469,22,8,0,1,8,56.04,1,1,1,21,0
7918.32,283,90,12,0,3,7,0.85,1,1,1,12,0
562.4,1037,17,9,0,4,9,34.74,1,1,1,17,0
2245.71,178,217,2,0,3,3,38.39,1,1,1,16,0
603.47,319,95,13,0,2,6,7.96,1,1,1,12,0
1003.38,477,490,12,0,3,5,21.21,1,1,1,16,0
782.69,213,36,2,0,4,10,2.5,1,1,1,16,0
984.49,152,53,3,0,3,7,19.13,1,1,1,14,0
1054.56,122,19,4,0,4,9,5.1,0,1,1,14,1
1044.96,139,55,7,0,4,8,65.92,1,0,1,17,1
4160.26,194,218,4,0,3,9,2.25,1,1,1,12,0
598.93,147,1,8,0,3,6,12.91,0,1,1,9,0
2254.18,267,20,5,0,1,4,26.44,0,1,1,20,0
6111.69,403,19,27,0,3,7,1157.13,1,1,1,19,0
1082.26,69,242,13,0,7,10,0.96,1,0,1,10,0
881.9,69,8,16,0,2,6,535.73,1,1,1,11,0
1435.8,126,100,3,0,2,5,34.9,1,1,1,18,0
5882.43,38,19,9,0,1,6,890.38,1,1,1,21,1
2195.37,449,118,7,3,1,4,362.05,1,1,1,19,1
1062.93,340,40,3,0,1,4,6.86,0,1,1,20,0
2933.28,151,16,10,0,4,6,737.42,1,0,1,15,1
600.47,161,74,15,0,2,3,59.2,1,1,1,21,0
3573.71,217,110,5,0,1,5,5.92,0,1,1,7,0
2720.6,97,38,15,0,1,3,18.47,1,1,1,14,0
1329.01,136,75,4,0,4,7,6.9,1,1,1,21,0
781.66,102,12,28,0,2,7,0.27,0,1,1,11,0
744.95,180,166,12,0,1,4,9.12,1,1,1,15,0
3086.57,183,6,19,0,1,5,1.59,1,1,1,15,0
6179.42,158,15,3,0,1,2,12.82,1,0,1,12,0
955.94,320,20,2,0,2,5,1.81,1,0,1,15,0
2859.46,159,9,10,0,2,4,11.16,1,1,1,16,0
224.3,166,31,6,0,2,5,19.27,1,0,1,20,0
1007.66,51,36,11,0,2,3,33.38,1,1,1,6,0
1752.75,262,43,3,0,3,8,29.78,1,0,1,13,0
728.01,192,2,12,0,3,5,12.99,1,1,1,15,0
708.74,280,14,21,2,4,6,63.02,0,1,1,23,1
927.25,90,98,7,0,2,3,5.83,1,1,1,11,0
2421.62,73,99,2,0,1,6,7.37,1,1,1,14,0
1499.18,146,24,15,0,1,5,309.3,1,1,1,17,0
192.82,32,37,8,0,4,5,1.58,1,1,0,17,1
216.87,465,12,3,0,3,6,10.13,1,1,1,22,0
985.49,143,103,17,0,2,7,1232.16,1,1,1,20,0
2857.45,17,188,14,0,2,5,50.81,1,1,1,19,0
115.87,119,20,9,0,4,9,23.02,1,1,1,11,0
1096.93,153,91,1,0,2,4,1.41,1,0,1,16,0
1068.22,405,26,6,0,4,8,20.83,0,1,1,11,0
7246.96,178,1,8,0,2,4,36.07,1,1,1,21,0
1230.26,55,54,10,1,6,9,3.64,1,1,1,9,1
2651.79,219,31,2,0,2,7,21.21,1,1,1,10,0
2082.36,177,85,7,0,4,11,1173.79,1,0,1,11,1
214.74,149,82,5,0,1,2,9.62,1,0,1,6,0
3897.95,133,175,3,0,3,4,38.68,1,1,1,10,0
2242.61,307,34,20,0,3,5,6.35,1,1,1,7,0
3005.71,173,39,3,0,2,5,0.11,0,1,1,16,0
91696.34,166,30,39,0,2,3,64.3,1,0,1,0,1
224.95,352,21,10,0,2,7,18.43,1,0,1,20,0
10144.6,285,60,6,0,2,5,22.21,1,0,1,17,0
1356.35,219,105,10,3,1,3,35.4,1,1,1,11,1
2409.87,104,10,11,0,3,4,6.11,1,1,1,10,1
1727.6,139,240,11,0,2,3,15.47,1,1,1,7,0
1182.95,162,69,1,0,3,10,38.7,1,1,1,23,0
1022.66,61,90,12,0,2,5,43.11,1,0,1,14,0
2513.69,121,406,9,0,5,8,28.06,1,1,1,16,0
396.56,177,42,11,0,2,9,10.41,1,1,1,11,0
3829.84,250,4,6,0,2,2,24.31,1,1,1,12,0
1192.5,243,93,16,0,2,6,16.68,1,1,1,3,0
584.02,42,122,19,0,3,5,18.64,1,0,1,21,0
1152.84,133,10,3,0,6,11,1414.87,1,1,1,15,1
6355.97,95,1,5,0,1,4,21.87,1,1,1,14,0
1058.56,35,8,27,0,4,5,5.97,1,1,1,16,0
2587.52,157,23,15,0,5,7,11.2,1,1,1,12,0
870.48,120,154,7,0,2,5,53.76,1,1,1,17,0
3858.07,173,1,8,0,4,7,15.06,1,0,1,23,1
3588.57,245,97,7,0,3,5,42.22,1,0,1,0,0
11482.84,218,115,5,0,3,4,3.16,1,1,1,15,0
1516.92,505,99,11,0,2,6,4.34,1,1,1,12,0
3528.59,191,5,6,0,5,10,9.17,1,0,1,14,1
1994.34,396,68,22,0,3,3,8.69,1,1,1,14,0
6606.91,76,184,5,0,3,6,51.67,1,1,1,17,0
881.1,216,7,13,0,3,5,49.46,1,1,1,18,0
3808.56,103,1,22,0,4,7,17.15,1,0,1,12,1
1488.17,144,124,19,0,1,3,4.42,1,0,1,8,0
1695.63,289,62,7,0,4,8,59.87,1,1,1,14,0
1981.78,143,62,8,0,1,4,497.6,1,0,1,16,0
2326.78,324,200,5,0,4,7,36.65,1,1,1,12,0
1609.65,105,88,5,0,2,4,0.82,1,1,1,17,0
2241.08,74,30,15,0,3,4,6.66,1,0,1,19,1
8761.46,199,34,21,0,3,6,2.09,1,1,1,8,0
4843.78,205,9,5,2,2,3,0.98,1,1,1,19,1
4311.99,137,21,4,0,3,5,0.63,1,1,1,23,0
1146.49,256,35,18,0,2,7,675.07,0,1,1,8,0
743.05,30,18,11,1,2,7,25.01,1,0,1,11,1
4699.92,83,148,3,0,2,6,35.65,0,1,1,10,0
4341.81,227,1,2,0,2,5,36.06,1,1,1,20,0
7884.63,147,53,3,0,3,3,1.52,1,1,1,18,0
988.33,109,88,4,0,3,5,12.94,1,0,1,19,0
1437.2,189,79,13,0,2,3,6.93,1,1,1,18,0
350.91,309,61,8,0,2,6,62.41,0,0,1,10,0
1221.13,216,31,24,0,2,3,1163.89,0,1,1,0,1
4897.94,278,150,5,0,2,5,19.44,1,1,1,10,0
1134.0,224,23,8,0,2,8,949.87,1,1,1,22,0
3430.56,358,83,16,1,2,6,13.15,1,1,1,23,1
1494.43,121,156,3,3,4,7,4.53,1,1,1,15,1
2500.03,321,8,3,0,2,5,40.95,1,1,1,1,0
573.82,45,176,2,0,5,7,41.01,1,1,1,18,0
1968.86,68,89,11,0,4,7,22.08,1,1,1,9,0
90.82,253,57,4,0,2,6,0.75,1,0,1,20,0
1499.83,65,28,8,0,2,6,9.96,0,0,1,8,0
354.08,137,140,4,0,3,6,51.66,1,0,1,9,0
6039.0,355,2,28,0,1,6,6.97,1,1,1,14,0
3933.98,75,33,3,0,4,6,46.01,1,1,1,0,0
2883.24,293,84,13,0,3,6,0.18,1,1,1,19,0
8275.1,133,100,7,0,4,7,10.91,1,1,1,13,0
700.0,70,13,9,0,3,7,5.74,1,1,1,10,0
10377.17,172,2,20,0,1,2,11.93,0,1,1,8,0
4592.55,341,97,20,0,3,5,1.75,1,0,1,3,0
1427.16,63,32,5,0,3,8,6.37,1,0,1,14,0
5628.62,60,9,10,0,1,5,11.4,1,0,1,21,0
598.07,248,5,4,0,2,5,0.92,1,0,1,10,0
792.73,116,61,19,0,2,2,27.04,1,0,1,19,0
983.79,509,52,0,0,3,4,8.68,1,0,1,17,0
1065.31,205,115,8,0,4,5,20.15,1,0,1,20,0
628.57,308,1,8,0,1,3,5.38,1,0,1,16,0
6143.09,201,121,3,0,3,6,354.74,1,0,1,13,0
1395.69,64,130,18,0,2,6,5.7,0,1,1,10,0
2572.17,88,35,0,0,1,4,79.3,1,1,1,9,0
1022.13,97,4,5,0,2,8,0.74,1,1,1,10,0
292.77,232,175,6,0,2,6,38.08,1,1,1,16,0
2368.61,168,4,16,0,2,5,5.47,1,1,1,18,0
267.13,37,53,29,0,2,5,5.59,1,0,1,10,0
1688.11,261,40,15,0,1,6,333.6,1,1,1,10,0
460.21,566,108,10,0,2,5,17.97,1,0,1,8,0
13190.81,74,41,26,0,1,4,2.36,1,1,1,20,0
4497.89,83,37,3,0,3,7,0.17,1,1,1,6,0
2009.73,106,127,16,0,1,5,0.23,1,1,1,0,0
6397.78,155,199,3,0,1,5,12.83,0,0,1,4,0
775.64,79,47,8,0,3,5,15.71,0,1,1,14,0
3113.43,352,36,14,0,2,4,46.82,1,1,1,16,0
2207.93,434,106,12,0,2,3,14.28,1,0,1,12,0
2354.35,183,106,5,0,3,8,17.52,1,0,1,16,0
6453.34,162,23,2,0,4,7,69.34,1,1,1,17,1
3761.2,42,51,15,0,2,7,1145.51,1,0,1,18,1
2413.24,69,10,5,0,1,7,7.76,1,1,1,7,1
345.54,26,60,13,0,4,9,0.51,1,0,1,18,1
692.25,110,107,15,0,2,9,13.63,1,1,1,19,0
1599.25,125,12,30,0,1,4,1520.17,1,1,1,11,1
1985.0,245,23,3,0,3,6,1.3,1,1,1,21,0
583.94,184,35,6,0,5,8,31.16,1,1,1,1,1
20164.45,93,111,10,0,1,4,8.52,1,1,1,13,0
8237.02,254,78,32,1,1,2,669.83,1,0,1,18,1
3301.45,622,22,2,0,1,5,6.86,1,1,1,14,0
1943.09,262,16,9,0,3,6,46.61,1,1,1,23,0
1462.34,117,71,15,0,3,5,34.88,1,1,1,11,0
697.9,197,39,4,0,3,5,1.16,1,1,1,7,0
1953.7,77,54,3,0,6,10,4.03,1,0,1,12,1
2339.64,71,62,29,0,2,5,10.98,1,1,1,10,0
522.3,454,49,14,0,1,5,7.29,1,0,1,9,0
2525.45,200,56,5,0,3,4,4.14,1,0,1,12,0
1548.03,314,131,4,0,3,5,68.88,1,0,1,12,0
268.32,140,121,40,0,3,6,21.62,1,1,1,18,0
764.8,70,9,16,0,1,1,13.17,1,1,1,15,0
1195.59,60,52,4,0,2,5,16.18,1,0,1,15,0
11940.46,86,34,38,0,2,4,17.06,1,1,0,16,0
3154.4,217,20,20,3,1,2,1.74,0,1,1,19,1
475.57,50,59,14,0,1,5,66.53,1,1,1,11,0
2939.62,173,42,20,0,2,3,67.49,1,1,1,18,0
384.79,236,89,35,2,3,5,24.76,0,0,1,19,1
5338.45,68,5,13,0,1,2,57.7,1,1,1,10,0
1128.76,620,21,3,0,6,7,20.32,1,1,1,10,0
1646.43,291,1,8,0,4,7,19.88,1,0,1,19,0
6807.61,154,82,14,0,2,2,10.7,1,1,1,21,0
499.11,98,146,5,0,4,5,27.35,1,1,1,19,0
447.14,204,53,4,0,1,1,34.72,0,1,1,12,0
1008.68,200,57,12,2,5,8,762.37,1,1,1,20,1
5107.06,175,2,7,0,2,4,6.15,1,1,1,18,1
395.7,209,42,19,0,4,8,52.31,1,1,1,9,0
106.47,80,44,10,0,4,7,4.02,1,0,1,18,0
1151.52,261,2,1,0,4,7,0.18,1,1,1,16,0
3139.26,56,91,32,0,3,7,9.82,1,1,1,13,0
6004.48,28,19,7,0,1,3,37.1,1,1,1,19,0
1137.78,243,77,9,1,2,3,62.17,0,1,1,20,1
1198.2,213,30,7,0,3,7,1.59,1,0,1,7,0
5732.46,165,326,4,0,1,4,4.35,0,1,1,19,0
278.73,106,14,13,0,1,4,5.67,1,1,1,14,0
1225.96,120,3,12,0,3,5,8.35,0,1,1,20,0
2187.3,78,234,24,0,1,2,21.08,1,0,1,16,0
2833.36,198,16,3,0,2,7,2.66,1,1,1,15,0
1085.93,23,60,7,0,3,5,28.55,1,1,1,14,0
1871.4,36,28,4,0,4,6,9.57,1,1,1,9,0
150.16,81,61,3,0,4,5,1404.73,1,1,1,9,1
936.13,182,54,6,0,2,4,15.35,1,1,1,2,0
2845.54,156,73,4,0,4,5,2.56,0,1,1,14,0
677.02,368,1,9,0,2,4,1287.93,1,1,1,2,1
1917.9,138,108,7,0,2,4,58.35,0,1,1,17,0
2826.72,275,39,6,0,1,6,21.94,1,1,1,7,0
1283.63,176,43,15,0,2,4,31.58,1,1,1,15,0
2144.08,27,31,13,0,1,3,22.47,1,0,1,10,0
690.4,70,272,20,0,2,6,38.72,0,1,1,6,0
1470.55,78,97,8,0,3,7,1.35,1,1,0,14,0
3328.3,93,22,3,0,3,6,1.7,0,1,1,11,0
2115.34,128,91,20,0,3,6,1.27,1,1,1,18,0
1005.73,319,34,13,0,1,7,0.33,1,1,1,11,0
2262.48,145,122,4,0,2,5,2.59,1,1,1,11,0
3694.53,102,1,3,0,3,6,8.24,0,1,1,13,1
232.77,286,26,3,0,1,6,19.22,0,1,1,0,0
5762.2,285,33,9,0,2,7,4.86,0,1,1,17,0
1291.74,19,81,29,0,4,4,29.46,1,1,1,16,0
2766.92,155,12,6,0,2,4,233.43,1,0,1,19,0
5986.41,345,20,13,0,1,2,3.44,1,0,1,5,0
458.67,139,77,10,0,3,6,7.74,1,0,1,8,0
889.41,73,4,8,0,2,5,651.62,1,1,1,17,1
1354.86,273,13,6,0,3,5,12.97,1,1,1,5,0
825.71,65,83,8,0,2,5,3.47,1,1,1,18,0
10249.01,178,125,11,0,2,4,15.48,1,1,1,20,0
767.57,138,78,9,0,2,2,17.28,1,1,1,9,0
1037.38,42,44,14,0,4,9,2.63,1,1,1,7,0
2218.06,309,6,17,1,3,6,41.46,1,1,1,14,1
543.4,208,105,7,0,2,3,14.27,1,1,1,18,0
1217.21,377,7,14,0,1,2,21.68,1,0,1,10,0
2483.57,156,29,19,0,1,2,61.95,1,1,1,15,0
1296.13,77,3,7,0,2,3,17.68,1,1,1,22,1
1646.84,45,74,14,0,3,6,28.81,1,1,1,6,0
1064.93,288,42,11,0,3,6,2.78,0,1,1,13,0
397.63,72,142,23,0,6,11,2.29,1,1,1,10,0
2493.88,618,8,15,0,1,4,292.99,1,1,1,10,0
10456.02,466,102,3,0,4,6,6.74,1,1,1,0,0
1841.62,166,42,4,0,2,2,128.17,1,1,1,18,0
2264.85,131,27,6,0,3,11,9.42,0,1,1,7,0
3614.55,93,61,9,0,4,9,21.4,1,1,1,11,0
508.1,102,93,4,0,1,2,4.47,1,0,1,20,0
9922.05,551,34,8,0,2,4,11.3,0,0,1,21,0
2213.5,117,15,20,0,3,11,4.03,0,1,1,8,0
9245.17,218,148,20,0,3,6,3.56,1,1,1,16,0
868.67,228,22,8,0,1,4,12.64,1,1,1,4,0
11137.38,299,380,5,0,4,5,13.11,0,1,1,18,0
3925.13,206,87,14,0,8,10,33.42,1,1,1,17,0
3143.34,157,69,20,0,1,3,7.78,1,0,1,12,0
2284.78,86,1,13,0,1,5,74.16,1,0,1,11,0
1410.18,225,35,9,0,1,1,24.9,1,1,1,9,0
6006.1,195,41,15,1,1,7,5.72,1,1,1,12,1
2080.49,115,28,6,0,3,3,3.36,1,0,1,10,0
252.88,212,9,19,0,6,10,15.65,1,1,1,10,0
591.59,148,27,7,0,2,7,17.65,1,1,1,12,0
1501.4,195,4,5,0,2,6,11.72,1,1,1,14,0
2465.13,253,20,27,0,2,5,8.0,1,1,1,12,0
1708.57,177,5,5,0,3,7,40.72,1,0,1,21,0
6117.88,268,83,6,0,1,4,17.81,1,1,1,9,0
256.95,175,66,15,0,4,8,27.88,1,1,1,12,0
2087.22,299,168,2,0,2,4,5.93,1,1,1,14,0
293.54,127,28,18,0,3,6,27.54,1,1,1,2,0
3864.98,73,92,33,0,2,5,3.02,1,0,1,10,0
1645.08,189,53,7,0,3,7,9.85,1,1,1,12,0
2750.7,427,62,4,0,3,6,36.33,1,1,1,23,0
762.13,280,47,5,0,4,7,39.27,1,1,1,20,0
6499.4,424,90,7,0,2,5,4.46,1,1,1,13,0
5124.17,115,2,21,0,4,4,28.05,1,0,1,16,0
3240.7,157,5,17,0,2,5,587.86,0,0,1,19,0
1588.4,77,6,13,0,3,7,25.93,1,1,1,16,0
3228.77,60,20,9,0,3,6,17.72,1,1,0,19,0
891.68,389,53,3,0,2,6,26.39,1,0,1,2,0
4253.75,365,62,10,0,2,7,7.81,0,1,1,20,0
9409.55,239,74,3,0,4,6,1.29,1,0,1,20,0
5274.35,116,19,5,3,2,2,33.04,1,1,1,8,1
871.66,257,63,9,0,1,4,32.46,1,0,1,22,0
2595.2,346,7,10,0,3,6,4.82,1,0,1,14,0
496.14,456,1,15,0,3,6,97.37,1,1,1,17,0
3204.75,49,71,14,0,3,6,22.46,1,1,1,9,0
2837.29,128,75,29,0,2,5,4.48,1,0,1,18,0
278.71,120,58,5,0,2,4,31.09,1,0,1,21,0
565.79,143,17,15,0,1,5,0.53,1,1,1,16,0
1362.21,228,157,12,0,1,7,373.3,1,1,1,16,0
1338.28,29,125,13,0,1,7,12.15,1,0,1,17,0
539.44,114,43,20,0,2,8,4.83,1,0,0,7,0
2667.72,122,271,12,0,5,7,40.55,1,0,1,19,0
2325.0,174,21,8,0,1,4,26.85,1,0,1,9,0
1488.81,188,40,14,0,4,11,644.83,0,1,1,14,1
849.13,141,157,6,0,3,8,38.06,1,0,1,7,0
5160.08,515,37,6,0,3,6,21.23,0,1,1,7,0
9465.48,150,38,3,0,1,3,13.39,1,1,1,19,0
1114.81,226,4,24,0,2,3,2.99,0,1,1,6,0
980.27,252,14,34,0,2,5,14.98,1,0,1,22,0
2954.86,83,10,15,0,3,5,1.31,1,0,1,22,1
1263.92,87,49,2,0,1,4,1059.38,1,1,1,11,1
1572.78,255,23,10,0,4,10,69.3,1,1,1,12,0
3788.23,368,4,11,0,2,8,21.98,0,1,1,9,1
267.91,455,42,14,0,1,2,19.35,0,1,1,11,0
6756.78,85,66,6,0,1,6,1.09,0,1,1,13,0
1944.35,308,80,10,0,1,1,0.39,0,1,1,8,0
1198.12,165,109,15,0,3,5,1.55,1,1,1,18,0
1653.69,364,39,13,0,3,7,30.23,1,1,1,11,0
1741.37,210,29,13,0,3,4,9.11,1,0,1,6,0
320.15,240,69,8,0,4,7,48.18,1,1,1,20,0
8062.17,404,1,6,0,2,5,12.36,1,1,1,5,0
1884.33,430,60,18,2,3,8,17.31,1,0,1,21,1
2815.8,183,31,0,0,6,9,34.06,1,1,1,23,1
4682.32,44,36,25,0,1,4,1.87,0,0,1,10,0
651.21,99,21,7,0,3,7,17.71,1,0,1,21,1
2902.92,560,8,10,0,2,4,14.98,1,1,1,20,0
1383.48,248,30,9,0,2,2,2.86,1,1,1,23,0
4216.54,86,22,29,0,2,6,26.47,1,1,1,10,0
215.46,110,193,6,0,1,5,1041.61,1,1,1,18,0
1637.47,330,172,29,0,1,4,107.07,0,1,1,21,0
989.48,507,61,14,0,1,4,2.79,1,0,1,8,0
2785.72,171,140,22,0,2,4,24.1,1,1,1,9,0
2892.99,365,83,18,0,2,7,18.69,1,1,1,19,0
891.03,305,25,6,0,2,3,38.38,1,0,0,7,0
886.98,212,55,1,0,1,2,26.55,1,1,0,11,0
1618.63,268,14,6,0,2,4,1503.42,1,1,1,14,1
737.57,206,69,0,0,3,5,1365.98,1,1,1,21,1
4196.41,373,2,8,0,1,1,3.23,1,1,1,21,0
1249.87,278,106,25,0,3,5,71.98,1,1,1,16,0
98.79,49,52,3,0,3,5,7.85,1,1,1,15,0
1242.87,149,3,10,0,2,7,21.47,1,1,1,14,0
639.99,85,123,8,0,4,9,14.5,1,0,1,19,0
353.8,185,126,23,0,2,5,1243.69,1,1,1,12,0
524.57,143,114,0,0,1,3,15.37,1,1,1,18,0
2017.08,108,89,20,1,5,7,31.93,1,0,1,0,1
6827.0,65,67,2,0,3,8,6.57,1,1,1,13,0
2472.99,26,30,14,0,3,7,13.76,1,1,1,19,0
985.84,369,8,8,0,1,2,23.45,1,0,1,11,0
2852.37,369,20,6,0,2,5,68.75,1,1,1,6,0
1142.43,63,25,10,0,3,3,8.45,1,1,1,15,0
902.71,210,26,5,0,2,4,17.4,0,1,0,21,0
570.0,38,50,8,0,5,7,14.93,1,1,1,16,0
313.62,94,14,27,0,2,5,4.08,1,1,1,13,0
1224.24,136,12,4,0,2,4,10.28,1,0,1,5,0
2117.63,102,75,1,1,3,4,32.25,0,1,1,21,1
1641.52,247,1,4,0,3,4,12.28,1,1,1,5,0
1192.77,13,9,8,0,2,9,5.62,1,1,1,18,0
702.23,92,34,8,0,2,6,39.02,1,1,1,8,1
3321.75,293,9,5,3,2,4,340.59,1,1,1,14,1
484.38,35,192,18,0,4,7,28.74,0,0,1,12,0
3928.56,100,66,21,0,2,4,7.96,1,1,1,1,0
663.67,318,34,4,0,1,4,78.17,1,0,1,7,0
851.98,541,7,5,0,1,6,14.69,1,0,1,18,0
417.05,369,29,6,0,2,8,22.69,1,1,1,20,0
1095.1,134,63,14,0,2,5,1.7,1,0,1,20,0
4794.92,538,208,2,0,1,10,39.82,1,1,1,21,0
3027.91,298,38,11,0,1,6,3.58,1,0,1,11,0
4809.85,64,70,7,0,2,7,11.3,1,1,1,15,0
3047.7,40,13,5,0,2,4,39.24,1,0,1,11,0
599.64,283,58,25,0,2,4,493.86,0,1,1,19,0
1298.82,152,16,5,0,1,5,60.41,1,0,1,16,0
828.65,62,13,6,0,3,7,45.81,0,1,1,21,0
6840.22,147,42,26,0,2,5,31.89,1,0,1,11,0
546.32,333,14,9,0,3,5,954.73,1,0,1,9,1
4419.13,103,76,24,0,2,6,934.5,1,0,1,16,0
4415.84,101,166,16,0,1,2,19.69,1,1,1,11,0
11266.85,145,30,4,0,7,9,1168.63,0,1,1,7,1
1200.28,160,23,9,0,3,5,10.19,1,1,1,10,0
3686.09,127,11,12,0,1,2,10.08,1,1,1,10,0
17705.88,249,29,25,0,2,5,0.22,1,1,1,15,0
974.92,267,49,4,0,2,5,14.71,1,1,1,9,0
389.54,156,28,14,0,1,4,728.9,1,1,1,14,0
275.89,98,58,56,0,5,6,18.61,1,1,1,12,0
3687.53,114,65,6,0,3,6,23.22,1,1,1,13,0
275.02,391,6,10,0,3,6,14.25,1,1,1,19,0
1245.98,533,71,9,0,3,4,23.48,1,1,1,22,0
2799.83,54,138,15,0,4,7,9.91,1,0,1,12,0
2175.85,67,1,9,0,1,5,2.03,1,1,1,14,0
2766.79,112,48,10,3,3,9,37.7,1,1,1,7,1
2258.12,397,55,11,0,3,8,26.32,1,1,1,14,0
6495.51,127,74,3,0,2,3,39.73,0,1,1,16,0
697.63,249,29,25,0,2,6,7.97,0,1,1,11,0
918.74,147,102,10,2,2,8,23.5,1,0,1,18,1
834.92,114,46,1,0,3,5,18.74,1,1,1,16,0
4147.21,140,31,25,0,2,5,13.79,1,0,1,16,0
4448.84,63,76,12,0,2,8,10.67,0,1,1,16,0
2839.05,268,157,8,0,2,4,48.66,1,1,1,8,0
5904.64,97,100,14,0,1,7,35.41,1,1,1,18,0
556.66,106,160,7,0,1,8,21.17,1,0,1,13,0
9578.0,88,18,27,0,5,9,4.18,1,1,1,8,1
8293.59,433,7,3,0,3,6,19.54,0,1,0,0,0
3772.99,120,45,24,0,3,5,8.7,1,0,1,7,0
10740.74,194,2,9,0,2,5,17.97,1,0,1,5,0
344.94,24,67,24,0,1,5,6.17,1,1,1,12,0
1070.15,12,16,14,0,2,5,253.87,1,0,1,21,0
866.7,64,36,7,0,5,9,13.69,1,1,1,16,0
3720.0,318,63,4,0,2,3,18.71,1,1,1,15,0
632.61,186,39,2,0,3,5,15.39,1,0,1,11,0
3856.42,460,16,5,0,3,5,21.38,0,1,1,19,0
7119.1,348,127,22,0,2,5,3.89,1,1,1,18,0
3623.53,89,86,30,0,2,6,6.41,0,0,1,7,0
2401.27,147,55,10,0,3,5,65.35,0,1,1,9,0
673.26,384,71,0,0,3,5,1.77,1,0,1,18,0
775.22,137,32,5,0,1,8,3.68,1,0,1,22,0
6308.28,262,28,2,0,3,5,858.75,0,1,1,3,1
3941.63,55,10,16,0,1,6,20.87,1,1,1,21,0
1738.85,210,97,7,0,3,5,28.1,1,0,1,6,0
1190.45,164,28,7,0,3,5,22.94,0,1,1,9,0
238.46,90,70,6,0,1,1,8.06,1,0,1,13,0
619.65,151,21,7,0,2,6,11.8,0,1,1,5,0
12227.21,207,95,2,0,1,4,1.57,1,1,1,20,0
502.47,310,6,3,0,3,8,1476.03,1,0,1,8,1
2185.24,439,58,11,0,3,6,49.2,1,1,1,15,0
4951.49,284,98,8,0,1,6,39.67,1,1,1,10,0
515.47,361,64,5,0,2,7,537.46,1,1,1,20,0
2174.84,80,71,34,0,2,6,1390.41,1,0,1,16,0
4618.92,70,44,15,0,4,7,478.99,1,1,1,5,0
1830.78,241,49,4,0,4,7,28.05,0,0,1,14,1
31837.59,58,4,5,0,3,8,22.93,1,1,1,18,1
340.84,141,17,8,0,3,9,3.32,0,0,1,8,0
5212.05,280,76,13,0,1,3,33.3,1,0,1,13,0
1521.11,398,174,5,0,2,6,25.53,1,1,1,20,0
3912.45,213,46,9,0,1,3,33.26,1,1,1,20,0
2811.03,75,77,22,0,2,5,36.24,1,1,1,14,0
868.57,170,69,8,0,3,4,10.25,1,1,1,10,0
2273.32,183,443,7,0,4,8,26.15,1,0,1,15,0
282.05,99,95,4,0,1,6,43.24,1,0,1,19,0
3305.18,43,59,16,0,4,7,3.17,1,0,1,1,1
2436.11,285,7,11,0,2,7,15.48,1,1,1,9,0
3424.33,144,27,4,0,4,10,48.85,1,1,1,3,1
5208.87,259,17,11,0,1,5,16.77,1,0,1,17,0
2611.34,200,115,14,0,1,3,5.56,1,1,1,16,0
2096.64,144,35,17,0,3,5,22.65,1,1,1,12,0
749.14,130,45,9,0,1,4,17.71,1,1,1,0,0
886.94,161,200,6,0,2,7,35.35,1,1,1,19,0
5923.81,240,108,19,0,3,5,5.9,1,1,1,16,0
7603.28,18,93,18,0,3,7,16.18,1,1,1,22,0
1424.95,236,9,16,0,1,4,626.16,1,1,1,8,0
1893.16,224,1,10,0,2,4,16.11,1,1,1,7,0
731.71,283,8,14,0,1,4,12.69,1,0,1,18,0
5841.58,411,80,10,0,1,6,1.83,1,1,1,15,0
3517.19,101,31,7,0,2,6,5.47,1,0,1,20,0
12597.04,50,7,12,0,2,4,10.93,1,1,1,11,0
751.2,192,80,16,0,1,4,43.92,1,0,1,15,0
1238.92,182,12,4,0,5,9,1373.22,1,1,1,20,1
2278.89,132,53,14,0,1,5,59.64,1,1,1,16,0
3451.24,229,81,7,0,1,3,12.16,0,1,1,20,0
1457.29,107,56,32,0,2,5,10.99,0,1,1,10,0
755.24,145,303,3,0,2,3,12.81,1,1,1,8,0
4365.15,235,34,19,0,4,6,7.65,1,1,1,15,0
3718.72,134,22,41,0,2,3,9.63,1,1,1,23,0
723.23,182,13,2,0,1,3,29.51,1,0,1,15,0
7012.45,135,42,23,0,2,3,13.66,1,1,1,10,0
5826.66,76,114,6,0,4,7,46.4,1,0,1,8,1
2067.92,280,176,1,0,3,6,364.34,1,1,1,20,0
1957.84,265,214,5,0,2,5,3.28,1,1,1,15,0
3146.54,259,45,15,2,3,4,5.52,1,1,1,10,1
763.79,153,55,14,0,3,8,24.09,1,1,1,23,0
1863.16,294,52,8,0,7,8,811.48,1,1,1,9,1
210.11,302,37,2,0,2,5,3.77,1,1,1,13,0
4343.59,381,9,2,0,1,6,23.69,0,0,1,23,0
379.37,155,4,10,0,3,3,13.18,1,1,1,12,0
8130.84,190,34,3,0,3,5,16.59,1,1,1,12,0
1299.69,76,12,6,0,2,4,16.1,1,1,1,12,0
1463.13,411,130,3,0,3,10,26.98,1,1,1,11,0
965.13,137,86,13,0,2,3,0.7,1,1,1,11,0
1355.55,60,57,4,0,2,4,9.63,0,0,1,18,1
7469.11,388,2,22,0,3,7,8.85,1,1,1,15,0
150.23,151,58,4,0,3,6,3.8,1,1,1,8,0
6483.17,510,58,13,0,4,7,6.4,1,0,1,10,0
2535.19,174,34,0,0,1,5,44.37,1,0,1,16,0
540.76,98,64,26,0,2,7,24.55,1,1,1,10,0
616.89,287,117,19,0,2,6,23.61,1,1,1,11,0
9666.22,145,85,19,0,1,5,13.53,1,0,1,18,0
702.39,253,38,14,0,2,5,7.97,1,1,1,13,0
570.58,103,18,13,0,2,5,6.25,1,1,1,10,0
5638.17,236,38,10,0,4,8,1.83,1,1,1,6,1
2536.53,129,175,4,0,5,6,2.26,0,0,1,11,0
707.74,275,102,1,0,3,5,7.19,1,0,1,10,0
2245.37,160,1,8,0,4,8,15.77,1,1,1,20,1
648.23,190,91,5,0,3,4,14.79,1,0,1,9,0
5436.12,143,11,4,0,5,6,638.12,0,0,1,15,1
5225.84,165,50,11,0,3,7,70.92,1,1,1,17,0
3077.91,272,98,15,0,3,5,617.39,1,1,1,19,0
2595.83,74,49,10,0,2,9,790.45,1,0,1,14,1
10521.63,205,31,1,0,1,4,65.83,1,1,1,20,0
1807.48,669,23,24,0,1,7,58.7,1,1,1,8,0
554.53,354,21,2,0,1,6,4.54,1,1,1,14,0
2834.08,153,108,1,0,2,8,13.48,1,0,1,5,0
14560.2,183,104,11,0,2,8,1.22,1,1,1,7,0
655.4,123,104,8,0,2,5,88.67,1,1,1,10,0
1259.58,248,19,8,0,3,5,33.18,1,1,1,14,0
2742.01,61,96,9,0,1,7,0.87,0,1,1,12,0
1713.16,129,2,9,0,2,7,54.5,1,0,1,10,0
677.02,98,13,4,0,3,5,7.12,1,0,1,7,0
5551.69,126,43,8,0,2,4,63.23,1,1,1,12,0
18398.8,199,31,4,0,2,7,23.56,1,0,1,6,0
2199.82,20,7,5,0,4,6,35.72,1,0,1,14,1
732.11,139,2,11,0,3,6,17.26,1,0,1,13,0
384.15,118,56,4,0,1,4,8.64,0,1,1,13,0
2340.16,311,22,5,0,3,4,3.03,1,0,1,0,0
5452.76,85,1,2,0,2,4,49.38,1,1,1,14,0
2907.85,201,33,7,0,1,3,3.81,1,1,1,18,0
1803.7,153,21,14,0,2,7,25.06,1,1,1,22,0
1002.98,325,51,3,0,1,2,39.08,1,0,1,15,0
606.58,298,159,5,0,2,6,34.2,1,1,1,13,0
4166.17,454,22,2,0,2,6,18.42,0,1,1,11,0
4508.73,332,351,6,0,4,7,0.86,1,1,1,15,0
385.4,210,5,7,0,7,9,21.73,0,1,1,14,1
8864.76,285,5,11,0,4,7,41.97,1,1,1,21,0
3210.14,144,74,9,0,1,2,21.16,1,1,1,19,0
7329.0,185,82,20,0,1,5,28.01,1,1,1,7,0
472.42,191,32,1,0,3,5,3.59,1,0,1,12,0
461.36,89,20,3,0,2,7,61.25,1,0,1,13,0
1557.8,318,94,0,1,2,6,10.48,1,0,1,10,1
2989.27,393,187,3,0,4,6,13.55,1,1,1,19,0
10898.29,155,275,17,0,3,6,22.05,1,0,1,7,0
3663.15,163,60,21,0,2,5,2.33,1,1,1,17,0
1418.45,107,80,11,0,4,9,8.33,1,1,1,14,0
647.83,68,103,5,0,2,5,6.43,1,1,1,10,0
6185.73,266,96,8,0,3,5,9.8,1,1,1,12,0
689.04,72,301,10,0,3,7,63.36,1,1,1,9,0
9213.9,69,99,8,0,2,6,9.96,1,1,1,9,0
1360.51,255,65,4,0,2,2,28.28,1,1,1,16,0
8871.35,193,28,4,0,1,5,28.61,1,0,1,18,0
3565.04,267,54,4,0,2,6,26.7,1,1,1,19,0
1576.57,97,127,4,0,1,6,5.32,1,1,1,16,0
1075.57,489,21,17,0,1,5,76.95,1,1,1,8,0
1285.74,86,1,11,0,2,4,0.36,1,1,1,9,0
2774.75,118,23,16,0,4,7,3.8,1,1,1,14,1
1953.07,100,193,8,0,3,5,1.67,1,1,1,11,0
998.43,480,94,12,0,2,8,21.47,1,0,1,21,0
1532.06,130,12,12,0,4,11,6.85,0,0,1,18,1
1955.84,81,1,8,0,2,6,1.16,0,0,1,0,0
215.14,643,66,9,0,3,7,8.64,1,1,1,23,0
2858.83,434,51,11,0,2,6,29.56,1,1,1,18,0
678.77,358,5,10,0,1,3,5.08,1,1,1,9,0
570.59,419,202,26,0,3,6,34.23,1,1,1,15,0
334.51,84,57,6,0,4,5,3.12,1,1,0,20,1
300.7,454,63,8,0,2,3,31.37,1,0,1,10,0
466.17,148,115,8,0,2,10,12.24,1,1,1,9,0
889.78,216,24,8,0,5,8,46.09,1,0,1,13,1
12749.65,169,49,21,0,2,8,20.86,1,1,1,17,0
1068.62,391,51,3,0,3,7,851.02,1,1,1,22,0
2159.76,18,205,19,0,1,4,14.79,0,1,1,20,0
2698.58,74,8,5,3,4,8,18.88,1,1,1,18,1
2061.24,418,85,46,0,2,4,40.51,1,1,1,18,0
1673.31,108,51,3,0,2,6,39.59,1,1,1,20,0
547.14,382,112,7,0,1,5,27.75,1,0,1,6,0
7715.04,104,107,3,0,4,6,10.5,1,1,1,5,0
11017.02,144,1,35,0,2,5,36.66,1,1,1,16,0
336.08,513,17,5,0,1,4,14.85,1,1,1,20,0
649.35,283,11,11,0,3,6,55.14,1,0,1,21,0
1366.75,195,37,6,0,2,5,9.36,0,1,1,21,0
689.15,242,141,8,0,1,6,18.41,1,1,1,10,0
2998.79,333,1,18,0,1,6,10.33,1,0,1,16,0
872.82,188,40,1,0,4,7,46.21,1,1,1,13,0
15757.25,255,129,1,0,2,6,26.72,1,1,1,14,0
5946.44,651,156,9,0,1,4,9.35,1,1,1,16,0
2236.29,79,64,11,3,1,5,33.86,1,1,1,0,1
5049.21,194,106,11,0,4,6,30.46,1,1,1,1,0
5463.8,122,23,20,0,3,8,39.8,1,0,1,20,1
1028.7,90,20,15,0,4,7,6.59,1,0,1,8,0
799.34,192,3,0,0,3,7,32.48,0,1,1,7,0
1955.0,91,41,0,0,1,5,34.7,1,0,1,10,0
4279.69,81,36,2,0,3,8,50.08,1,1,1,20,1
2077.79,161,27,4,0,2,6,6.51,1,1,1,19,0
373.53,250,7,7,0,2,10,5.74,0,1,1,20,0
810.11,237,15,9,0,2,5,23.7,1,1,1,20,1
1679.12,163,13,4,0,2,3,12.1,1,1,1,9,0
1676.28,61,172,17,0,1,2,25.22,1,1,1,9,0
12997.89,58,203,3,0,3,5,34.32,1,1,1,19,0
452.15,220,1,31,0,3,5,15.43,1,1,0,13,0
2997.67,110,11,10,0,2,2,20.63,1,0,1,9,0
8015.34,201,131,21,0,3,6,3.81,0,1,1,8,0
17526.16,184,2,6,0,1,4,24.01,1,1,1,6,0
1206.65,35,172,10,0,4,8,719.36,1,1,1,16,0
2955.52,423,28,8,0,4,8,8.14,1,1,1,22,0
3196.34,57,46,1,0,1,3,75.96,1,0,1,8,0
2198.39,147,86,9,0,7,11,8.84,1,1,1,22,0
1637.87,67,16,2,0,4,6,47.52,1,1,1,10,0
2796.08,108,6,7,0,5,7,23.86,1,1,1,17,0
143.7,118,99,7,0,2,5,6.77,1,0,1,18,0
3576.25,126,250,34,0,5,9,7.18,1,1,1,21,0
2051.2,150,64,16,0,1,2,67.62,1,1,1,13,0
1447.4,479,104,8,0,2,4,63.33,1,1,1,10,0
14000.69,87,170,10,0,3,5,1.28,1,1,1,17,0
920.64,255,15,16,0,3,7,743.38,1,1,1,7,1
1208.24,357,25,14,0,1,2,4.8,0,1,1,8,0
13247.36,239,14,9,0,1,2,13.17,1,0,1,13,0
786.77,402,3,5,0,2,7,1109.85,1,0,1,19,1
1043.03,240,79,15,0,3,7,3.77,1,1,1,22,0
1560.83,235,9,1,0,2,6,541.9,1,1,1,16,1
4191.17,363,5,12,0,4,7,21.56,1,1,1,22,0
2225.65,214,26,33,0,1,5,21.64,1,1,1,15,0
496.4,358,3,4,0,4,8,0.14,1,1,1,19,0
1061.92,214,11,4,0,2,3,8.24,1,1,1,15,0
985.0,354,4,8,0,1,1,76.4,1,1,1,9,0
1673.68,452,125,47,0,3,5,473.81,0,1,1,1,0
2767.9,134,90,1,0,1,4,6.95,1,1,1,20,0
2746.84,120,117,13,0,2,5,7.04,1,1,1,17,0
306.12,402,121,3,0,3,4,3.66,1,1,1,7,0
5239.29,350,173,2,0,1,2,8.45,1,1,1,0,0
2327.54,40,12,11,0,1,4,8.69,0,1,1,14,1
7219.44,203,138,17,0,5,8,3.78,1,1,1,9,0
2819.17,510,44,10,0,4,5,5.21,1,1,1,15,0
5438.85,74,10,0,0,1,3,41.92,1,1,1,0,0
2882.88,66,63,2,0,1,7,19.91,1,1,1,7,0
6948.12,106,23,9,0,1,7,41.42,1,0,1,6,0
3048.03,128,2,22,0,1,6,22.67,1,0,1,14,0
1639.4,47,4,10,0,2,3,0.79,1,1,1,15,0
17543.43,75,33,0,0,1,6,0.15,0,1,1,8,0
4398.58,43,105,25,0,3,8,92.73,1,1,1,9,0
3209.1,198,22,12,0,2,3,13.4,1,1,1,8,0
504.56,196,87,7,0,4,10,33.72,1,1,1,16,0
498.54,404,3,8,0,2,6,17.89,1,0,1,8,0
2422.89,209,30,1,0,2,2,942.3,1,1,1,11,1
2091.26,252,8,14,0,3,7,3.16,1,1,1,19,0
978.36,270,119,15,0,2,2,9.27,1,1,1,9,0
2081.79,85,206,20,0,3,5,461.15,1,1,0,19,0
8854.02,77,23,15,0,2,8,25.61,1,1,1,19,0
3624.25,68,269,29,0,1,3,37.61,1,0,1,18,0
577.66,127,83,16,0,3,7,6.88,1,0,1,6,0
1617.26,120,1,16,0,3,3,8.22,0,1,1,19,0
808.38,181,39,3,0,1,3,6.89,1,1,1,23,0
1226.97,283,107,2,0,2,5,22.96,1,1,1,9,0
1195.58,252,45,10,0,1,4,30.74,1,0,1,12,0
1121.42,119,47,9,0,3,4,1428.03,0,0,1,19,1
515.36,104,35,0,1,3,7,53.69,1,0,1,16,1
1591.36,114,30,9,0,4,4,14.23,1,1,1,13,0
1032.14,125,1,21,0,1,6,4.33,1,1,1,12,0
96.6,54,58,18,0,2,5,36.99,1,0,1,19,0
14086.5,211,87,35,0,2,6,58.54,1,1,1,17,0
5371.0,512,93,15,0,3,7,4.88,1,1,1,8,0
1241.03,175,58,23,0,5,6,32.59,1,1,1,15,0
1842.39,180,25,19,0,2,4,8.87,1,0,1,18,0
560.23,231,1,24,0,4,9,0.16,1,1,1,15,0
9854.89,73,135,5,0,4,5,23.31,1,1,1,21,0
12055.65,107,33,3,0,3,4,1.91,1,0,1,10,1
2114.75,115,55,29,0,4,5,44.62,1,0,1,2,0
5031.79,71,12,2,0,4,10,978.52,1,1,0,9,1
2154.44,448,9,6,0,2,8,28.78,1,1,1,18,0
474.98,278,5,7,0,1,2,10.37,1,1,1,20,0
1197.72,291,96,8,0,2,5,9.82,1,1,1,13,0
2063.02,136,62,7,0,1,3,11.58,1,0,1,21,0
1147.63,190,58,9,0,1,3,42.88,1,0,0,12,0
1452.94,128,151,12,0,1,3,6.25,0,0,1,12,0
1650.12,148,10,11,0,1,5,29.98,1,1,1,8,0
1667.57,181,11,0,0,2,5,20.13,0,0,1,9,0
1905.04,154,12,6,0,2,7,4.05,1,1,1,20,0
626.03,179,33,7,0,3,7,24.69,0,1,1,12,0
882.7,48,124,23,1,1,6,6.13,1,1,1,18,0
500.4,74,127,1,0,1,1,3.12,1,1,0,21,0
4806.94,128,53,17,0,4,8,10.81,1,1,1,16,0
220.16,144,64,15,0,3,6,4.17,1,1,1,15,0
5730.68,144,136,10,0,6,9,11.0,1,1,1,22,0
7232.57,247,58,11,0,2,5,1.86,1,1,1,7,0
1336.51,203,15,6,0,1,5,35.68,1,1,1,19,0
133.87,224,73,6,0,3,6,4.33,1,0,1,20,0
1259.78,114,88,16,0,1,6,43.11,1,0,1,19,0
1695.64,84,60,4,0,2,4,20.53,1,0,1,4,1
658.13,152,19,10,0,2,6,5.42,0,1,1,10,0
1080.07,266,30,5,0,1,1,14.2,0,1,1,8,0
8351.49,437,38,13,0,5,8,4.38,1,1,1,8,0
3515.47,116,9,7,1,4,11,24.83,1,1,1,16,1
717.26,436,36,3,0,5,6,53.08,1,1,1,11,0
365.91,77,10,17,0,3,7,4.09,0,0,1,18,1
1303.73,52,41,3,0,4,8,0.59,1,1,1,20,0
1460.51,141,3,9,0,2,4,2.21,1,1,1,0,0
2969.65,84,178,27,0,3,6,15.25,1,1,1,13,0
1058.58,103,16,16,0,3,6,5.8,1,1,1,21,0
3015.44,307,37,10,0,2,5,12.94,1,0,1,17,0
12520.89,289,1,6,0,3,5,0.72,1,1,1,19,0
4086.73,204,12,33,0,4,7,40.32,1,0,1,7,0
1723.15,193,70,9,0,1,8,28.44,1,1,1,18,0
1505.45,102,7,10,0,2,2,37.33,1,0,1,12,0
1265.63,153,59,10,0,2,3,28.95,1,1,1,11,0
5887.82,136,1,4,0,2,4,20.91,1,1,1,10,0
965.54,62,37,9,0,2,4,2.98,1,0,1,18,0
1891.68,484,76,8,0,2,9,655.26,1,1,1,10,0
1903.02,139,156,5,0,1,4,43.8,1,1,0,15,0
1094.68,79,40,20,0,3,8,66.25,1,1,1,18,0
458.3,57,110,22,0,1,4,11.84,0,0,1,12,0
2497.32,233,97,7,0,2,4,2.31,1,0,0,16,0
1701.04,459,21,22,0,2,3,4.74,1,0,1,15,0
2981.67,550,124,12,0,4,9,33.18,0,0,1,15,0
1060.4,160,61,6,0,2,3,53.46,1,1,1,15,0
6129.21,139,6,16,0,1,5,736.76,1,1,1,12,1
752.37,183,167,2,0,3,8,1493.78,1,1,1,9,0
10017.01,180,11,10,0,3,7,4.09,1,1,1,15,0
314.93,35,38,22,0,3,3,5.1,1,1,1,12,0
2792.72,127,37,4,0,1,5,0.15,1,1,1,12,0
2908.61,212,58,3,0,1,1,37.94,1,1,1,12,0
816.02,240,65,9,0,2,4,9.19,1,1,1,19,0
2763.89,252,15,9,0,2,3,19.82,1,0,1,18,0
6499.75,178,26,2,0,1,3,15.92,1,1,1,16,0
197.0,76,9,0,0,1,3,2.42,1,0,1,10,0
2989.15,157,8,0,0,1,4,3.7,0,1,1,16,0
149.42,366,104,23,0,4,7,2.75,1,0,1,18,0
688.38,222,83,0,0,2,3,5.57,1,1,1,19,0
9220.33,143,35,19,3,3,8,41.91,1,1,1,16,1
1010.52,580,6,2,0,1,4,52.67,1,1,1,19,0
558.98,185,35,5,0,1,4,35.47,1,1,1,20,0
1483.36,156,20,3,2,4,7,27.21,1,1,1,5,1
14298.45,266,90,4,0,1,4,30.25,1,1,1,20,0
289.55,71,6,17,0,2,6,7.37,1,1,1,19,0
631.87,139,36,4,0,2,7,10.06,1,1,1,4,0
8082.3,158,53,16,0,4,8,63.14,1,0,1,10,1
11587.73,46,254,5,1,1,4,0.51,1,0,1,11,1
1630.38,196,5,9,0,3,4,29.91,1,1,1,12,0
523.71,240,7,2,3,2,4,8.45,1,1,1,16,1
14703.54,119,265,13,0,2,4,18.29,1,1,1,14,0
8905.66,274,31,16,0,5,6,48.92,1,0,1,6,0
3565.1,333,81,10,0,1,3,18.74,1,1,1,11,0
802.39,359,91,5,0,2,5,6.63,1,1,1,7,0
1721.53,78,22,7,0,2,6,15.85,1,1,1,21,0
1540.16,191,14,4,0,2,3,8.3,1,1,1,22,0
2517.07,256,19,2,0,3,6,73.09,0,1,1,14,0
7715.61,191,86,12,0,4,7,19.06,1,1,1,13,0
4356.47,319,110,4,0,3,7,8.3,1,1,1,19,0
615.62,201,72,11,0,2,2,5.58,0,1,1,7,0
7161.66,76,34,14,0,3,6,408.92,1,1,1,5,0
2472.86,322,18,8,0,4,6,3.26,1,1,1,9,0
3594.16,187,33,20,0,1,5,32.86,1,1,1,9,0
7836.45,445,147,9,0,4,6,16.73,1,1,1,8,0
594.92,77,119,9,0,1,3,99.56,1,1,1,8,0
1744.41,189,23,4,0,3,9,416.44,0,0,1,13,1
1062.68,425,23,14,0,3,8,11.06,1,1,1,20,0
376.96,204,90,29,0,2,5,7.83,1,1,1,18,0
2557.31,284,33,4,0,2,7,0.81,0,1,1,23,0
22282.49,341,51,4,0,3,8,0.6,0,0,1,3,1
287.13,182,32,14,0,6,7,73.72,1,1,1,10,1
1750.61,96,16,9,0,4,8,44.1,1,0,1,17,1
3430.78,307,12,12,0,2,3,6.57,1,0,1,10,0
2044.85,160,9,8,0,4,4,964.65,1,0,1,15,1
1614.65,33,1,34,0,2,4,530.85,1,1,1,11,1
493.14,378,19,3,0,3,7,17.81,0,1,1,16,0
2281.95,479,11,17,0,1,4,19.78,0,0,1,8,0
848.3,115,17,6,0,3,4,15.43,1,1,1,19,0
202.37,176,4,7,0,1,4,6.59,1,1,1,13,0
5970.54,504,25,7,0,2,5,6.43,1,1,1,20,0
4714.44,430,44,17,0,3,6,13.57,1,1,1,15,0
1903.9,257,173,21,0,2,6,14.71,0,1,1,14,0
2273.5,406,25,3,0,1,6,10.19,1,1,1,18,0
5293.94,153,1,2,0,3,5,8.96,1,1,1,11,0
2262.76,61,26,7,0,1,6,57.3,1,0,1,18,0
4464.97,357,101,16,0,3,7,7.86,1,1,1,11,0
1342.81,173,24,4,0,4,5,27.46,1,1,1,14,0
6714.23,49,20,8,0,1,5,7.22,1,1,1,6,0
2491.86,118,150,2,0,1,2,12.45,0,1,1,10,0
2195.25,148,21,4,0,3,6,1446.42,1,0,1,15,1
507.72,161,210,13,0,1,6,647.44,0,1,1,13,0
2408.97,104,107,2,0,4,12,54.36,1,1,1,17,0
786.86,82,69,2,0,2,7,48.49,1,0,1,12,0
955.01,44,54,12,0,2,5,49.89,1,1,1,7,0
800.01,42,15,10,0,2,4,9.79,1,1,1,10,0
622.51,170,78,6,0,5,7,15.92,0,1,1,11,0
15135.09,208,25,12,0,1,4,32.96,0,1,1,9,0
6845.45,80,39,13,0,1,5,1.55,1,1,1,20,0
12337.12,400,6,5,0,2,8,56.58,0,0,1,11,0
532.25,131,21,2,0,3,4,17.16,1,1,1,10,0
1941.57,161,45,11,0,1,3,5.73,1,1,1,20,0
495.96,155,37,2,0,3,4,34.78,1,1,1,17,0
901.72,37,25,22,0,2,8,11.61,1,1,1,18,0
721.89,321,38,10,0,7,9,6.4,1,0,1,17,1
6245.3,253,81,15,0,3,4,45.0,1,1,1,19,0
1216.55,408,36,7,0,3,8,2.16,1,1,1,13,0
5262.59,392,42,5,0,1,3,40.6,1,0,1,19,0
3308.07,233,72,21,0,1,4,24.55,1,1,1,8,0
18099.48,264,110,10,0,2,5,29.51,1,1,1,10,0
411.81,76,44,16,2,2,6,21.9,1,1,0,13,1
6369.23,132,177,21,0,3,6,13.81,1,0,1,6,0
5689.86,154,26,17,0,4,9,10.35,1,1,1,20,0
683.09,119,17,34,0,1,3,1313.58,1,1,1,20,0
4949.95,386,70,15,0,3,8,8.01,1,1,1,14,0
2530.43,195,11,3,0,1,6,0.75,1,1,1,11,0
1440.18,97,138,6,0,2,5,7.64,1,1,1,16,0
793.19,371,29,11,0,2,7,9.28,1,0,1,8,0
880.85,199,71,3,0,3,7,42.06,1,1,1,11,0
14042.06,313,50,12,0,3,6,39.58,1,1,1,11,0
1809.28,75,3,7,0,4,7,23.3,0,0,1,13,1
3952.6,209,74,6,0,3,6,57.43,0,0,1,9,0
819.83,94,93,28,0,2,5,0.36,1,1,1,19,0
828.94,202,242,15,0,1,7,30.91,1,1,1,6,0
5334.68,254,32,11,0,1,4,9.07,1,0,1,18,0
468.92,69,41,13,0,5,10,29.6,1,1,1,17,0
1193.67,168,124,3,0,2,6,4.76,1,1,0,17,0
1870.62,75,18,27,0,2,7,9.93,1,1,1,14,0
2021.05,323,12,12,0,3,4,6.21,1,0,1,13,0
1511.57,180,8,5,0,2,3,9.69,1,1,1,16,0
2686.03,97,229,10,0,1,8,27.38,1,0,1,21,0
3615.03,116,18,22,0,3,6,8.89,1,1,1,14,0
3769.27,129,84,16,0,3,5,23.6,1,1,1,16,0
674.65,404,35,12,0,2,5,14.95,1,1,1,18,0
1360.82,165,16,17,0,4,4,13.45,1,0,1,18,0
5971.56,289,146,6,0,3,6,380.42,1,0,1,18,0
4423.33,170,37,15,0,2,4,30.35,1,1,1,7,0
458.12,76,50,2,0,4,12,37.06,0,1,1,16,1
2569.53,116,15,7,0,2,5,6.3,1,1,1,21,0
250.08,216,23,13,0,3,5,1018.67,1,0,1,6,1
1894.93,37,82,16,0,6,10,67.75,1,1,1,11,1
12061.42,239,25,3,0,3,5,42.25,0,1,1,9,0
700.72,105,42,10,0,2,4,1.11,1,0,1,17,0
784.99,194,7,10,0,4,8,34.57,1,1,1,13,0
3881.71,119,113,0,0,3,8,9.54,1,1,1,20,0
386.53,269,80,13,0,1,4,8.22,1,1,1,20,0
960.3,178,85,4,0,2,6,7.72,1,0,1,19,0
3282.76,263,11,7,0,1,2,29.94,1,0,1,12,0
958.83,44,41,11,0,1,5,18.34,1,1,1,13,0
1428.0,152,1,7,0,6,10,11.55,1,1,1,14,1
3805.44,103,22,2,0,4,6,35.72,1,1,1,11,0
2756.03,235,25,5,0,1,6,14.23,0,0,1,10,0
2360.95,321,146,12,0,3,6,21.26,1,0,1,20,0
1288.04,313,295,3,0,2,6,30.03,1,0,1,12,0
2617.73,418,57,11,0,4,9,2.06,0,1,1,22,0
1597.62,325,43,11,0,4,5,15.47,0,1,1,11,0
2857.79,151,34,7,0,1,3,2.7,1,1,1,11,0
1100.0,86,1,14,0,3,4,18.36,1,1,1,6,0
1506.33,47,96,17,0,5,7,83.42,0,1,1,12,0
671.85,83,66,7,0,2,5,28.08,1,1,1,11,0
1745.84,40,62,5,0,2,5,7.31,1,0,1,21,0
803.52,63,99,6,0,1,5,38.88,0,1,1,11,0
593.45,205,157,9,3,2,7,1.78,0,1,1,13,1
2341.77,44,29,12,0,3,3,21.41,1,0,1,9,0
2236.66,222,33,29,0,4,5,62.06,1,1,1,19,0
3955.55,116,221,4,3,3,8,254.64,1,0,1,11,1
1174.82,183,65,3,0,1,7,1.64,1,1,1,19,0
2719.09,186,114,2,0,3,9,44.97,0,1,0,20,0
3136.3,419,15,8,0,2,5,524.24,0,1,1,16,0
2820.79,191,22,8,0,2,5,7.63,1,1,1,11,0
791.83,65,29,6,0,1,2,23.14,1,0,1,15,0
2099.31,90,22,21,0,3,6,24.36,1,1,1,12,0
2602.27,186,129,20,0,3,7,27.73,1,1,0,17,0
1821.07,146,42,16,0,2,9,0.72,1,0,1,18,0
224.42,192,184,6,0,3,6,76.85,1,1,1,12,0
2122.8,225,23,11,0,2,4,8.39,1,0,1,10,0
16523.37,92,2,14,0,2,8,1314.92,1,1,1,5,1
1261.38,229,8,30,0,3,5,23.31,0,1,1,6,0
872.99,246,14,8,0,3,4,1.84,1,0,1,12,0
2626.35,194,61,9,0,1,6,9.44,1,1,1,18,0
2471.0,496,11,5,2,3,6,7.51,1,1,1,20,1
5959.46,48,28,21,0,3,6,52.72,1,0,1,17,0
513.95,459,95,21,0,3,5,31.56,1,0,1,18,0
3757.02,137,7,9,0,2,3,25.68,1,1,1,8,0
3263.06,103,5,2,0,1,2,11.24,0,1,1,12,0
1568.47,235,46,6,0,3,9,5.47,1,1,1,10,0
2536.87,117,71,27,0,1,6,43.53,0,0,0,7,0
5061.7,308,145,3,0,2,5,607.57,1,1,1,11,0
4325.64,135,65,11,0,4,7,9.33,1,1,1,5,0
576.5,334,175,13,0,1,4,19.37,1,1,1,23,0
4105.81,80,16,2,0,1,5,18.59,1,1,0,1,1
1694.79,213,25,3,0,3,7,2.64,1,1,1,17,0
1944.72,97,109,10,0,2,10,1.09,1,1,1,8,0
1945.35,218,99,11,0,2,3,29.82,0,1,1,15,0
1555.82,57,65,6,0,3,4,4.32,0,1,1,15,0
5953.34,61,42,9,0,2,5,7.69,0,1,1,16,0
1662.84,134,1,18,0,1,5,38.37,1,0,1,13,0
590.2,343,19,30,0,3,6,26.9,1,1,0,13,0
1219.83,50,10,1,0,1,6,914.44,1,1,1,7,1
2161.8,382,3,21,0,3,9,28.2,1,1,1,20,0
6180.87,219,89,3,0,1,4,17.53,1,0,1,20,0
3304.68,327,8,9,0,3,7,13.47,1,0,1,14,0
772.37,178,26,16,0,3,5,6.88,1,0,1,14,0
21702.66,195,227,1,0,6,8,31.98,1,1,1,11,0
2356.13,149,31,4,0,2,6,7.04,1,0,1,6,0
6472.97,138,9,13,0,4,8,18.03,1,1,1,21,0
1553.53,273,70,6,2,2,3,11.28,1,1,1,15,1
3082.08,81,99,7,2,3,6,12.47,1,0,1,4,1
4185.86,176,19,3,0,1,2,18.29,1,1,1,9,0
6113.13,49,99,3,0,4,9,9.43,1,1,1,14,0
5204.97,63,19,4,0,2,2,45.1,1,0,1,7,0
4325.13,164,70,17,0,4,8,412.09,1,1,1,8,0
1319.37,110,7,8,0,1,2,29.66,1,1,1,21,0
1020.71,152,33,2,0,3,3,10.47,1,1,1,16,0
2521.5,91,44,14,0,2,11,5.35,1,1,1,18,0
4596.86,255,77,17,0,3,8,9.97,1,1,1,11,0
1447.05,67,62,1,0,1,5,5.77,1,0,1,14,0
5245.74,468,115,19,0,4,10,19.43,1,1,1,15,0
7728.09,371,12,2,0,2,3,7.59,1,1,1,17,0
723.2,235,64,17,0,1,3,2.57,1,1,1,19,0
782.96,59,8,13,0,2,4,7.53,1,1,1,9,0
1571.25,152,39,5,0,3,4,16.36,1,1,1,12,0
2459.25,244,44,1,2,1,4,12.41,1,1,1,18,1
1070.02,316,1,12,0,3,7,541.63,1,1,1,15,0
6989.77,315,4,8,0,3,7,34.04,1,0,1,19,0
2762.98,277,109,16,0,2,8,0.3,1,0,1,11,0
1880.79,29,20,9,0,3,7,1205.47,1,1,1,10,1
430.13,83,25,8,0,3,8,75.46,1,1,1,12,0
485.02,282,61,11,0,1,5,1.26,1,0,1,19,0
2394.69,116,14,8,0,1,2,22.53,1,1,1,8,0
214.31,211,12,20,0,1,2,38.45,1,1,1,9,0
4977.27,486,32,7,0,3,5,19.11,1,1,1,5,0
1543.56,112,3,17,0,1,6,33.25,1,1,1,16,0
46309.06,330,149,13,0,3,4,23.61,1,1,1,13,0
18177.07,218,168,10,0,1,1,10.23,1,1,1,0,0
1508.02,619,35,1,0,3,7,0.35,1,1,1,13,0
1625.65,218,14,7,0,1,6,16.97,1,1,1,12,0
4893.1,117,38,2,0,2,4,1.34,1,1,1,19,0
9928.58,176,6,5,0,1,7,15.24,1,1,1,5,0
351.42,79,30,5,0,4,7,69.63,1,0,1,19,0
302.97,270,4,17,0,3,7,10.25,1,1,0,13,0
970.65,132,73,9,0,3,5,0.78,1,1,1,14,0
3238.09,176,19,19,0,2,5,299.27,1,1,1,13,0
2971.65,346,44,2,0,3,8,42.72,1,0,1,16,0
5269.93,73,1,7,0,1,4,1.22,1,0,1,6,0
544.74,317,44,34,0,2,4,104.16,1,1,1,15,0
178.37,54,1,10,0,2,5,4.22,0,1,1,18,1
4264.22,161,155,4,0,3,3,0.31,1,0,1,16,0
789.82,236,41,3,0,4,10,1.21,1,1,1,8,0
240.21,282,6,14,0,2,4,10.06,1,1,1,12,0
2090.3,78,25,7,0,4,4,9.32,1,1,1,18,0
3996.51,491,2,17,0,1,5,14.22,1,1,1,12,0
1600.29,239,45,1,0,1,2,375.69,1,1,1,23,0
1143.85,284,7,0,0,1,2,64.56,1,0,1,8,0
1541.7,240,38,6,0,3,5,10.23,0,1,1,21,0
1248.15,81,21,8,0,3,4,3.1,1,1,1,20,0
469.63,104,86,2,0,1,2,10.94,1,0,1,19,0
884.76,373,39,19,0,3,6,1.93,1,1,0,6,0
3045.07,381,113,12,2,3,8,30.9,0,1,1,21,1
2494.09,35,170,18,0,3,6,0.7,0,1,1,12,0
2138.93,268,209,18,0,2,7,3.71,1,1,1,15,0
668.38,159,18,2,0,2,3,22.32,0,1,1,14,0
1507.94,229,87,10,0,3,5,13.34,1,1,1,12,0
204.98,197,34,13,0,3,7,6.66,1,1,1,19,0
2161.32,195,33,17,0,4,7,49.19,1,1,1,0,0
7546.64,94,121,24,0,4,6,1031.59,1,1,1,21,0
414.0,322,9,22,0,3,4,1.01,1,0,1,8,0
1006.34,116,38,2,0,2,3,21.59,1,1,1,10,0
2512.68,157,53,9,0,4,6,10.99,1,1,1,18,0
6328.65,96,4,7,0,4,5,834.11,1,0,1,11,1
1154.91,176,119,4,0,2,4,5.3,0,1,1,13,0
904.83,68,22,6,0,3,4,4.75,1,0,1,10,0
252.42,120,64,23,0,2,4,4.91,1,1,1,16,0
2005.08,320,157,10,0,1,5,0.26,1,1,1,16,0
13933.84,77,76,0,0,1,1,7.13,0,1,1,12,0
2385.96,267,130,1,0,2,6,1.49,1,1,0,17,0
1768.21,63,4,6,0,4,7,9.27,1,0,1,20,1
2495.1,111,40,31,0,4,9,9.25,0,1,1,18,0
1788.1,112,49,2,0,2,7,24.55,1,1,1,19,0
801.9,303,70,17,0,3,7,4.4,0,0,1,16,0
4118.65,383,7,9,0,2,3,125.91,0,0,1,8,0
2265.98,139,64,14,0,2,5,90.0,1,1,1,7,0
1840.17,67,9,15,0,2,5,6.24,1,0,1,17,0
681.73,124,4,30,0,4,8,7.45,0,0,1,7,0
6657.56,131,38,16,0,5,8,6.95,1,0,1,22,1
3514.68,121,55,7,0,2,5,20.25,1,1,1,8,0
1040.11,160,190,5,0,1,4,6.16,1,1,1,16,0
4923.75,96,71,25,0,2,5,9.21,1,1,1,16,0
1099.3,70,53,6,0,3,5,52.9,0,0,1,17,0
827.16,39,14,11,0,2,4,3.11,1,1,1,11,0
845.81,294,9,2,0,3,6,5.09,1,1,1,10,0
307.64,196,56,2,0,3,5,1.37,1,1,1,16,0
2897.32,251,15,9,0,3,8,0.87,1,1,1,6,0
289.7,231,73,2,0,3,5,0.32,1,1,1,15,0
529.3,167,7,10,0,2,8,7.17,1,1,1,17,0
226.88,159,24,2,0,3,4,9.55,1,1,1,11,0
1658.93,484,88,16,0,1,5,6.83,1,1,1,18,0
1555.7,122,106,6,0,1,4,22.3,1,1,1,5,0
1304.15,179,25,14,0,2,7,34.55,1,1,1,16,0
637.42,130,13,14,0,4,7,30.67,1,1,1,19,0
559.9,84,190,13,0,1,5,5.5,1,0,1,2,0
2876.62,610,85,11,0,2,3,8.82,1,0,1,13,0
1042.57,244,98,11,0,2,5,2.0,1,1,1,16,0
2480.85,109,15,6,0,2,5,5.92,1,1,1,11,1
746.02,93,33,8,0,2,6,5.86,1,1,1,8,0
2166.92,266,4,25,0,2,4,23.39,1,1,1,19,0
6656.03,336,6,17,0,1,5,14.63,1,1,1,7,0
3249.21,76,14,8,0,3,4,29.16,1,0,1,12,1
1197.01,155,21,3,0,2,9,13.08,1,1,1,9,0
2338.35,178,352,3,0,3,9,21.31,1,0,1,11,0
1421.31,179,32,10,0,4,6,1.8,1,0,1,11,0
1822.35,202,71,16,0,2,4,20.01,1,1,1,21,0
1305.56,145,140,14,0,3,5,47.41,1,1,1,13,0
1534.05,163,16,65,0,1,6,1023.1,1,0,1,19,0
2235.22,169,9,2,0,2,6,10.28,1,1,1,15,0
669.57,72,16,4,0,2,6,28.56,1,1,1,16,0
654.66,477,128,19,0,4,7,4.5,1,1,1,13,0
451.0,276,65,5,0,5,7,8.4,1,1,1,2,0
364.94,325,36,5,0,4,6,866.91,0,0,1,5,1
535.24,208,102,31,0,4,6,0.67,1,0,1,5,0
2120.62,621,16,15,0,7,10,30.81,1,1,1,11,0
740.42,16,16,13,0,1,4,0.31,1,0,1,8,0
3021.82,183,50,1,0,3,6,19.7,0,1,1,18,0
1871.91,91,93,10,0,2,2,9.19,1,0,1,6,0
252.52,192,18,4,0,3,8,20.32,1,0,1,20,0
3480.65,420,14,5,0,4,7,0.83,1,1,1,11,0
4067.56,262,38,24,0,3,5,42.02,1,0,1,18,0
669.24,170,8,3,0,2,5,5.86,0,0,1,20,0
2752.3,446,82,8,0,1,5,15.54,1,0,1,12,0
767.78,306,51,10,0,1,3,5.12,1,0,1,15,0
1993.55,245,43,6,0,1,3,2.78,1,0,1,20,0
510.56,241,123,3,0,1,3,1294.87,0,0,1,11,1
300.93,295,79,10,0,3,6,1411.02,1,1,1,16,1
1232.97,116,9,10,0,3,5,26.04,1,0,1,15,1
1597.62,106,32,12,0,6,8,27.9,1,1,1,17,1
1214.78,84,23,16,0,2,3,53.16,1,1,1,8,0
553.34,120,97,4,0,2,4,5.56,0,1,1,12,0
1212.09,430,76,3,0,2,9,13.65,1,1,1,12,0
2366.8,155,38,9,0,4,7,4.87,0,1,1,14,0
1728.67,435,104,3,0,2,9,55.47,1,0,1,20,0
2170.04,114,31,15,0,2,5,22.16,1,0,0,7,0
925.08,344,97,7,0,4,5,25.87,1,1,1,9,0
5835.52,384,1,23,0,1,4,15.72,1,1,1,17,0
557.7,195,8,4,0,2,9,48.3,1,0,1,11,0
2944.11,153,84,10,0,3,3,9.99,1,0,0,8,0
5895.18,100,7,6,0,2,6,47.74,1,0,1,12,1
2924.59,319,69,2,0,3,4,4.63,1,1,1,20,0
1476.57,149,77,6,0,2,4,7.13,0,1,1,16,0
1066.04,137,65,4,0,1,2,7.91,1,0,1,19,0
5095.37,223,102,3,0,3,7,20.63,0,1,1,9,0
435.73,263,42,1,0,2,3,5.92,1,0,1,19,0
685.31,96,136,16,0,3,3,19.63,1,0,1,10,0
1214.93,222,50,6,0,3,7,22.95,1,1,1,10,0
6233.25,385,42,64,0,4,4,4.91,1,0,1,8,0
2643.26,83,42,12,0,3,6,12.08,1,1,1,20,0
686.74,323,145,3,0,3,6,1.58,1,1,1,7,0
1325.7,321,16,8,0,1,4,303.57,1,0,1,13,0
978.16,339,71,6,0,1,4,10.68,1,1,1,10,0
889.1,270,16,6,0,4,6,0.43,1,0,1,10,1
4812.1,261,5,11,0,2,5,663.22,1,1,1,12,0
458.64,316,184,7,0,2,7,3.25,1,1,1,18,0
9034.27,222,8,11,0,2,7,1.18,1,0,1,18,0
4139.08,130,69,6,0,1,3,23.24,0,1,1,20,0
5382.25,128,33,2,0,1,5,714.17,1,0,1,17,0
1138.04,167,108,9,2,4,10,10.64,0,1,1,7,1
1556.29,282,89,5,0,3,5,32.54,1,1,1,19,0
431.32,170,9,19,0,2,5,4.56,1,1,1,14,0
1069.92,152,37,8,0,5,7,12.29,1,1,1,7,0
2962.1,337,1,2,0,1,1,26.23,1,0,1,19,0
6608.18,198,33,3,0,4,7,906.61,1,1,1,7,1
597.55,64,72,14,0,4,7,19.74,1,0,1,13,0
1254.5,84,15,1,0,3,6,12.66,1,1,1,7,1
1554.18,76,99,20,0,2,7,6.59,1,1,1,3,0
447.74,173,3,1,0,2,2,17.02,1,1,1,7,0
3266.09,87,2,6,0,1,7,25.37,1,1,1,16,0
876.56,153,1,28,0,3,5,5.82,1,1,1,10,0
1487.14,122,19,13,1,4,8,19.33,1,1,1,17,1
1150.61,55,37,12,0,3,7,19.83,1,0,1,9,0
821.11,83,6,2,0,2,2,21.55,1,0,1,6,0
1795.35,445,343,25,0,2,5,14.85,1,0,1,19,0
1457.37,140,463,12,0,3,9,1.99,1,0,1,12,0
1246.56,134,44,28,0,2,5,58.32,0,1,1,18,0
872.65,129,50,3,0,2,8,8.19,0,0,1,15,0
2488.72,207,156,5,0,4,7,15.43,1,0,1,15,0
9448.56,176,88,2,0,3,6,23.75,1,1,1,18,0
2079.51,506,11,4,0,3,8,20.6,1,1,1,9,0
4895.73,350,94,5,0,2,3,11.55,1,1,1,18,0
450.24,496,15,16,0,2,4,13.04,1,1,1,17,0
2117.01,279,33,7,0,3,7,9.65,0,1,1,17,0
603.43,258,45,12,0,2,7,0.96,1,1,1,20,0
412.85,80,75,11,0,1,5,5.94,1,0,1,12,0
863.18,35,9,2,0,1,5,8.17,1,1,1,18,0
5954.48,63,4,11,0,1,4,4.32,1,0,1,22,0
4675.15,57,120,12,0,2,6,12.52,1,1,1,7,0
2305.39,158,105,11,0,2,3,30.65,0,1,1,9,0
390.45,309,44,7,0,6,8,7.91,0,1,1,19,0
1485.82,112,65,27,0,5,7,143.98,1,1,1,18,0
2444.75,94,76,18,0,2,6,68.72,1,0,1,8,0
2154.98,293,38,3,0,4,7,5.99,1,1,1,9,0
286.06,95,17,29,0,2,5,3.52,1,1,1,21,0
742.25,430,39,8,0,3,6,15.44,1,1,1,21,0
1695.82,85,180,7,0,2,6,27.24,1,1,1,8,0
3091.13,308,109,3,0,3,7,17.57,1,0,0,6,0
201.11,210,37,8,0,2,6,1235.53,1,0,1,18,1
1537.44,24,15,14,0,3,5,33.9,0,1,1,14,1
2086.09,101,132,6,1,1,2,7.13,1,1,1,2,1
4228.54,319,61,13,0,4,10,35.53,1,1,1,6,0
3615.04,56,31,25,0,3,3,4.27,0,0,1,20,0
3237.55,135,7,23,0,2,5,43.5,1,1,1,0,0
812.45,58,83,7,0,3,5,7.86,1,1,1,9,0
268.27,159,22,12,0,3,6,8.29,1,1,1,8,0
1220.42,225,55,8,0,3,9,37.8,0,0,1,18,0
4922.8,189,50,15,0,1,2,0.76,1,1,1,8,0
7284.14,200,72,13,0,1,4,1.83,0,1,1,13,0
3679.56,189,46,7,0,2,8,0.68,1,1,1,17,0
2777.6,149,59,10,0,3,6,3.42,1,1,1,19,0
2642.92,287,5,12,3,2,3,9.72,1,1,1,21,1
1036.79,55,65,23,0,3,5,15.59,1,1,1,13,0
1587.54,416,12,8,0,1,6,4.77,0,1,1,18,0
9595.69,194,29,14,2,1,1,10.06,0,0,1,20,1
704.47,61,43,7,0,5,9,23.46,1,1,1,17,1
9088.62,382,69,10,0,2,10,16.5,1,1,1,12,0
1310.25,152,81,7,0,2,7,17.83,1,0,1,9,0
6805.13,120,73,3,0,2,6,23.84,1,1,1,1,0
442.83,62,5,2,0,3,5,42.42,1,1,1,11,0
3248.36,111,29,6,0,3,7,5.69,1,1,1,14,1
865.43,296,19,7,0,2,4,1.69,1,1,1,11,0
439.1,90,30,11,0,3,5,1.11,1,1,1,2,0
2249.66,299,62,16,0,4,13,33.76,1,1,1,12,0
4961.54,135,12,4,0,1,4,7.78,1,0,1,22,0
776.7,81,41,6,0,2,5,36.25,1,1,0,8,1
403.83,115,129,14,0,2,4,79.51,1,1,1,8,0
1649.38,234,78,9,0,3,6,32.48,1,1,1,20,0
1656.67,200,77,3,0,3,5,16.57,1,1,1,15,0
3128.53,445,113,10,0,2,6,1116.95,1,0,1,15,0
4673.18,140,30,4,0,6,9,21.43,1,0,1,8,1
1703.75,305,85,13,0,2,3,1.47,0,1,1,17,0
11562.28,158,3,28,0,2,5,1.05,1,1,1,16,0
2262.52,96,3,14,0,2,4,79.32,0,1,1,17,0
1278.67,70,24,20,0,4,9,1417.57,0,1,1,1,1
360.84,142,13,2,0,2,4,33.15,1,1,1,20,0
1390.39,172,43,10,0,1,6,26.43,0,0,1,9,0
1291.57,375,12,14,0,3,9,10.93,0,1,1,7,0
4723.5,442,222,2,0,2,5,36.54,0,1,1,20,0
2871.2,441,114,10,0,1,5,37.22,0,1,1,9,0
555.92,104,242,10,0,2,5,3.52,1,0,1,8,0
2147.92,89,98,2,0,1,5,9.18,1,1,1,18,0
3538.76,111,181,9,0,3,6,1.68,1,0,1,14,0
8333.44,155,27,12,0,1,5,2.44,1,0,1,16,0
4391.84,44,41,14,0,2,5,5.47,1,0,1,14,0
3869.37,85,16,2,0,1,4,19.04,1,1,1,21,0
1920.01,359,60,1,0,2,4,13.11,1,1,1,23,0
2665.94,207,93,10,0,3,6,5.89,1,1,1,0,0
6307.56,118,41,6,0,2,5,9.33,0,1,1,17,0
476.86,49,21,21,0,6,9,18.8,0,0,1,17,1
1274.82,204,42,35,0,5,6,9.76,1,0,1,17,0
835.0,179,3,15,0,4,6,1.61,1,1,1,17,0
2641.63,85,76,25,0,2,3,1.77,1,0,1,14,0
6187.1,268,36,5,0,1,3,2.11,0,1,1,10,0
995.28,122,137,14,0,2,5,11.04,1,1,1,5,0
165.62,191,154,4,0,1,3,11.78,1,0,1,13,0
1197.25,438,8,16,0,1,4,0.11,0,1,1,8,0
4507.39,259,332,12,0,2,5,1080.29,1,1,1,15,0
3095.27,62,210,16,0,3,6,11.22,1,1,1,23,0
2774.39,259,59,3,0,2,7,3.22,1,0,1,8,0
1366.5,107,104,14,0,3,5,3.08,1,1,1,14,0
503.19,235,1,20,0,4,7,14.55,1,1,1,17,0
3026.9,303,211,12,0,1,2,3.88,0,1,1,13,0
785.03,192,36,10,0,2,3,0.63,1,1,1,13,0
16060.16,66,144,5,0,5,8,35.32,1,1,1,17,0
3198.72,32,29,47,0,1,3,1267.5,1,1,1,17,0
1011.66,342,93,10,0,2,7,11.16,1,0,1,6,0
981.04,407,32,9,0,3,6,13.6,1,1,1,10,0
1647.57,103,27,8,0,1,3,838.67,1,0,1,17,0
1422.97,27,175,6,0,3,7,6.54,1,1,1,12,0
5523.87,57,72,15,0,2,6,11.01,0,0,1,18,0
2178.55,125,109,17,0,2,6,39.82,1,1,1,12,0
869.89,302,47,15,0,4,5,10.66,1,1,1,9,0
11973.37,28,150,33,0,3,5,6.26,1,1,1,21,0
1899.43,370,80,3,0,1,4,0.77,1,1,1,15,0
3900.42,343,4,9,2,2,4,60.94,1,1,1,11,1
984.15,365,87,1,0,5,11,14.27,1,1,1,8,0
2599.61,79,1,8,0,3,7,561.49,1,1,1,23,1
2467.87,317,105,16,0,5,11,3.69,1,1,1,20,0
273.24,176,24,3,2,3,6,19.55,1,1,1,13,1
13565.36,76,54,2,0,4,9,2.27,1,1,1,8,0
6572.47,190,83,2,0,2,3,36.03,0,1,1,7,0
1215.37,172,60,2,0,1,3,0.96,1,0,1,15,0
600.48,56,66,17,0,2,4,19.89,1,1,1,15,0
2559.49,252,133,3,0,3,9,56.66,0,1,1,18,0
1971.79,166,28,16,3,5,6,1342.6,0,1,1,19,1
2580.32,132,47,7,0,1,4,25.16,0,1,1,15,0
2189.83,128,11,4,0,3,7,14.17,1,0,1,17,0
2999.62,213,37,10,0,1,1,12.09,1,1,1,14,0
7687.15,122,9,8,0,3,6,689.38,0,0,1,10,1
3191.04,33,60,5,0,2,4,2.81,1,1,1,12,0
632.92,72,23,1,0,6,9,25.03,1,1,0,13,1
7062.56,168,117,4,0,2,5,18.35,1,1,1,20,0
9326.5,117,25,6,0,1,5,2.21,1,1,1,17,0
42279.46,131,20,8,0,2,6,25.47,1,1,1,13,1
587.87,82,40,9,0,3,5,22.34,1,0,1,14,0
2305.11,83,11,5,0,3,5,13.97,0,0,1,12,1
225.41,236,13,11,0,2,6,11.23,1,0,1,13,0
3143.68,188,91,14,0,1,6,5.4,1,0,1,15,0
1045.03,91,41,24,0,3,5,13.72,1,1,1,19,0
12375.15,128,13,16,0,1,3,5.07,1,1,1,20,0
833.29,274,1,1,0,2,4,3.06,1,1,1,13,0
333.89,70,37,17,0,1,1,15.43,0,1,1,4,0
1128.6,298,81,23,0,3,8,285.68,1,1,1,7,0
250.76,151,25,27,0,1,5,39.6,1,1,1,19,0
3831.84,129,17,2,0,1,3,1.66,1,1,1,16,0
229.27,59,30,7,0,2,6,18.56,1,0,0,8,0
1860.23,684,191,1,0,2,8,27.02,0,0,1,1,0
226.37,222,33,7,0,1,3,11.17,1,1,1,10,0
1312.52,32,18,4,0,2,4,48.83,1,0,1,15,0
9352.31,195,50,10,0,3,6,10.14,0,1,1,20,0
2593.2,340,99,14,0,1,4,3.34,1,1,1,15,0
762.43,203,1,7,0,3,4,17.01,1,0,1,19,0
1752.5,279,49,36,0,1,5,12.97,1,0,1,12,0
1840.91,113,108,13,0,3,4,12.23,1,1,1,6,0
2900.48,103,14,13,0,1,5,13.65,1,1,1,15,0
460.88,137,152,14,0,5,13,1.8,1,1,1,13,0
3270.07,174,51,2,0,1,6,5.99,1,1,1,19,0
120.98,115,43,14,0,1,7,18.31,1,0,1,9,0
963.06,149,198,4,0,4,7,16.29,1,0,1,17,0
1109.57,73,8,13,0,1,3,3.12,0,1,1,20,0
3406.11,44,80,9,0,1,3,25.16,1,1,1,14,0
1849.43,93,102,7,0,2,4,98.62,1,0,1,15,0
443.38,478,40,4,0,4,7,653.34,1,1,0,1,1
675.2,357,1,6,0,1,3,15.6,1,1,1,6,0
2205.43,198,44,8,0,2,6,7.86,1,1,1,21,0
1670.59,52,9,5,0,2,2,36.07,1,1,1,20,0
1013.21,158,49,1,0,3,4,21.43,1,1,1,22,0
1117.85,184,80,15,0,2,9,17.53,1,1,1,21,0
3627.02,110,45,5,0,3,7,283.82,1,0,0,18,1
1077.4,370,59,6,0,4,8,8.17,1,0,1,8,0
1655.58,70,6,7,0,3,6,30.45,1,1,1,7,0
15834.34,237,6,27,0,2,7,4.85,1,0,1,8,0
435.42,69,114,15,0,2,6,13.34,1,1,1,9,0
283.77,76,3,0,0,2,4,0.11,0,0,1,21,1
3958.38,158,20,18,0,3,9,6.24,1,1,1,15,0
917.23,24,166,1,0,3,8,15.88,1,0,1,21,0
1315.22,190,36,11,0,3,7,0.6,1,1,1,8,0
827.86,119,67,12,0,3,6,54.87,1,1,1,10,0
1394.37,150,15,3,0,2,3,17.58,1,1,1,9,0
8942.21,100,18,4,0,2,6,4.93,1,0,1,20,0
4032.45,364,42,5,0,3,8,4.38,1,1,1,8,0
4282.21,291,60,5,0,2,3,13.28,1,1,1,11,0
438.68,235,193,2,0,2,3,14.28,1,1,1,14,0
571.83,79,51,13,0,2,5,4.43,1,1,1,11,0
105.73,253,6,2,0,5,8,25.85,0,1,1,8,1
804.82,206,27,6,0,2,5,8.77,1,1,1,16,0
4706.52,628,16,5,0,3,7,5.07,0,0,1,15,0
3031.91,51,17,5,0,2,3,20.9,1,1,1,13,0
1448.79,142,42,7,1,3,8,694.75,1,1,1,8,1
1768.17,102,22,8,0,2,5,17.54,1,0,1,21,0
907.88,210,20,0,0,2,3,12.87,1,1,1,20,0
2218.88,46,206,3,0,4,7,48.19,1,1,1,16,0
3888.89,265,52,19,0,2,4,109.16,1,1,1,7,0
359.28,46,18,14,0,2,5,11.93,1,0,1,16,0
2439.74,213,19,0,0,4,7,20.25,1,1,1,8,0
4593.67,129,99,3,0,1,4,694.54,1,0,1,15,0
1193.8,87,130,7,0,3,6,17.0,1,0,1,11,0
3643.5,69,68,2,0,1,4,19.77,1,0,1,16,0
30171.54,101,33,7,0,4,4,8.82,1,1,1,8,1
1628.9,132,86,3,0,2,6,0.15,1,1,1,10,0
2679.29,164,166,17,0,3,8,8.66,1,1,1,6,0
864.32,179,10,15,0,2,4,916.38,1,1,1,10,1
2167.33,144,118,23,0,4,5,10.02,1,1,1,12,0
2864.85,125,113,13,0,5,9,0.13,0,1,1,16,0
2196.99,428,27,12,0,2,5,4.98,1,0,1,13,0
652.17,254,20,3,0,4,9,1475.44,0,1,1,19,1
2222.44,53,49,4,0,4,7,1.66,1,1,0,9,1
7802.47,110,19,12,0,2,4,6.57,0,1,1,9,0
2831.71,154,9,5,0,3,6,54.26,1,0,1,7,0
4731.45,89,183,14,0,3,7,5.43,1,0,1,5,0
1426.51,132,40,2,0,2,10,59.35,1,1,1,20,0
3827.24,57,38,9,0,3,4,23.18,1,1,1,8,0
2390.52,174,8,7,0,2,4,1.9,0,1,1,19,0
698.61,516,42,4,0,3,8,17.93,1,1,1,9,0
2486.23,180,81,8,0,2,2,0.42,1,0,1,19,0
670.69,180,17,3,0,4,7,9.94,1,1,1,19,1
960.18,144,27,7,0,3,8,5.5,1,1,1,2,0
2184.91,67,11,1,0,2,5,4.59,1,0,1,12,1
2433.89,453,26,4,0,4,8,4.58,1,1,1,14,0
550.47,193,118,19,0,2,4,37.3,1,1,1,11,0
5187.39,235,16,19,0,3,8,11.78,1,0,1,3,0
3203.52,125,1,7,0,3,8,3.24,1,1,1,21,1
893.61,240,46,10,0,1,5,2.3,1,1,1,16,0
388.55,452,51,22,0,2,4,1470.17,1,1,1,21,0
1564.15,362,23,6,0,2,9,9.59,1,0,1,10,0
1157.54,2,61,2,0,2,4,14.12,1,0,1,12,0
2024.63,348,2,11,0,4,5,13.61,1,1,1,13,0
1257.5,79,24,5,0,2,4,8.9,1,0,1,23,0
242.87,83,9,21,0,4,8,1.83,1,1,1,8,0
1226.17,57,15,3,0,2,5,17.36,1,1,1,14,0
1331.93,77,28,4,0,2,6,13.72,1,1,1,11,0
3407.25,214,40,9,0,2,5,30.34,1,1,1,11,0
899.47,179,5,19,0,2,5,46.02,0,1,1,10,0
9688.3,247,6,14,0,3,5,32.87,0,0,1,22,1
267.3,165,67,9,0,3,8,27.56,1,1,1,6,0
6708.75,79,31,13,0,5,6,409.85,1,1,1,18,0
1444.73,261,11,28,0,3,5,25.14,1,1,1,4,0
4270.92,134,16,7,0,2,7,4.16,1,0,1,8,0
1958.24,265,76,2,0,3,6,13.88,1,1,1,9,0
5650.82,194,3,9,0,2,3,0.22,1,0,1,14,0
1227.38,175,42,21,0,2,5,33.09,0,1,1,23,0
602.68,503,26,3,2,4,6,6.41,1,1,1,19,1
7483.86,34,100,3,0,2,8,17.59,1,1,1,9,0
1614.08,37,93,16,0,1,2,35.18,1,1,1,12,0
2256.47,101,70,3,0,6,11,37.05,1,1,0,18,1
6215.19,267,29,11,0,2,2,20.04,0,1,1,9,0
644.22,112,59,7,0,4,8,2.67,0,1,1,19,0
3279.65,137,61,13,0,2,3,47.1,1,0,1,22,0
1002.35,39,24,17,0,3,5,7.26,0,1,1,19,0
1584.19,260,127,3,0,3,6,36.84,1,1,1,12,0
1943.56,41,251,3,0,2,7,26.81,1,1,1,15,0
403.34,126,22,18,0,2,5,40.51,0,1,1,13,0
829.78,24,96,11,0,1,4,4.79,1,1,1,7,0
6981.88,297,41,5,0,2,4,6.98,1,0,1,9,0
4386.08,38,37,0,0,2,5,18.99,1,1,1,9,0
1698.26,119,29,2,0,2,4,20.62,1,0,1,19,0
2305.66,103,20,11,0,2,4,34.33,1,1,1,11,0
1347.16,236,151,7,0,1,6,13.23,1,0,1,10,0
7020.46,182,81,18,0,1,6,21.65,0,0,1,11,0
1479.78,486,34,17,0,1,4,9.71,1,1,1,13,0
2279.8,51,83,5,0,3,6,32.32,0,0,1,19,0
5687.52,347,76,9,0,1,3,0.02,0,1,1,15,0
831.0,393,18,15,2,2,9,16.15,1,1,1,16,1
8593.74,475,11,6,0,5,12,15.41,1,0,1,8,0
391.33,165,108,18,0,2,2,82.27,1,0,1,12,0
9224.72,60,100,22,0,1,3,12.97,1,1,1,19,0
1245.54,220,345,12,0,2,3,20.73,1,0,1,11,0
1418.42,43,1,5,0,3,8,21.31,1,1,1,17,0
273.14,323,46,23,3,4,6,43.98,0,1,1,11,1
1147.34,153,72,8,0,1,5,6.82,1,1,1,3,0
639.18,204,52,4,0,3,5,4.88,1,1,1,6,0
984.72,474,74,4,0,3,8,9.68,1,1,1,19,0
1576.07,181,8,6,0,1,2,3.58,0,1,1,11,0
4711.64,61,1,19,0,1,2,19.61,1,1,1,23,0
2225.2,154,5,9,0,4,8,43.54,1,0,1,2,1
2459.41,105,28,10,0,5,8,16.03,1,0,1,18,0
604.55,194,23,16,0,4,6,26.08,1,1,1,22,0
749.38,123,124,3,0,4,5,14.1,1,1,1,15,0
10924.08,95,5,9,0,3,5,10.0,1,1,1,9,1
866.79,157,35,5,0,1,4,67.06,1,1,1,19,0
9473.07,59,189,1,0,6,10,1.41,1,1,1,6,0
1417.91,148,41,12,0,5,8,10.52,1,0,1,11,0
1812.18,229,8,13,0,2,4,12.86,1,1,1,5,0
5273.05,408,20,12,0,1,3,11.23,1,0,1,14,0
6450.37,107,59,20,0,4,5,20.03,1,1,1,9,0
1618.39,537,1,18,0,2,7,7.17,1,1,1,12,0
1226.3,206,206,9,0,3,4,15.17,1,1,1,8,0
1709.71,129,50,4,0,5,8,31.06,1,0,1,11,1
2535.02,140,73,16,0,1,6,12.85,0,1,1,17,0
4408.56,162,41,23,0,1,5,46.96,1,1,1,19,0
1815.71,118,190,8,0,5,9,24.45,1,0,1,16,0
3357.28,97,53,15,0,1,4,6.19,1,1,1,15,0
9305.49,190,65,13,0,5,9,10.57,1,1,0,14,0
2647.34,33,118,12,0,1,2,1385.32,1,0,1,11,1
2469.21,85,118,4,0,2,3,11.33,1,0,1,11,0
395.87,263,1,6,0,3,3,8.38,1,0,1,21,1
130.23,27,19,14,0,2,4,26.67,1,1,1,6,0
2666.11,213,16,7,0,2,4,21.34,1,1,1,17,0
1644.47,174,1,15,0,4,7,4.66,1,1,1,13,0
1080.54,103,125,8,0,4,8,1.3,0,1,1,10,0
2306.6,122,22,8,0,3,4,26.67,1,1,1,11,0
1702.06,156,25,3,0,2,4,68.11,1,1,1,8,0
5584.67,218,6,25,0,1,2,24.73,1,1,1,19,0
1970.63,205,274,13,1,3,4,25.14,1,1,1,1,0
856.69,333,105,35,2,3,8,9.56,1,0,1,16,1
4866.68,198,50,19,0,1,6,23.9,1,0,0,16,0
1455.16,373,88,7,0,2,4,16.61,1,1,1,11,0
3061.12,31,90,5,0,1,2,57.09,1,1,1,13,0
1121.69,329,64,21,0,2,5,5.26,1,1,1,7,0
944.04,129,11,2,0,4,9,42.44,1,0,1,12,1
1966.81,183,76,12,0,1,2,18.64,1,1,1,21,0
1831.39,245,50,13,0,3,8,65.29,1,1,1,18,0
2921.43,73,77,13,0,2,4,10.57,0,1,1,12,0
1382.09,139,47,20,0,2,5,38.59,1,1,1,15,0
288.2,351,187,10,0,4,8,13.05,1,1,1,19,0
1172.89,407,59,13,0,2,4,4.18,1,0,1,10,0
3999.08,102,51,20,0,2,5,456.44,1,1,1,6,0
1342.95,235,111,3,0,3,6,25.36,1,0,1,21,0
1413.21,120,28,2,0,2,3,11.19,1,0,1,20,0
4848.27,46,22,19,0,3,4,8.66,1,1,1,15,0
887.16,390,41,5,0,1,3,8.72,1,1,1,9,0
386.53,73,52,14,0,2,6,44.95,1,1,1,19,0
1539.74,651,14,36,0,3,6,4.75,1,1,1,18,0
1114.13,56,68,19,0,1,2,21.78,1,1,1,22,0
687.98,324,97,0,0,3,6,3.33,1,0,1,15,0
1517.2,314,51,22,0,5,7,11.5,1,1,0,18,0
2955.74,121,44,3,0,2,6,54.23,1,1,1,8,0
1791.33,200,20,18,0,4,8,77.37,1,0,1,8,0
2457.7,123,144,12,0,2,3,1066.29,1,0,1,12,0
11085.66,86,84,31,0,1,4,28.96,1,1,1,7,0
1283.21,224,39,3,0,2,5,43.55,1,0,1,14,0
2388.33,283,64,2,0,1,5,12.53,0,1,1,15,0
1086.58,96,24,10,0,1,4,12.42,1,1,1,9,0
775.6,390,3,4,0,4,6,6.25,1,1,1,11,0
1007.36,197,13,13,0,1,2,1063.83,1,1,1,14,0
1120.18,164,4,5,0,3,6,7.0,1,1,1,12,0
2590.16,167,42,5,0,3,7,54.5,1,1,1,13,0
18940.84,383,58,1,0,2,4,5.56,1,1,1,19,0
883.56,132,28,5,1,4,6,14.89,1,1,1,18,1
1191.98,137,45,10,0,3,3,42.94,1,0,1,20,0
1697.44,378,5,9,0,3,8,4.96,1,0,1,19,0
2685.97,396,88,7,0,3,4,11.27,1,0,1,4,0
2353.25,310,1,6,0,3,9,32.14,1,1,1,9,0
6529.57,62,60,14,0,2,3,34.12,1,0,1,17,0
159.75,529,34,1,0,2,3,0.42,1,0,1,19,0
166.18,185,12,15,0,2,6,37.28,1,0,1,20,0
1101.16,160,44,27,0,5,8,4.14,1,0,1,9,0
5417.01,311,91,12,0,4,5,31.64,1,1,1,9,0
377.8,214,32,0,0,2,3,1511.15,1,0,1,9,1
89.33,124,27,7,0,4,7,22.17,0,1,1,10,0
3200.87,431,9,11,0,3,5,18.07,1,0,1,10,0
2306.89,160,54,0,0,3,5,2.19,1,1,1,16,0
607.77,181,105,14,0,2,8,9.54,1,1,1,21,0
674.83,429,49,34,1,3,5,23.6,1,0,1,15,0
685.57,298,10,0,0,3,5,10.45,1,0,1,8,0
2019.36,252,64,9,0,4,9,4.98,1,1,1,17,0
966.5,120,1,44,0,2,6,0.52,1,1,0,13,0
2963.32,221,109,2,0,3,5,6.31,1,0,1,20,0
104.1,230,152,12,0,2,4,30.46,1,0,1,21,0
767.51,226,54,15,0,4,8,1.72,0,1,1,1,1
586.37,163,128,6,0,3,8,19.9,0,1,1,23,0
1399.2,97,5,17,0,2,4,22.85,1,0,1,21,0
1055.69,325,15,32,0,2,3,1.84,1,1,1,8,0
4015.21,116,22,10,0,1,2,13.93,1,0,1,18,0
281.65,175,89,12,0,2,6,37.18,1,1,1,9,0
1892.19,19,39,11,0,3,7,6.1,1,1,1,7,0
3160.03,293,25,11,0,2,5,3.06,1,1,1,10,0
11575.52,84,10,6,0,2,5,3.69,1,1,1,15,0
1116.81,230,99,14,0,4,8,8.37,1,1,1,14,0
2501.03,65,1,10,0,3,6,0.93,1,0,1,10,1
297.72,149,24,6,0,3,7,0.65,1,1,1,8,0
165.35,139,16,4,0,1,4,36.92,1,0,1,4,0
4208.13,85,8,7,0,3,5,60.18,1,1,1,2,1
1798.02,199,11,2,0,4,5,2.45,1,1,0,19,0
5875.3,53,40,24,0,2,5,1186.89,1,0,1,11,1
457.88,272,33,22,0,1,4,39.82,1,0,1,16,0
3040.88,282,43,6,0,2,6,41.23,1,0,1,19,0
11717.26,92,78,4,0,5,8,3.57,1,1,0,12,1
2750.96,380,133,10,0,2,6,5.02,1,1,1,9,0
2384.11,152,7,8,0,3,5,10.37,1,0,1,19,0
1823.58,79,5,1,0,2,4,18.36,1,1,1,11,0
375.82,40,23,14,0,2,2,17.45,1,1,1,19,0
7013.37,7,47,18,0,5,7,66.12,1,0,1,6,1
981.56,367,6,11,0,4,5,1000.12,1,1,1,9,1
2994.35,101,75,5,0,2,3,47.43,1,1,1,15,0
378.78,132,48,14,0,2,4,1.92,1,1,1,23,0
555.87,124,82,8,0,3,7,14.8,1,1,1,13,0
7593.8,316,26,23,0,3,5,44.28,1,1,1,7,0
1277.55,239,30,22,0,2,4,0.48,0,1,1,12,0
7733.18,185,98,10,0,5,9,5.15,1,0,1,13,0
1671.99,58,18,22,0,2,5,11.66,0,1,1,22,0
286.6,441,28,4,0,1,6,26.51,1,0,1,16,0
4411.93,243,1,10,0,2,9,6.19,1,0,1,16,0
1002.36,247,48,23,0,2,4,16.82,0,1,1,9,0
3636.18,64,114,19,0,1,3,3.09,1,1,1,18,0
1854.2,75,1,17,0,3,5,18.92,1,0,0,18,1
386.4,181,57,11,0,2,5,15.07,1,0,1,14,0
2130.89,184,112,19,0,2,2,75.8,1,1,1,20,0
16256.09,85,40,9,0,3,6,0.92,1,1,1,20,1
2960.12,65,22,8,0,1,4,942.08,1,0,1,8,1
1706.98,114,340,18,0,4,8,14.48,1,1,1,8,0
5299.37,137,4,9,0,3,4,34.18,1,0,1,23,0
2232.03,58,14,5,0,3,7,0.04,1,0,1,16,1
2229.5,248,129,8,0,3,4,24.19,0,1,1,15,0
606.91,257,21,14,0,2,4,3.01,1,1,1,17,0
2284.38,232,102,43,0,2,6,1.63,1,1,1,13,0
5092.09,61,24,5,0,4,6,40.79,1,1,1,18,0
783.63,113,100,4,0,1,3,32.44,1,1,1,8,0
7513.79,278,69,13,0,2,3,3.55,1,0,1,18,0
1649.61,194,37,12,0,3,3,2.91,0,1,1,16,0
744.14,384,44,13,0,3,7,28.01,0,1,1,7,0
4903.14,351,11,27,0,3,8,21.08,0,1,1,10,0
1357.24,168,7,15,0,3,5,5.01,1,0,1,3,1
3864.22,111,75,3,0,1,5,31.66,1,1,1,14,0
1350.52,270,113,2,0,1,5,788.42,1,1,1,10,0
1703.05,287,76,12,0,2,4,17.32,1,1,1,7,0
2961.82,310,146,7,0,2,5,1.9,1,1,1,12,0
2418.49,192,132,15,0,3,9,640.16,1,1,1,3,0
245.79,101,90,8,0,3,5,10.53,1,1,1,22,0
589.19,230,137,13,0,2,6,627.74,1,1,1,1,0
4579.8,237,10,7,0,5,7,4.37,1,0,1,10,0
1584.25,265,78,29,0,3,5,9.27,1,0,1,11,0
1070.91,119,84,3,0,3,7,2.09,1,1,1,19,0
464.72,32,10,4,0,4,11,16.77,1,0,1,10,1
614.17,229,144,7,0,3,8,1213.55,1,1,1,22,0
239.42,51,1,13,2,2,6,6.59,1,1,1,7,1
1633.89,281,34,39,0,2,5,1.9,1,1,1,9,0
993.83,187,1,23,0,1,3,618.44,1,1,0,16,0
687.74,108,44,3,0,1,4,0.87,1,1,1,14,0
1688.97,374,31,18,0,1,5,28.86,1,1,1,18,0
2601.83,131,58,3,0,2,5,53.98,0,1,1,6,0
14664.69,188,87,3,0,1,3,13.62,0,1,1,15,0
398.66,117,87,11,0,3,5,29.65,1,1,1,11,0
5763.97,176,76,4,0,2,5,34.26,1,1,1,22,0
4784.33,239,6,16,0,3,7,10.19,0,1,1,11,0
829.57,124,32,4,0,3,8,4.21,1,0,1,9,0
2215.51,151,101,7,0,1,2,15.26,1,1,1,11,0
1144.09,278,63,5,0,3,4,7.4,1,0,1,19,0
2176.97,34,68,10,0,4,7,745.98,1,1,1,18,1
8177.41,289,15,5,0,3,5,19.92,1,1,1,3,0
3312.99,324,23,3,0,5,10,8.11,1,0,1,7,1
3006.73,78,187,13,0,4,8,9.11,1,1,1,9,0
1175.78,42,112,10,0,3,8,17.97,1,1,1,12,0
409.91,63,10,13,0,3,6,40.45,1,1,1,19,0
1467.82,87,47,1,0,2,4,17.08,1,1,1,16,0
6042.71,69,40,10,0,3,6,25.91,1,1,1,13,0
392.62,251,35,21,0,2,5,24.0,1,1,1,13,0
629.49,157,38,24,0,3,5,66.4,0,1,1,16,0
2051.38,209,61,9,0,1,4,13.76,1,1,1,10,0
675.43,308,204,3,0,2,4,2.86,1,0,1,12,0
818.5,268,124,3,0,2,4,2.86,1,0,1,13,0
1183.7,426,124,6,0,3,6,9.72,1,1,1,8,0
461.45,344,72,15,0,2,4,0.11,1,1,1,13,0
682.58,146,1,2,2,1,4,1493.62,1,1,1,14,1
3653.45,230,34,14,0,3,6,14.16,1,1,1,19,0
489.13,435,42,13,0,1,5,10.12,1,0,1,8,0
365.82,131,110,7,0,1,1,40.81,0,1,1,20,0
962.92,243,153,8,0,1,6,35.17,1,1,1,9,0
3759.18,512,36,14,0,4,5,5.11,1,1,1,19,0
1484.86,260,21,13,0,3,5,1311.13,1,1,1,9,1
1136.17,81,24,4,0,6,10,9.09,1,1,1,6,1
1890.05,44,51,8,0,4,5,79.57,1,0,1,5,1
315.54,94,19,7,0,2,6,15.88,1,1,1,20,0
2965.22,153,144,9,0,4,7,30.86,1,0,1,20,0
2652.97,486,32,2,0,4,6,28.62,1,1,1,10,0
1200.74,318,276,10,0,4,5,22.76,1,0,1,5,0
4943.97,130,6,8,0,4,7,56.82,0,1,1,12,1
585.52,84,12,4,0,2,5,43.4,0,1,1,20,0
5585.39,84,42,6,0,2,4,28.61,1,1,1,18,0
2110.11,571,121,7,0,3,4,15.54,1,1,1,0,0
1291.36,76,26,7,0,4,9,23.23,0,1,1,19,0
1772.46,286,109,5,0,3,5,11.64,0,1,1,18,0
1624.14,276,33,6,0,4,7,13.02,1,0,1,9,0
6125.91,144,115,21,0,2,4,7.57,1,1,1,9,0
616.05,71,19,8,0,4,7,1203.8,1,0,1,19,1
843.43,233,38,3,0,1,5,147.91,1,1,0,13,0
5096.47,464,19,23,0,3,4,2.02,1,1,1,16,0
996.72,64,14,13,0,3,4,1305.74,1,1,1,5,1
4449.44,181,32,13,0,2,4,8.01,1,0,1,19,0
9891.55,267,24,5,0,5,7,0.17,1,0,1,6,1
1209.79,446,92,12,0,2,6,15.51,1,1,1,15,0
3573.72,35,82,6,0,2,5,18.13,1,0,1,4,0
570.38,247,26,5,0,3,3,884.19,1,0,1,5,1
3845.79,440,291,34,0,1,6,646.65,1,1,1,12,0
2207.08,287,218,3,0,2,3,1357.77,1,1,1,14,0
2901.66,111,149,6,0,1,6,21.96,1,0,1,7,0
948.07,187,52,5,0,3,8,39.54,1,1,1,19,0
343.41,314,31,15,0,3,6,15.73,1,1,1,15,0
2990.67,328,22,24,1,3,4,8.7,0,1,1,3,1
229.66,284,1,9,0,1,11,2.47,1,0,1,20,0
1316.39,199,59,10,0,4,9,20.67,1,1,1,17,0
4634.03,163,48,1,0,1,4,24.64,1,1,1,14,0
2190.53,343,59,9,0,1,4,29.73,1,1,1,13,0
12687.12,235,51,8,0,2,5,63.83,1,0,1,19,1
5039.74,191,8,7,0,4,7,3.43,1,1,1,10,1
940.21,103,71,20,0,2,5,16.23,1,1,1,10,0
1858.11,98,26,12,0,1,3,19.68,1,1,1,11,0
1724.39,166,43,9,0,1,6,17.99,1,1,1,14,0
371.6,258,27,8,0,1,4,0.33,1,0,1,10,0
705.99,246,1,4,0,3,4,0.62,1,1,1,9,0
1031.98,237,125,5,0,3,8,24.51,1,0,1,13,0
235.99,184,9,36,0,1,5,6.42,1,1,1,19,0
1895.98,324,52,41,0,2,6,9.59,1,1,1,16,0
1409.41,363,128,2,0,1,4,11.25,1,0,1,12,0
339.38,76,15,12,0,2,5,28.91,0,1,1,10,0
2708.67,116,31,8,0,3,5,2.68,1,1,1,16,0
3699.2,563,28,2,0,6,9,765.66,1,1,1,19,1
2268.86,159,5,26,0,2,6,28.75,1,1,1,17,0
1307.58,162,33,17,0,1,8,17.89,1,0,1,20,0
3266.39,97,39,18,0,4,4,7.29,0,1,1,9,0
3569.64,329,1,6,0,2,6,33.92,1,1,1,11,0
2458.74,650,40,8,0,6,8,15.1,1,0,1,10,0
792.65,97,5,0,0,4,9,3.01,1,1,1,13,0
2384.16,342,133,12,0,2,4,72.75,0,1,1,14,0
5975.84,87,63,25,0,2,4,10.05,1,1,1,11,0
995.63,311,3,3,0,2,5,44.54,1,1,1,9,0
14734.39,88,105,3,0,1,6,3.24,1,1,1,15,0
1068.88,32,26,30,0,3,8,902.18,1,0,1,16,1
1867.6,559,15,5,0,5,6,10.23,1,0,1,10,0
922.89,127,17,1,0,2,7,57.91,1,1,1,20,0
2260.34,55,54,1,0,2,7,15.89,1,1,1,11,0
316.64,199,5,6,3,2,9,26.93,1,1,1,11,1
1047.29,260,3,1,0,2,6,10.95,1,1,1,12,0
606.61,351,59,16,3,1,4,23.35,1,0,1,0,1
2070.07,153,240,5,0,3,5,62.49,1,1,1,4,0
4887.55,147,39,22,0,1,5,4.04,1,1,1,9,0
3449.57,128,31,17,0,2,4,571.39,1,1,1,3,1
168.74,187,176,9,0,1,3,23.37,1,0,1,21,0
13933.76,279,16,14,0,1,4,33.34,0,1,1,19,0
2429.11,220,16,3,0,1,2,18.12,1,1,1,19,0
831.72,125,141,9,0,1,5,32.27,1,1,1,13,0
2115.67,180,62,1,0,1,5,3.45,0,1,1,17,0
2156.39,68,3,13,2,2,3,66.76,1,0,1,0,1
928.11,156,67,17,0,3,7,22.33,1,0,1,8,0
2203.75,142,102,8,2,1,2,18.32,1,0,1,13,1
984.89,353,19,28,0,3,5,1.28,1,1,1,17,0
1206.69,199,28,6,0,1,5,26.84,1,1,1,6,0
910.25,158,13,11,0,3,6,36.68,1,1,1,10,0
431.53,173,60,5,0,5,7,1.81,1,1,1,18,0
2091.92,156,65,1,0,3,5,0.64,0,0,1,23,0
3246.39,79,4,14,0,3,5,22.52,1,1,1,23,0
3025.66,275,67,27,0,2,4,6.85,0,1,1,20,0
4104.85,22,64,19,0,3,7,11.67,0,1,1,20,0
2500.74,126,2,12,0,3,5,0.28,1,0,1,12,0
1061.33,101,48,3,0,2,4,3.24,1,1,1,20,0
4186.68,128,57,22,0,2,5,10.61,1,0,1,8,0
465.21,271,33,10,0,3,6,8.45,1,1,1,10,0
734.6,159,138,1,0,2,4,36.63,1,0,1,9,0
689.39,174,23,4,0,2,8,7.19,1,1,1,21,0
5324.4,262,4,10,0,2,3,16.92,1,1,1,7,0
4641.48,250,66,4,0,3,6,3.59,1,1,1,11,0
2943.35,238,55,13,0,2,5,5.01,1,1,1,20,0
5281.31,176,270,2,0,3,7,0.29,1,0,1,21,0
750.48,339,15,35,0,4,6,22.68,1,1,1,15,0
2562.13,99,30,9,0,4,12,10.64,1,1,1,16,1
1595.31,158,37,3,0,2,7,13.69,1,1,1,9,0
4217.01,131,118,3,2,3,6,24.28,1,1,1,12,1
1611.27,136,32,2,0,1,5,0.14,1,0,1,18,0
1230.35,90,88,20,0,5,7,6.96,1,1,1,14,0
3105.43,297,10,3,0,2,7,4.21,1,1,1,19,0
4342.34,254,31,3,0,3,5,6.37,1,1,1,21,0
926.72,155,10,37,0,1,5,0.99,1,0,1,12,0
1700.92,229,179,9,0,3,7,12.75,1,1,1,22,0
627.38,309,11,6,0,4,8,14.28,1,0,1,9,0
148.7,434,32,4,0,1,6,12.33,1,1,1,11,0
2209.36,63,5,4,0,1,5,4.27,1,1,1,0,0
3323.94,162,152,9,0,2,7,22.55,1,1,1,13,0
2349.76,363,58,20,0,4,7,12.87,1,0,1,23,0
257.35,582,196,29,0,3,5,45.2,1,1,1,3,0
1273.02,216,2,1,0,1,5,15.68,1,1,1,20,0
196.69,292,11,9,0,6,9,241.84,1,0,1,18,0
7113.15,13,28,22,0,1,2,5.76,1,0,1,18,0
610.3,224,58,19,0,2,4,9.65,0,0,1,17,0
6344.88,151,23,1,0,1,1,1240.71,1,1,0,17,1
4655.8,275,74,4,0,3,6,0.92,1,1,1,21,0
734.66,450,10,15,0,2,4,42.13,1,1,1,14,0
582.43,175,55,2,0,1,4,9.02,1,1,1,17,0
2566.68,169,30,4,0,1,3,50.88,1,1,1,9,0
777.18,117,42,29,0,2,5,9.21,1,1,1,22,0
2003.17,23,50,6,0,1,3,29.42,1,1,1,18,0
1115.63,124,3,11,0,1,4,13.89,1,1,1,9,0
304.55,59,154,7,0,2,8,23.02,1,1,1,13,0
194.32,65,92,3,0,6,11,3.2,1,1,1,20,1
2268.07,226,35,9,0,3,9,47.53,1,1,1,12,0
1031.16,72,47,2,0,1,8,25.03,1,1,1,18,0
1039.93,185,1,11,0,1,9,30.94,0,1,1,9,0
3625.92,542,41,21,0,3,4,11.72,1,1,1,14,0
5845.59,135,33,7,0,2,3,42.41,1,1,1,7,0
1376.71,65,28,7,0,1,4,491.45,1,1,1,7,0
1286.14,465,101,12,0,3,5,6.76,1,1,1,18,0
2981.38,87,12,1,1,2,4,5.08,1,1,1,19,1
465.48,127,11,15,0,2,3,17.8,1,1,1,14,0
2260.07,326,44,14,0,2,7,6.99,0,1,1,10,0
3139.71,77,69,19,0,1,2,56.4,1,0,1,11,0
3569.68,120,1,6,0,4,7,2.78,1,1,1,17,1
260.67,74,47,12,0,2,7,32.72,1,0,1,14,0
844.42,323,21,28,0,1,2,25.51,1,1,1,2,0
751.25,71,84,20,0,2,4,113.4,1,1,1,13,0
1997.97,246,37,17,0,3,8,1.34,1,0,1,6,0
2924.11,164,107,28,0,2,5,1437.08,1,0,1,12,0
8076.47,115,30,5,0,2,4,609.47,1,0,1,22,1
1102.17,161,105,4,0,2,7,2.01,1,0,1,10,0
1099.3,129,75,2,1,2,4,34.24,1,1,1,16,1
5708.27,99,105,12,0,3,4,5.85,1,1,1,12,0
2432.26,37,100,19,0,3,5,7.54,1,0,1,16,0
6423.07,76,39,0,0,1,2,8.6,1,1,1,22,0
2413.25,199,27,9,3,1,4,9.2,1,1,1,15,1
568.43,142,86,28,0,2,5,17.42,0,1,1,10,0
476.69,243,26,15,0,2,3,7.44,1,1,1,19,0
383.17,185,5,13,0,3,7,926.61,0,1,1,12,1
3505.37,15,117,11,0,3,4,14.33,1,1,1,19,0
5934.85,226,30,21,0,2,6,1368.96,1,1,1,19,1
11491.49,67,8,11,0,3,5,20.58,1,1,1,13,0
4201.12,173,62,8,0,4,5,32.11,1,1,1,21,0
5783.93,47,132,10,0,3,5,5.78,1,0,1,7,0
1012.3,315,118,2,0,4,8,25.94,1,0,1,16,0
568.83,279,48,7,0,4,6,42.09,1,1,1,19,0
4230.52,147,5,24,0,4,7,16.7,1,1,1,3,0
2745.4,272,71,6,0,4,7,14.4,1,0,1,7,0
2013.13,80,56,10,0,2,5,0.07,1,0,1,9,0
2663.43,108,14,12,0,4,6,1.91,0,1,1,11,0
2497.85,309,138,7,0,1,3,26.11,1,1,1,14,0
6527.75,8,5,14,0,3,7,1.43,1,1,0,11,1
6601.06,150,28,7,0,3,6,1479.11,1,1,1,14,1
3115.73,216,5,26,0,2,4,53.15,1,1,1,9,0
4212.46,123,145,14,0,2,6,10.6,0,0,1,16,0
3023.17,363,2,1,0,1,4,22.14,1,0,0,11,0
1140.05,427,33,22,0,3,6,5.09,1,0,1,19,0
3852.84,226,118,9,0,1,4,8.37,1,1,1,19,0
448.32,67,17,5,0,3,6,52.2,1,0,0,13,1
5186.9,275,6,27,0,2,4,19.91,1,0,1,22,0
547.56,526,8,22,0,3,4,42.5,1,0,1,17,0
2406.2,179,31,20,0,1,7,14.24,1,1,1,10,0
776.54,156,33,13,0,1,2,82.5,1,1,1,7,0
3144.43,85,75,12,0,1,5,16.35,1,1,1,16,0
1747.73,208,16,6,0,1,4,66.88,1,1,1,11,0
366.96,159,72,22,0,2,8,12.49,1,1,1,6,0
2753.7,20,413,15,0,6,9,23.81,1,1,1,9,0
1014.43,264,119,24,0,3,5,597.13,0,1,1,11,0
4364.01,61,60,11,0,2,8,4.59,0,1,1,20,0
1810.44,582,168,28,0,3,7,8.29,0,1,1,1,0
2684.96,187,283,2,0,1,5,947.69,1,1,1,16,0
693.97,147,50,7,0,4,9,28.26,1,0,1,11,0
1002.92,181,19,8,0,3,8,1.95,1,1,0,9,1
1142.94,174,147,19,0,3,8,31.62,1,1,1,7,0
4258.63,129,111,6,0,1,3,40.37,1,1,1,19,0
9675.74,43,5,0,1,3,6,26.97,1,0,1,17,1
808.22,368,165,22,2,2,9,1162.21,1,1,0,9,1
5307.35,179,27,19,0,3,4,20.59,1,1,1,16,0
206.5,325,23,8,0,2,3,8.4,1,0,1,22,0
547.75,49,25,7,0,2,2,0.36,1,1,1,17,0
693.13,95,23,6,0,3,4,2.11,0,1,1,12,0
467.54,121,43,8,0,3,5,458.69,0,1,0,17,1
371.08,69,52,11,0,5,7,460.07,1,1,1,12,0
2732.57,264,33,20,0,3,4,1.12,1,1,1,11,0
1459.62,143,31,16,0,2,5,27.53,1,1,1,11,0
2642.3,205,80,0,0,3,8,57.53,1,1,1,10,0
3606.43,107,1,1,0,1,5,34.44,1,1,1,16,0
2358.11,334,176,11,0,2,3,623.31,1,0,1,10,0
3490.37,284,75,14,0,2,5,5.59,0,1,1,10,0
1686.6,259,73,1,0,1,3,14.8,1,1,1,11,0
551.7,187,32,22,2,3,8,60.13,1,1,1,12,1
5207.29,368,202,7,0,2,5,889.92,1,1,1,5,0
1003.14,286,1,2,0,3,7,6.44,0,0,1,12,1
709.39,163,4,4,0,3,4,2.36,1,0,1,7,0
1513.35,115,97,17,2,2,3,32.17,1,0,1,13,1
725.74,142,80,27,0,2,4,75.97,0,1,1,9,0
1191.03,233,18,4,0,2,6,1036.38,1,1,1,15,1
2550.52,48,54,2,0,4,9,25.37,1,1,1,8,1
2561.48,92,45,15,0,2,5,38.87,1,1,1,21,0
736.69,365,44,8,0,2,3,21.52,1,1,1,10,0
1110.2,315,54,19,0,2,5,71.79,1,1,1,12,0
5294.02,143,304,11,0,2,4,12.83,1,1,1,19,0
2970.25,820,262,4,0,3,7,35.04,0,0,1,9,0
14401.17,276,239,6,0,1,2,1155.92,0,0,1,20,0
5884.8,181,47,6,0,4,6,2.88,1,0,1,9,0
5677.65,318,22,13,0,4,5,9.28,0,0,1,9,0
451.3,112,49,14,0,2,11,11.6,1,1,1,9,0
3881.05,99,58,24,0,3,8,4.04,1,1,1,14,0
1714.53,158,22,35,0,3,6,4.33,1,0,1,10,0
1042.13,175,60,7,0,1,7,47.37,1,0,1,11,0
2138.83,99,58,10,0,2,2,11.81,1,1,1,11,0
4652.74,396,140,11,0,3,5,29.38,1,1,1,7,0
2983.44,134,16,23,0,1,3,87.96,0,1,1,17,0
751.09,39,71,16,0,3,5,0.4,1,1,1,10,0
3798.87,187,35,12,0,4,6,5.21,1,1,1,11,0
955.67,150,8,3,0,2,4,45.14,1,0,1,14,0
2245.5,296,22,13,0,2,5,12.47,1,1,1,18,0
1334.95,113,3,6,0,5,7,71.28,1,1,1,20,0
1452.63,266,23,11,0,2,4,10.68,1,1,1,13,0
3890.31,206,4,16,0,4,7,1.69,1,1,1,7,0
638.94,330,155,17,0,2,6,911.82,1,1,1,18,0
12647.25,186,6,4,0,2,2,7.31,1,1,1,8,0
292.63,95,102,9,0,1,4,6.58,0,1,1,8,0
994.59,213,141,6,0,1,2,0.07,1,1,1,11,0
2618.12,76,37,4,0,4,9,27.16,1,1,1,11,0
3243.19,26,3,10,0,1,6,4.43,1,1,1,19,0
1635.21,101,54,12,0,1,3,11.5,1,1,1,21,0
1707.2,344,16,6,0,3,6,9.92,1,1,1,18,0
2725.89,496,11,5,0,2,6,48.99,1,1,1,20,0
1435.01,48,50,15,0,4,8,1.68,1,1,1,17,1
7282.15,308,26,29,0,1,2,4.85,1,1,1,10,0
4185.36,446,78,11,0,2,5,51.17,1,1,1,11,0
4327.84,74,53,33,0,1,3,53.07,1,1,1,18,0
688.04,399,106,15,0,3,3,3.76,1,0,1,10,0
1670.05,62,3,6,0,2,8,12.56,1,0,1,18,1
1338.81,159,16,4,0,2,3,3.06,1,1,1,16,0
661.43,222,50,7,0,2,3,27.08,1,1,1,15,0
2591.95,79,127,15,0,1,4,8.76,1,1,0,1,0
1056.12,384,100,2,2,1,3,1.68,1,1,1,21,1
3482.15,170,68,4,0,2,6,369.75,1,0,1,13,0
620.06,290,51,7,0,2,5,35.49,1,1,1,16,0
10087.38,83,59,6,0,3,5,14.22,1,1,1,7,0
737.8,514,14,4,0,3,7,19.04,1,1,1,9,0
2251.39,240,54,11,0,1,2,7.69,1,1,1,19,0
3991.25,233,40,3,0,3,9,13.77,1,0,1,12,0
1021.84,220,29,23,0,1,4,670.52,1,1,1,18,0
4240.64,236,131,11,2,1,3,4.44,0,1,1,18,1
528.91,273,106,32,0,2,5,3.8,1,1,1,6,0
7724.23,134,4,13,0,2,5,21.32,1,1,1,5,0
1833.81,59,254,17,0,1,1,19.01,1,0,1,18,0
995.84,61,15,10,0,3,6,20.62,1,1,1,15,0
1340.53,180,14,16,0,1,2,38.52,1,1,1,12,0
4059.92,455,172,16,0,1,6,55.88,1,0,1,21,0
1007.82,158,35,17,0,3,9,44.54,1,1,1,19,0
854.61,355,98,5,0,1,2,7.02,1,1,1,10,0
1448.76,163,20,5,0,1,4,9.01,1,0,1,3,0
557.26,422,123,16,0,2,5,9.69,1,1,1,22,0
11165.05,232,107,3,0,2,6,1338.36,1,0,1,13,1
1026.19,210,43,7,0,2,3,64.57,1,0,1,10,0
4153.13,334,73,0,0,2,4,2.0,1,1,1,7,0
2229.36,230,199,5,0,3,5,0.68,1,1,1,1,0
675.51,265,36,1,0,3,7,10.12,1,1,1,11,0
1797.31,178,40,4,0,4,6,21.85,1,1,1,18,0
3960.01,220,76,8,0,1,4,17.29,0,0,1,11,0
1497.78,66,29,3,0,2,4,25.15,1,1,1,12,0
5961.71,381,195,4,0,3,4,42.07,1,0,1,18,0
5021.66,389,2,29,0,3,6,4.94,1,1,1,4,0
4531.98,139,30,22,0,2,5,11.56,1,1,1,15,0
1141.78,167,75,21,0,3,4,0.51,1,0,1,21,0
614.1,506,33,13,0,4,6,9.54,1,1,0,7,0
978.88,142,18,7,0,2,6,15.68,0,1,1,21,0
2200.06,283,32,15,0,1,4,9.98,1,1,1,10,0
3120.62,201,127,6,0,1,5,0.15,1,0,1,19,0
206.11,51,47,17,0,2,6,31.58,1,1,1,14,0
1793.43,238,24,3,0,2,7,68.49,1,0,1,16,1
2117.71,56,66,4,0,2,7,409.77,0,0,1,9,1
1369.85,375,56,5,0,1,4,7.5,1,1,1,19,0
6576.6,152,49,3,0,2,5,2.15,1,1,1,10,0
2756.67,69,29,18,0,5,8,0.15,1,1,1,16,0
6702.21,299,4,12,0,1,4,5.39,1,0,1,1,0
1456.86,53,58,4,0,1,6,0.26,1,1,1,9,0
4616.89,56,32,31,0,2,3,66.65,1,0,1,15,0
9274.89,522,33,2,0,1,5,1068.37,1,0,1,16,1
6712.28,339,16,10,0,1,4,31.19,1,0,1,12,0
606.59,185,17,9,0,1,4,86.86,1,0,1,12,0
1402.94,243,92,12,0,1,5,20.1,0,1,1,17,0
1280.28,87,39,3,0,4,8,2.86,1,0,0,21,1
2949.1,199,6,11,0,1,3,33.41,1,0,1,19,0
3591.6,75,2,13,0,4,6,22.47,1,0,1,18,1
781.42,73,15,3,0,1,3,13.65,1,1,1,11,0
1934.95,308,40,4,0,1,5,3.53,1,1,0,11,0
239.86,127,57,3,0,3,8,275.01,0,1,1,22,0
7646.05,113,9,6,0,3,3,2.01,1,1,1,6,1
1083.15,228,34,6,0,2,6,3.56,1,1,1,17,0
1911.92,110,4,6,0,2,3,4.59,1,0,1,13,0
1326.57,149,2,22,0,1,6,5.98,1,1,1,16,0
5687.51,477,119,1,0,3,5,27.41,0,0,1,14,0
105.9,56,64,0,0,5,7,3.41,1,1,1,10,1
1778.26,431,91,5,0,5,9,10.49,1,1,1,5,0
1626.49,867,12,0,0,3,5,1498.92,0,0,1,18,1
1148.67,60,23,6,0,3,5,26.03,1,1,1,9,0
10160.13,67,35,17,0,1,2,31.48,1,1,1,17,0
744.47,256,64,2,0,2,5,12.8,1,1,1,13,0
3911.97,23,45,2,0,4,6,42.53,1,1,1,13,0
2581.83,188,48,8,0,1,5,33.41,1,1,1,20,0
6383.8,99,10,21,0,1,3,15.45,1,1,1,10,0
927.8,382,38,9,0,3,9,4.4,1,0,1,16,0
868.73,135,104,21,0,3,6,0.57,1,1,1,12,0
5410.35,209,42,4,0,1,2,30.57,1,1,1,7,0
2766.45,278,13,19,0,1,3,11.33,1,1,1,12,0
385.7,241,32,5,0,1,5,11.43,0,1,1,21,0
1054.37,176,84,6,0,2,5,19.05,1,1,1,20,0
2660.8,287,8,5,0,2,3,32.21,1,1,1,19,0
4178.74,49,52,11,0,4,8,6.57,1,1,1,9,0
916.69,338,201,2,0,1,3,9.32,1,0,1,9,0
98.08,142,28,7,0,2,5,42.22,1,1,1,20,0
3051.0,265,2,31,0,2,3,1.07,1,1,1,11,0
533.62,171,60,6,0,2,10,39.24,1,0,1,21,0
240.49,113,2,7,0,3,5,14.89,1,1,1,19,0
106.45,162,12,19,0,3,9,26.14,1,1,1,22,0
4080.52,213,2,7,0,5,9,48.89,1,1,1,19,1
2056.21,236,11,14,0,1,5,55.03,1,1,1,21,0
1442.8,216,115,1,0,2,5,1103.6,1,0,1,12,0
7251.94,107,79,9,0,2,5,7.82,1,1,1,19,0
3419.76,81,25,12,0,3,4,35.9,1,1,1,10,0
9102.46,87,136,10,0,3,11,14.94,1,0,1,1,1
449.11,148,65,5,0,1,6,11.43,1,1,1,10,0
1746.64,262,35,5,3,1,5,0.91,1,1,1,17,1
358.99,274,4,9,0,3,5,17.44,0,0,1,16,0
1437.44,118,78,15,0,2,3,14.7,1,0,1,10,0
1410.06,177,28,4,0,1,5,6.21,1,0,1,11,0
3383.32,53,21,5,0,2,4,2.47,0,1,1,18,0
1892.33,134,20,8,0,2,6,9.78,1,0,1,16,0
3372.49,117,1,12,1,1,4,526.73,1,0,1,16,1
3653.5,97,81,2,0,4,7,58.62,1,1,1,11,1
15598.48,190,9,1,0,3,6,26.53,1,0,1,17,1
1319.1,486,44,10,0,5,7,70.17,0,1,1,14,0
705.55,183,1,6,0,2,7,637.76,1,1,1,17,0
2312.5,354,59,8,0,2,2,54.92,1,1,1,18,0
810.56,308,27,0,0,2,7,1172.67,0,1,1,4,1
7958.22,121,59,8,0,4,7,70.78,1,1,1,12,0
1362.1,288,5,14,0,2,4,4.45,0,1,0,19,0
1027.03,504,18,4,0,2,5,6.44,1,0,1,15,0
1128.54,68,7,8,0,1,3,36.86,1,1,1,8,0
3708.63,308,62,13,0,3,8,22.6,1,0,1,11,0
1544.19,168,6,29,0,1,4,84.38,0,1,1,6,0
951.78,108,57,5,0,1,2,127.62,1,0,1,15,0
9560.09,227,8,6,0,2,4,26.77,1,0,1,13,0
768.03,231,172,7,0,3,9,6.56,1,1,1,6,0
1873.5,658,32,7,0,3,8,6.53,1,1,1,11,0
3471.38,111,8,6,0,2,5,3.45,1,1,1,23,0
353.78,183,2,1,0,3,9,1.46,1,1,1,21,0
2922.69,181,23,8,0,2,3,28.39,0,1,1,9,0
629.48,110,133,8,0,2,6,12.5,0,1,1,16,0
4116.6,88,9,1,0,3,6,28.93,1,1,1,23,0
690.45,132,93,1,3,1,4,73.24,0,1,1,21,1
3614.72,164,32,0,0,2,4,1090.82,0,1,1,18,1
5463.44,84,97,14,0,1,5,7.45,1,0,1,17,0
4278.84,319,124,18,0,1,2,26.1,1,1,1,20,0
2324.63,246,367,11,0,2,7,1514.58,1,1,1,14,0
1434.68,69,4,19,0,1,2,10.81,1,1,1,22,0
1015.95,131,95,5,0,2,4,41.71,1,1,1,12,0
7871.74,192,4,1,0,4,8,1.14,0,1,1,14,0
898.3,278,22,16,0,3,5,1150.28,1,0,1,18,1
640.94,165,62,4,0,2,3,589.71,0,0,1,18,1
3517.02,268,35,3,0,4,8,12.99,1,1,1,17,0
815.55,219,49,19,0,4,6,53.85,1,1,1,17,0
699.2,288,203,5,0,4,7,56.47,1,1,1,4,0
426.83,100,102,18,0,1,3,45.61,1,1,1,9,0
1115.54,251,27,20,0,2,8,16.17,1,0,1,19,0
1664.51,168,54,4,3,2,7,12.72,1,0,1,21,1
2305.59,348,2,12,0,3,4,15.24,1,0,1,18,0
4681.18,99,36,13,0,1,6,0.34,1,1,1,10,0
3062.23,222,56,17,1,3,7,14.82,0,1,1,0,1
1493.87,184,75,5,0,4,5,8.71,0,1,1,9,0
1482.97,157,139,1,0,3,6,19.66,1,0,1,12,0
3011.39,135,19,8,1,3,6,37.77,1,1,1,20,1
6454.74,142,139,5,0,2,4,20.8,1,1,1,19,0
2051.47,465,64,13,0,4,6,8.79,1,1,1,15,0
1131.01,154,4,11,0,1,5,24.62,1,0,1,20,0
669.9,445,28,22,0,1,3,0.55,1,1,1,9,0
426.15,157,38,9,1,5,8,9.66,0,1,1,12,1
3520.19,197,26,4,0,2,2,21.61,0,1,1,17,0
3222.71,176,7,13,0,3,5,3.92,0,0,1,22,0
3220.73,460,48,4,0,1,3,4.8,1,1,1,20,0
1589.76,297,8,12,0,1,4,81.01,1,1,1,17,0
7383.0,126,147,1,0,2,4,3.65,1,1,1,9,0
1114.19,56,120,5,0,1,2,6.03,1,1,1,8,0
4699.77,128,38,15,0,1,4,21.69,1,0,1,4,0
1739.33,387,4,11,0,3,6,18.02,1,1,1,14,0
984.02,73,48,4,0,5,6,22.73,1,0,1,14,0
3269.95,58,53,8,0,3,4,8.52,1,0,1,10,0
2723.4,109,131,5,3,1,3,38.61,0,1,1,4,1
2583.69,83,4,14,0,1,1,1327.75,1,1,1,14,0
1961.13,94,70,9,0,1,3,49.2,1,0,1,19,0
1740.81,36,49,2,0,6,9,14.01,1,1,1,22,1
19699.96,199,11,15,0,2,7,21.91,1,1,1,19,0
5909.15,226,7,24,0,2,5,37.14,0,1,1,14,0
3725.02,153,71,6,0,2,2,16.96,1,1,1,0,0
2021.91,57,24,4,0,3,9,21.66,1,1,1,13,0
4950.07,109,582,1,0,3,6,15.85,1,1,1,13,0
3035.09,221,134,5,0,1,7,7.07,1,1,1,12,0
1856.05,241,50,0,0,2,6,3.09,1,1,1,16,0
1334.67,38,61,15,0,2,5,5.53,0,0,1,20,0
1667.5,180,10,12,0,3,7,15.98,1,1,1,20,0
75.91,103,134,2,0,3,6,11.7,1,0,1,2,0
2231.88,172,36,2,0,2,3,55.08,1,1,1,8,0
1109.34,60,44,11,0,2,2,10.77,1,0,1,18,0
8889.89,44,123,1,0,2,9,24.98,1,1,0,9,0
1843.36,151,1,24,0,2,4,32.8,1,1,1,19,0
550.62,160,40,0,0,1,6,22.69,1,1,1,21,0
1720.07,90,59,11,0,2,4,2.23,1,1,1,21,0
635.16,421,10,5,0,3,6,18.93,1,0,1,7,0
2902.73,101,4,6,0,1,4,10.96,0,1,1,2,0
2418.61,99,45,9,0,4,8,8.12,0,1,1,18,0
4711.87,176,47,1,0,1,2,15.79,1,0,1,19,0
819.85,161,24,10,0,1,6,4.33,1,1,1,8,0
1870.59,101,128,2,0,4,10,1.88,1,1,1,12,0
461.73,225,21,4,0,2,5,0.95,1,1,1,10,0
3646.4,223,43,16,0,1,2,1.07,0,0,1,12,0
3037.75,178,12,15,0,3,6,76.9,1,0,1,18,1
2968.48,198,1,1,0,2,8,15.54,1,0,1,4,1
1810.97,168,33,4,0,2,3,1086.83,1,1,1,9,0
2737.42,162,44,1,0,2,5,1.31,1,1,1,19,0
8994.24,61,86,10,2,2,5,32.19,1,0,1,11,1
1359.55,185,35,38,0,4,7,22.52,0,1,1,20,0
2076.93,301,19,21,0,2,5,68.98,1,0,1,10,0
610.25,198,55,9,0,4,5,952.71,1,1,1,9,1
758.8,140,28,7,0,1,5,28.35,1,1,0,3,0
1993.83,292,15,4,0,3,4,17.82,1,1,1,19,0
5453.07,199,144,2,0,2,3,3.43,1,1,1,21,0
1399.29,100,46,6,0,1,5,3.64,1,1,1,15,0
1428.08,292,13,7,0,3,4,37.53,1,0,1,20,1
1203.65,122,66,18,0,2,5,4.18,1,1,1,20,0
1059.17,76,97,2,0,3,9,21.65,1,1,1,14,0
2428.36,92,85,7,0,4,5,734.42,1,1,1,18,1
404.54,114,54,11,0,2,4,11.43,1,1,1,12,0
6508.99,59,43,8,0,8,13,69.6,1,1,1,9,1
929.44,368,90,3,0,2,4,32.24,1,1,1,20,0
3721.58,42,73,17,0,2,6,39.64,1,0,1,16,0
507.76,242,50,22,0,3,6,13.48,1,1,1,17,0
3529.25,205,64,9,0,3,6,26.71,1,0,1,9,0
3540.22,196,11,12,0,1,3,76.29,1,0,1,20,0
2655.01,223,1,2,0,4,10,11.62,1,1,1,18,1
668.86,149,160,5,0,2,3,13.0,1,1,1,7,0
2320.52,243,164,9,0,2,6,10.53,1,1,1,15,0
553.88,158,93,16,1,3,6,25.18,1,0,1,12,1
1404.22,130,27,14,0,3,9,994.57,1,0,1,17,1
5061.47,64,9,4,0,2,9,12.51,1,1,1,17,0
4010.62,211,26,6,0,3,4,15.18,1,1,1,12,0
1835.7,213,77,9,0,3,5,21.35,1,1,1,15,0
682.11,168,24,32,0,3,7,0.55,1,1,1,5,0
3448.13,275,95,11,0,5,8,13.09,1,1,1,12,0
1843.43,338,67,6,0,1,7,53.79,1,0,1,13,0
177.63,118,59,6,0,2,6,4.17,1,1,1,15,0
3954.58,249,159,9,0,3,4,5.51,1,1,1,8,0
1764.76,63,134,10,0,3,5,24.19,1,1,1,21,0
6017.64,176,74,5,0,2,5,2.27,1,1,1,17,0
604.7,150,13,11,0,2,8,19.34,0,1,1,18,0
75.44,280,167,10,0,2,4,21.8,1,1,1,19,0
2390.08,124,15,0,0,4,7,10.84,1,1,1,6,1
2420.1,349,27,6,0,7,10,11.12,1,0,1,1,1
333.4,144,105,27,0,2,4,40.24,1,1,1,14,0
679.6,64,14,2,0,2,4,17.95,1,1,1,16,0
28430.5,46,61,0,0,2,3,5.24,1,1,1,10,0
1331.94,264,36,2,0,2,2,7.28,1,0,1,9,0
3755.43,59,58,12,0,3,6,29.03,1,1,1,8,0
943.26,229,190,3,0,3,5,91.31,1,1,1,12,0
223.56,261,99,6,0,3,9,32.1,1,0,1,20,0
1524.99,99,21,0,0,2,4,44.12,0,1,1,9,0
1386.3,202,3,2,0,4,8,37.0,1,0,1,7,0
1212.11,420,204,4,0,1,7,5.74,1,1,1,16,0
1612.21,152,52,5,0,4,6,14.13,1,1,1,7,0
2354.93,50,11,8,3,3,7,43.08,0,0,1,15,1
1556.01,111,59,4,0,2,5,0.61,0,0,1,7,0
510.81,452,2,10,0,1,4,45.18,1,1,1,14,0
2940.06,274,12,22,0,2,5,3.99,1,1,1,10,0
257.4,71,60,2,0,2,11,1.03,0,1,1,22,0
232.67,333,30,6,0,1,3,28.79,0,1,1,16,0
3786.44,345,23,28,0,1,4,151.9,1,0,1,20,0
3001.96,125,63,2,0,1,8,10.13,1,1,1,15,0
1707.19,62,120,14,0,2,3,15.95,1,1,1,11,0
447.89,315,68,10,0,1,9,5.8,1,1,1,14,0
890.77,488,37,2,0,2,3,24.72,1,1,1,14,0
1390.27,101,64,10,0,4,8,871.76,1,1,1,15,1
366.54,264,71,9,3,4,9,34.74,1,1,1,13,1
863.48,103,89,25,0,2,3,31.7,1,1,1,18,0
3471.46,100,22,12,0,3,8,12.31,1,1,1,21,0
7534.93,202,7,7,0,4,7,18.6,1,0,1,18,0
1188.64,91,68,17,0,4,7,36.76,1,1,1,11,0
3852.54,165,7,23,0,2,7,4.16,1,1,1,9,0
266.65,351,37,5,0,1,5,13.56,1,0,1,15,0
3496.27,53,15,6,0,2,7,6.27,1,1,1,14,0
809.2,286,24,37,0,2,5,606.32,0,0,1,14,0
2458.6,192,38,6,0,2,5,76.74,1,1,1,15,0
1411.27,225,135,19,0,2,5,19.18,1,1,1,7,0
6771.07,181,68,0,0,4,5,25.11,1,0,1,12,0
754.13,381,11,11,2,3,4,17.45,1,1,1,18,1
3386.68,217,126,15,0,3,6,4.35,0,1,1,12,0
1367.16,133,41,7,0,2,5,583.43,1,1,1,9,0
1543.33,193,13,4,0,2,4,24.34,1,1,0,10,0
1504.4,128,44,14,0,3,7,13.35,1,0,1,9,0
776.14,105,12,3,0,4,8,18.57,1,1,1,18,1
1782.73,331,27,5,0,2,5,19.85,1,1,1,6,0
1698.25,128,98,19,0,2,5,5.33,1,1,1,22,0
2301.32,43,64,3,0,1,4,16.19,1,1,1,16,0
1967.47,227,38,27,0,3,8,18.14,0,0,1,18,0
4015.81,134,15,2,0,1,8,24.7,1,1,1,16,0
4552.85,426,19,9,0,4,9,47.7,1,1,1,5,0
632.31,250,229,20,0,3,6,21.23,1,1,1,7,0
4310.34,413,25,0,0,3,5,5.94,1,1,1,9,0
552.06,282,57,4,0,3,10,11.23,0,1,1,20,1
3254.7,336,41,9,0,1,5,1.89,1,1,1,17,0
3360.14,219,1,2,0,2,5,3.12,1,1,1,8,0
267.38,293,173,10,0,2,3,31.4,1,1,1,8,0
1984.22,94,5,4,0,1,3,0.38,1,0,1,8,0
1131.73,281,64,5,0,1,5,18.55,1,1,1,9,0
846.61,61,99,8,0,5,12,155.08,1,1,1,23,0
6980.34,165,82,8,0,4,9,1204.45,1,1,1,20,1
940.41,114,99,3,3,3,6,4.32,1,1,1,18,1
807.24,203,80,3,0,1,4,2.11,1,1,1,14,0
1950.22,126,35,12,0,4,7,7.72,1,0,1,21,0
3588.86,63,135,4,0,3,7,930.22,1,1,1,5,1
1569.25,59,146,11,0,1,3,99.65,1,1,1,7,0
5804.39,68,34,12,0,3,6,16.13,1,1,1,11,0
3074.74,207,39,4,0,1,5,22.1,0,0,1,19,0
204.75,212,39,1,0,3,9,1171.12,1,1,1,12,1
1064.79,126,19,14,0,2,4,15.49,1,1,1,12,0
1030.87,231,7,9,0,1,4,22.8,0,1,1,15,0
2920.06,154,18,5,0,2,3,16.0,1,1,1,14,0
131.0,221,111,40,0,2,3,11.19,1,1,1,10,0
23132.87,172,46,24,0,6,8,7.77,0,1,1,9,1
3074.9,287,113,9,0,1,6,14.24,1,0,1,8,0
2098.29,93,82,14,0,4,10,0.38,0,1,1,14,0
5893.28,37,25,4,0,1,3,53.67,1,1,1,11,0
18838.43,155,12,5,1,2,3,8.21,1,1,1,8,1
4318.86,184,50,4,0,1,7,21.24,1,1,1,9,0
4669.53,78,164,1,0,2,4,10.12,1,1,1,13,0
2060.47,89,109,1,1,2,5,52.23,0,0,1,17,1
1569.44,246,86,2,0,3,5,362.63,1,1,1,20,0
1123.5,250,86,4,0,1,3,37.64,0,1,1,10,0
791.47,151,45,2,0,1,5,4.37,1,1,1,12,0
909.58,48,11,5,0,1,3,56.26,1,1,1,12,0
468.46,240,20,8,2,2,5,35.58,1,1,1,10,1
1675.94,183,51,24,0,2,6,14.43,1,0,1,16,0
335.4,116,22,3,0,3,7,18.62,1,1,1,12,0
2188.38,306,91,10,0,2,3,15.86,1,1,0,14,0
1743.53,21,28,12,0,3,4,26.82,1,1,1,12,0
2094.22,165,7,4,0,3,6,2.33,1,0,1,12,0
1072.63,242,91,10,0,3,10,11.91,0,1,1,16,0
39216.79,62,71,11,0,3,7,11.05,1,0,1,6,1
7045.3,57,17,21,0,4,10,10.53,1,1,1,17,0
520.85,449,238,10,0,3,7,33.81,1,0,0,17,0
2282.14,249,30,14,0,4,8,10.88,1,1,1,21,0
984.36,383,68,7,0,2,6,13.27,1,0,1,18,0
655.58,293,144,14,0,2,3,53.45,1,1,1,18,0
473.39,209,10,9,0,4,4,55.29,1,0,1,5,1
2785.59,485,126,18,0,1,7,9.29,1,1,1,23,0
914.72,195,73,7,0,3,8,7.01,1,1,1,16,0
4759.16,157,11,11,0,4,9,16.69,1,1,1,22,0
4884.3,293,65,14,0,2,3,13.37,1,0,1,16,0
7143.19,310,124,2,0,1,4,1.28,1,1,1,0,0
770.94,228,96,1,0,6,8,8.31,1,0,1,9,0
2908.42,116,85,3,0,1,5,39.19,1,1,1,19,0
3403.14,292,10,3,0,1,8,0.66,1,0,1,16,0
1125.32,114,12,2,0,3,8,4.48,0,1,1,17,1
835.67,176,47,7,0,2,6,9.36,0,1,1,21,0
9040.96,89,52,20,0,1,4,10.67,1,1,1,9,0
2269.91,93,172,18,0,3,5,65.57,1,0,1,5,0
3415.12,27,37,15,0,1,7,15.84,1,1,1,20,0
794.67,154,21,14,0,3,6,3.79,1,1,1,20,0
534.17,213,12,1,0,4,10,46.44,1,0,1,22,1
1023.06,474,3,16,0,2,3,44.69,1,1,1,6,0
1597.15,107,4,6,0,4,8,0.95,0,1,1,16,1
623.77,180,51,10,0,2,5,0.3,1,1,1,23,0
1790.33,159,11,14,0,3,7,20.05,1,1,1,20,1
334.12,218,114,11,0,4,8,29.02,1,0,1,12,0
589.9,138,54,10,0,1,4,15.79,1,1,1,13,0
3536.57,251,120,11,0,3,6,5.72,0,1,1,16,0
3306.98,84,33,1,0,2,6,377.53,1,1,1,12,0
1221.85,170,54,10,0,2,3,26.85,1,0,1,22,0
653.43,211,44,3,0,1,5,25.36,1,0,1,17,0
647.16,321,259,10,0,1,1,24.1,1,1,1,15,0
1244.8,254,95,8,0,5,8,11.92,1,0,1,9,0
3444.45,167,54,6,0,1,5,4.54,0,0,1,6,0
4574.47,93,55,12,0,2,4,33.6,1,0,1,8,0
1100.44,509,17,25,0,1,5,0.16,0,1,1,9,0
570.5,103,79,5,3,4,7,65.52,1,1,1,18,1
2363.37,67,243,4,0,3,5,19.29,1,1,1,21,0
793.51,110,8,8,0,1,7,5.68,1,1,1,11,0
1076.8,56,60,0,0,1,3,3.91,1,0,1,7,0
6804.07,210,43,6,1,1,6,0.4,1,1,1,23,1
4134.47,166,113,9,0,4,9,0.16,1,1,1,2,0
2117.46,144,1,12,0,3,8,38.69,1,1,1,7,0
506.78,156,8,5,0,5,6,16.7,1,1,1,7,0
2233.66,115,2,12,0,2,4,51.37,1,1,1,21,0
5232.57,33,10,4,1,3,4,17.51,1,1,0,9,1
1241.86,293,73,6,0,4,5,8.7,1,1,1,1,0
6982.16,123,9,14,0,5,7,51.83,1,0,1,16,1
6586.29,58,58,25,0,3,8,7.28,1,1,1,11,0
9544.62,42,121,21,0,3,7,12.68,1,1,1,7,0
2453.43,360,2,13,0,2,5,0.9,1,1,1,11,0
3253.19,133,1,11,0,1,1,5.66,1,1,1,21,0
7436.74,130,275,2,0,6,10,45.28,0,1,1,5,0
2828.19,225,67,2,0,3,8,1217.0,1,1,1,11,1
1095.28,116,9,17,0,2,4,4.51,1,0,1,11,0
1154.54,55,21,15,0,1,2,22.67,1,1,1,21,0
2295.15,108,252,0,0,1,5,8.44,1,1,1,11,0
497.42,195,15,2,0,3,3,30.29,1,1,1,13,0
1566.72,107,83,4,0,1,3,0.33,1,1,1,13,0
5412.94,90,16,7,0,1,3,1522.55,1,1,1,21,1
202.1,74,30,5,0,3,7,4.4,1,1,0,19,1
8387.37,213,127,7,3,5,9,39.69,0,0,1,14,1
5554.56,191,1,10,0,3,7,12.27,1,0,1,23,0
1141.66,230,22,4,0,5,6,24.88,1,0,1,17,0
3113.15,145,40,3,0,3,7,54.64,1,1,1,20,0
1813.74,122,58,6,0,3,11,4.38,1,1,1,20,0
6185.67,93,1,14,0,3,4,23.7,1,1,1,13,0
4830.39,133,31,30,0,1,4,2.8,1,0,1,17,0
445.83,44,25,2,0,4,8,12.32,1,0,1,7,0
3252.77,201,1,19,0,3,6,3.81,0,0,1,8,0
1471.99,125,26,5,0,7,8,42.36,1,0,1,19,1
1964.18,315,161,31,0,2,5,7.12,1,0,1,16,0
872.91,160,19,4,0,4,8,699.39,1,1,1,5,1
10385.2,33,52,8,0,2,5,1455.34,1,0,1,20,1
5115.66,184,21,21,0,4,7,11.93,1,1,1,11,0
862.84,517,6,9,0,2,5,7.96,1,1,1,18,0
475.99,212,20,7,0,3,7,9.89,1,0,0,14,0
1229.46,268,38,9,0,2,5,409.72,1,1,1,17,0
2791.97,335,21,6,0,4,8,47.53,1,1,1,17,0
2298.95,87,58,11,0,2,3,15.2,1,1,1,17,0
6330.49,149,178,14,0,2,6,2.86,1,1,1,21,0
3983.51,91,4,3,0,4,8,7.01,1,1,1,14,1
4767.46,248,75,6,0,1,6,47.28,1,1,1,5,0
2507.03,92,1,3,0,2,3,4.58,1,1,1,14,0
450.65,144,1,2,0,1,2,5.52,1,1,1,20,0
1486.68,261,8,7,0,2,5,45.75,1,1,1,19,0
5219.15,246,39,8,0,2,5,2.39,1,1,1,15,0
1717.25,182,2,15,0,1,2,8.39,1,0,1,9,0
2990.18,338,76,8,0,2,3,27.07,1,1,1,14,0
1314.55,260,1,2,0,4,6,37.12,1,0,1,23,1
645.61,108,41,33,0,1,3,62.0,1,1,1,11,0
1598.24,57,67,5,0,1,5,11.32,1,0,1,19,0
2462.78,84,16,7,0,1,4,365.24,1,1,1,16,0
938.53,271,51,5,0,3,4,7.25,1,1,1,11,0
1428.37,211,18,1,0,1,5,39.67,1,1,1,8,0
706.65,340,14,0,0,4,8,302.84,1,1,0,13,0
5537.2,225,102,10,0,2,7,17.68,1,0,1,10,0
1346.88,264,24,1,0,3,6,3.27,1,1,1,21,0
7729.16,199,100,7,0,2,7,6.11,1,1,1,8,0
8339.41,105,14,1,0,3,7,343.43,1,1,1,10,1
1667.29,102,26,26,0,2,5,3.31,1,1,1,18,0
659.55,85,6,10,0,3,4,1059.16,1,1,1,11,1
224.55,105,41,5,0,4,4,5.01,1,0,1,20,0
414.87,345,28,13,0,2,4,1.79,1,1,1,16,0
457.68,244,1,11,0,2,5,8.67,1,1,1,1,0
7175.8,146,37,2,0,4,6,11.27,1,1,1,8,0
2030.07,215,4,12,0,2,4,1.15,1,1,1,18,0
2669.39,213,108,23,0,1,4,17.57,0,1,1,18,0
196.29,363,40,4,0,6,9,8.84,1,1,1,11,0
545.68,136,70,17,0,4,6,12.88,1,1,1,12,0
4389.98,191,103,4,0,2,5,30.9,1,1,1,8,0
2408.54,265,3,11,0,1,5,34.57,0,1,1,20,0
1560.55,104,24,15,0,2,7,18.6,1,0,1,17,0
3180.65,382,1,0,0,5,8,14.39,1,1,1,20,0
9281.68,258,3,7,0,1,3,674.59,1,0,1,8,0
1449.48,84,2,10,0,5,9,28.27,1,0,1,17,1
1937.92,460,38,4,0,4,8,372.08,0,1,1,22,0
2192.06,338,35,8,0,2,3,1202.86,1,0,1,16,0
19773.73,238,3,2,0,3,6,16.23,1,1,1,12,1
221.55,37,18,9,0,3,3,28.0,1,1,1,18,0
3580.38,118,16,7,0,3,9,20.25,1,1,1,8,0
1611.95,183,21,4,0,3,5,4.53,1,1,1,20,0
3186.8,192,61,4,0,6,10,15.46,1,0,1,21,0
936.95,174,71,3,0,3,5,0.24,1,1,1,14,0
1721.64,67,24,8,0,1,3,7.56,1,1,1,6,0
3682.73,141,93,6,0,3,7,18.33,1,1,1,21,0
40656.35,150,32,20,0,3,6,3.0,1,1,1,18,1
4056.34,30,44,14,0,4,11,3.95,1,1,1,6,0
774.28,237,9,18,0,2,5,2.55,1,1,1,19,0
1183.51,407,15,14,0,2,7,16.8,1,1,1,18,0
1148.93,158,78,4,0,2,3,61.07,1,1,1,16,0
300.17,239,226,4,0,3,4,24.36,1,0,1,15,0
1299.73,86,73,3,0,1,2,7.76,1,1,1,0,0
3762.46,207,3,15,2,3,4,4.27,1,0,1,17,1
505.61,209,9,2,0,4,6,18.94,1,1,1,17,0
5158.92,316,35,4,0,4,5,53.39,1,1,1,6,0
2944.74,353,79,12,0,2,3,46.46,1,1,1,13,0
867.63,238,10,10,0,2,2,2.44,1,1,1,6,0
1569.43,107,83,1,0,2,6,13.09,1,1,1,22,0
8940.28,104,48,6,0,3,5,28.05,1,0,1,15,1
3765.17,351,89,4,0,1,2,17.31,1,1,1,13,0
1823.99,49,48,5,0,3,6,21.66,1,1,1,12,0
1425.56,72,55,5,2,2,4,6.44,1,1,1,19,1
1952.0,117,17,11,0,2,6,24.02,1,1,1,12,0
1083.81,227,76,5,0,1,4,15.87,1,1,1,3,0
220.36,400,111,9,0,3,6,924.75,0,1,1,11,0
13935.26,419,123,11,0,2,3,402.68,1,1,1,21,0
2111.86,23,1,2,0,2,2,4.06,1,0,1,19,1
2692.29,203,58,17,0,1,2,5.86,1,1,1,11,0
1706.32,165,273,11,0,2,2,36.04,1,1,1,15,0
866.86,94,53,10,0,4,7,1007.18,1,1,1,8,1
1501.28,21,11,25,0,3,6,3.21,1,1,1,21,0
365.26,164,126,23,0,2,4,9.53,1,1,1,18,0
17625.23,71,18,8,0,3,3,15.85,1,0,1,19,1
526.1,221,2,13,0,5,6,12.52,1,1,1,21,1
644.22,174,33,17,2,2,3,7.92,1,0,1,16,1
1164.14,37,6,5,1,3,9,3.83,1,1,1,21,1
6555.61,146,7,14,0,2,7,8.67,0,1,1,6,0
1834.47,55,37,17,0,4,8,33.23,1,1,1,9,0
525.24,197,56,1,0,3,5,9.56,1,1,1,23,0
6338.13,252,141,6,0,3,4,5.41,1,1,1,8,0
3755.59,129,73,8,0,1,1,9.13,1,0,1,15,0
3097.76,340,110,7,0,6,8,14.49,1,0,1,7,0
3698.69,199,31,19,0,1,5,4.55,1,1,1,11,0
19818.32,171,23,9,0,2,8,46.03,1,0,1,14,0
16076.2,173,53,4,0,3,6,40.84,1,1,1,20,0
909.85,146,71,6,0,4,5,12.39,1,1,1,18,0
9171.76,143,50,7,0,2,3,8.05,1,1,1,16,0
2652.26,69,18,17,0,3,5,0.41,1,1,1,17,0
2978.26,385,27,1,0,1,1,16.64,1,1,1,11,0
332.86,145,35,6,0,1,4,426.33,0,1,1,20,0
1524.79,419,1,9,0,2,6,28.76,1,1,1,23,0
802.05,249,127,11,0,3,5,44.28,1,1,1,23,0
4138.38,154,42,5,0,2,4,41.22,1,1,1,15,0
5276.83,183,83,11,0,1,3,2.95,0,1,1,18,0
227.13,252,11,1,0,4,6,51.24,1,1,1,7,0
1768.64,297,48,7,0,2,4,0.84,1,1,1,10,0
5551.71,169,156,12,0,3,4,5.09,1,1,1,11,0
1500.15,281,14,19,0,4,8,17.04,1,0,1,12,0
3748.32,246,25,14,0,3,8,69.16,1,0,1,15,0
2568.73,253,29,3,0,2,6,32.52,1,1,1,9,0
2544.43,282,29,5,0,1,3,22.09,1,0,1,21,0
1378.41,114,55,15,0,2,7,603.51,1,1,1,10,0
535.62,360,30,6,0,2,5,52.57,1,1,1,8,0
589.03,211,67,11,0,8,10,66.76,1,1,1,22,0
3675.16,296,39,18,0,3,5,16.63,1,1,1,5,0
1843.57,169,10,16,0,3,3,0.06,1,1,1,17,0
1574.18,195,178,6,0,1,7,20.01,1,0,1,13,0
1183.36,113,16,6,0,3,7,18.75,1,0,0,9,1
1332.5,79,49,7,0,3,5,6.44,1,0,1,8,0
5150.82,150,3,22,0,1,2,3.75,1,1,1,21,0
1293.05,258,150,13,0,1,3,21.99,0,0,1,19,0
472.92,116,157,2,0,2,7,31.33,1,1,1,21,0
3803.4,50,27,6,0,1,5,14.79,1,0,1,11,0
1473.1,325,7,4,0,2,8,0.22,1,0,1,12,0
1865.71,72,88,19,0,4,9,0.01,1,1,1,18,0
9023.42,207,18,4,0,4,5,80.46,1,1,1,8,0
1771.25,449,72,1,0,2,4,24.77,1,1,1,11,0
2414.35,833,148,18,0,4,9,19.8,1,1,1,0,0
556.17,155,53,6,0,3,6,7.24,1,0,1,16,0
1451.47,328,118,18,0,3,6,12.65,1,1,1,10,0
3326.0,209,15,10,0,2,5,6.58,1,1,1,12,0
381.7,88,144,5,0,1,5,48.83,1,1,1,20,0
2210.22,147,15,20,0,2,5,49.64,0,1,1,18,0
1999.78,123,15,28,0,3,8,1.45,1,1,1,18,0
1884.25,320,127,31,0,1,4,63.46,1,1,1,8,0
5100.83,438,48,15,0,2,5,14.84,0,1,1,15,0
2526.12,133,96,2,0,4,8,16.36,1,0,1,10,0
7927.33,51,97,8,0,4,7,38.3,1,1,1,18,0
669.42,191,62,3,0,2,7,5.67,0,1,1,19,0
2071.29,92,12,5,0,2,6,29.96,1,0,1,8,1
1967.4,78,70,15,0,1,5,14.59,1,1,1,19,0
620.64,107,3,3,0,5,7,4.34,1,1,1,12,1
4704.6,102,13,4,0,3,4,3.85,1,1,1,22,0
18484.23,221,61,0,0,3,7,70.6,1,0,1,14,1
1777.55,253,143,11,0,4,5,0.21,1,0,1,6,0
2995.96,205,88,8,0,2,2,19.25,1,1,1,10,0
1967.5,92,24,4,0,2,3,8.77,1,0,1,17,0
885.73,94,104,4,0,1,3,36.89,1,0,1,14,0
292.73,164,203,5,0,1,6,6.74,1,1,1,22,0
892.68,137,24,14,0,3,5,2.81,1,0,1,8,0
449.46,174,12,7,0,2,5,70.81,1,1,1,19,0
9937.81,216,13,4,0,3,5,1.41,1,0,1,18,1
1611.45,162,30,8,0,4,6,13.91,1,1,1,14,0
1279.32,241,3,4,0,4,11,25.66,1,1,1,9,0
4399.09,195,40,8,0,6,8,49.49,1,0,1,9,1
588.9,248,79,10,0,4,7,8.58,1,1,1,14,0
839.78,74,45,2,0,2,4,35.76,1,1,1,20,0
1935.41,45,210,0,0,3,8,3.75,1,1,1,11,0
5058.22,90,37,13,0,3,6,69.5,0,1,1,13,0
2985.99,307,1,0,0,4,6,10.04,0,1,1,20,1
2317.69,196,38,10,0,4,5,13.12,1,1,1,19,0
1954.95,114,159,7,0,4,9,4.19,1,1,1,12,0
2697.92,103,6,11,0,1,4,51.63,1,1,1,1,0
2212.0,257,15,10,0,2,4,26.15,1,1,1,19,0
645.5,199,75,19,0,3,5,19.37,1,1,1,15,0
1893.3,66,20,5,0,1,2,37.16,1,1,1,9,0
617.89,65,86,2,0,2,6,2.37,1,1,1,19,0
1960.75,243,32,11,0,2,7,1349.59,1,0,1,5,1
1118.06,111,95,8,0,1,5,0.79,1,1,1,19,0
22911.21,53,48,2,0,4,6,86.03,1,1,1,19,1
1737.33,53,5,6,0,1,3,32.86,1,1,1,5,0
443.97,221,29,4,0,2,2,38.15,1,0,1,10,0
1581.01,115,24,21,0,2,9,2.67,1,1,1,19,0
3039.23,269,99,15,0,2,6,34.99,1,0,1,19,0
9636.99,178,58,4,0,6,8,912.55,0,1,1,13,1
1002.8,129,90,13,0,3,3,2.47,1,0,1,18,0
371.51,171,27,1,0,3,5,5.11,1,1,1,17,0
4092.2,474,70,7,0,1,4,73.25,1,1,1,12,0
454.59,86,4,19,0,4,9,45.99,1,1,1,10,0
1168.93,337,2,1,0,2,6,35.63,0,0,1,20,1
1397.42,244,20,9,0,4,9,3.89,1,0,1,12,0
1686.43,119,89,23,0,2,4,0.38,1,0,1,12,0
3601.71,244,45,34,0,2,3,645.26,1,1,1,18,0
912.66,191,31,12,0,2,3,1498.39,1,1,1,12,1
1375.08,160,136,5,0,1,4,2.93,1,0,1,10,0
1782.42,137,41,10,0,2,4,17.27,0,1,1,10,0
2099.8,297,57,13,0,4,11,25.75,0,1,1,15,0
1993.86,175,255,12,0,1,2,11.67,1,1,1,7,0
2796.17,90,44,4,0,2,4,8.37,1,0,1,9,0
4204.2,167,91,14,0,4,6,3.48,1,1,1,14,0
2677.49,55,32,6,0,1,4,15.81,1,1,1,22,0
2845.76,112,2,4,0,1,4,31.81,1,0,1,17,0
371.58,240,107,14,0,3,4,64.08,1,0,1,20,0
1901.18,82,173,11,0,3,5,42.13,1,0,1,17,0
2920.49,576,34,25,0,3,4,4.56,1,1,1,1,0
3747.86,29,42,5,0,2,4,39.34,1,1,1,20,0
904.74,135,33,5,0,1,4,66.67,1,0,1,18,0
935.39,254,346,8,0,3,6,28.63,0,1,1,15,0
1018.31,57,140,20,1,1,7,2.98,1,1,1,17,0
3091.51,257,2,28,0,1,5,4.01,0,1,1,21,0
5084.14,246,90,37,0,4,5,38.47,1,0,1,9,0
1202.96,141,55,3,0,4,7,38.12,1,0,1,8,0
4482.62,93,1,23,0,2,7,48.59,1,0,1,18,0
2045.67,173,35,40,0,2,4,31.3,1,1,1,10,0
1596.73,240,9,17,0,2,4,56.4,1,0,1,8,0
1463.54,98,123,1,0,4,6,7.09,1,0,1,21,0
3814.68,159,1,8,0,3,9,7.21,1,1,1,17,0
2503.83,59,123,10,0,2,4,41.36,0,1,1,14,0
17603.01,279,169,33,0,3,3,2.57,0,0,1,12,0
771.07,429,4,6,0,2,2,0.31,0,1,1,15,0
3035.41,125,76,6,0,2,5,2.89,1,1,1,9,0
1065.07,106,47,13,0,4,7,23.21,1,0,1,20,0
758.02,314,185,5,3,7,13,1.43,1,0,1,16,1
1788.5,311,96,36,3,4,10,10.6,1,1,1,4,1
2074.24,261,71,2,0,4,6,8.01,1,1,1,12,0
33462.26,72,155,18,0,3,6,21.12,1,1,1,21,0
1503.96,15,10,5,0,2,4,1123.31,1,0,1,15,1
583.95,155,28,9,0,6,10,51.48,1,1,1,8,1
2375.61,221,111,17,0,1,3,1.52,0,0,1,18,0
227.09,126,6,9,0,3,5,25.28,1,1,1,9,0
1649.2,307,164,5,0,2,7,9.7,1,0,1,14,0
1837.25,109,82,25,0,2,8,6.21,0,1,1,14,0
4002.2,46,34,1,0,2,6,24.75,1,1,1,7,0
4786.82,126,24,2,0,2,3,0.09,1,1,1,11,0
1092.73,210,9,1,0,1,3,7.61,1,0,1,13,0
1555.24,81,5,9,0,5,10,2.78,1,1,1,8,0
840.4,197,33,25,0,2,7,1.15,1,0,1,18,0
585.19,154,111,2,0,1,2,6.0,1,0,0,16,0
2464.87,424,45,20,3,3,4,7.46,1,0,1,16,1
505.94,285,35,5,0,6,13,2.23,1,1,1,13,0
1194.37,609,23,7,0,3,8,26.34,1,0,1,10,0
668.36,69,10,31,0,2,9,733.21,1,1,1,19,0
3132.8,345,276,3,0,1,5,54.92,1,0,1,16,0
10953.67,34,1,16,0,2,5,30.94,1,0,1,12,0
491.97,299,22,5,0,2,7,15.08,0,1,1,5,0
283.43,44,88,12,0,4,4,15.46,1,0,1,7,0
1595.77,255,44,19,0,2,7,27.82,1,0,1,17,0
1836.65,198,22,11,0,1,5,21.1,1,1,1,10,0
2249.94,212,295,20,0,2,2,13.51,1,1,1,14,0
1157.11,29,57,7,0,3,5,10.15,1,0,1,12,0
1479.35,244,20,16,0,1,1,9.08,1,1,1,15,0
2611.06,46,113,13,0,2,10,20.2,1,1,1,6,0
5117.55,425,9,8,0,4,6,17.55,0,0,1,19,0
255.94,105,37,23,0,3,5,11.08,1,1,1,16,0
1250.2,132,109,6,0,1,5,94.9,1,1,1,18,0
2239.05,342,246,9,0,2,3,12.66,1,0,1,8,0
722.0,177,28,2,0,2,6,20.67,1,1,1,14,0
10210.48,179,8,13,3,3,7,10.37,1,0,1,9,1
957.75,228,50,6,0,4,8,5.41,1,0,1,20,0
1734.9,85,172,5,0,2,6,34.93,1,1,1,13,0
3152.72,104,65,5,0,2,4,1241.1,0,0,1,14,1
1000.96,182,55,4,1,1,4,8.72,1,1,1,10,1
285.27,443,22,15,0,1,2,51.89,1,1,1,21,0
1177.73,268,55,10,0,1,5,22.72,1,1,1,18,0
5061.61,279,129,2,0,5,7,59.6,1,1,1,12,0
1290.91,361,28,13,0,2,4,25.21,0,1,1,10,0
775.54,308,16,1,0,3,6,317.41,0,1,1,20,0
4562.71,261,39,15,0,3,8,10.4,1,1,1,11,0
1298.84,153,28,7,0,1,2,14.5,0,1,1,10,0
1085.55,80,38,19,0,3,5,2.61,1,1,1,22,0
2099.5,89,6,5,0,2,5,3.54,0,0,1,21,0
3907.88,326,24,3,0,1,3,591.51,1,1,1,17,0
19569.23,240,105,9,0,1,4,4.35,1,1,1,14,0
4134.97,14,30,14,0,5,7,4.42,0,1,1,8,0
5766.61,174,206,0,0,3,5,523.0,1,0,1,12,0
1090.11,25,74,4,0,3,4,11.33,1,0,1,17,1
648.16,152,27,10,0,2,6,9.28,1,0,1,9,0
1924.33,313,17,2,0,5,10,18.44,1,0,1,15,1
2012.57,240,69,13,0,1,4,1.12,1,0,1,11,0
614.92,134,21,8,2,2,5,18.86,1,1,1,11,1
1517.33,191,156,10,0,3,9,15.07,1,1,1,13,0
2695.44,105,7,27,0,4,6,9.3,1,0,1,18,0
2592.54,64,1,11,0,2,6,1530.08,1,0,1,1,1
2993.77,100,14,4,0,3,4,7.73,0,0,1,19,0
2418.65,294,55,4,0,5,7,1.34,1,0,1,21,0
1088.97,350,108,6,0,3,4,0.66,1,0,1,4,0
1081.49,303,11,21,0,1,4,38.35,1,0,1,11,0
545.14,283,52,7,0,1,4,65.88,0,1,1,9,0
10772.75,75,9,7,2,4,9,16.95,1,0,1,19,1
1832.53,142,49,12,0,4,6,18.79,0,1,1,13,0
1443.96,152,1,27,0,5,8,15.03,1,1,1,9,0
714.23,121,48,22,0,2,6,38.75,0,1,1,19,0
34052.47,81,44,7,0,2,2,30.49,1,0,1,8,1
618.11,198,2,3,0,2,3,9.56,1,0,1,22,0
1177.5,193,70,8,0,3,7,42.02,0,1,1,20,0
2740.34,139,50,12,0,4,4,3.91,1,0,1,18,0
3295.17,399,58,16,0,1,7,50.51,0,1,1,15,0
4712.3,125,45,8,0,3,4,82.14,1,1,1,17,0
11021.56,159,76,28,0,5,7,36.82,0,0,1,10,0
2999.37,56,44,10,0,3,7,75.33,1,1,0,14,1
628.9,263,153,14,0,2,3,1.9,1,0,1,14,0
1398.36,342,172,15,0,2,4,7.13,1,1,1,15,0
2459.79,50,77,12,0,1,4,1221.41,1,1,1,6,0
14303.02,229,145,28,0,2,6,10.96,1,1,1,6,0
446.84,134,153,23,0,1,5,8.17,1,0,1,22,0
6018.4,272,18,6,0,3,5,4.13,1,1,1,22,0
2164.43,201,306,16,0,3,5,39.86,1,1,1,8,0
4179.01,201,18,12,0,3,8,21.04,1,0,1,20,1
1632.72,192,1,3,0,3,5,113.94,1,1,1,8,0
778.65,460,196,1,0,3,4,15.13,1,0,0,17,0
3830.97,64,15,2,0,3,5,5.29,1,1,1,17,0
3478.76,25,52,37,1,2,4,13.62,1,0,1,20,1
4779.34,265,211,4,0,3,9,7.15,0,1,1,16,0
1784.15,76,3,8,0,3,7,7.21,1,1,1,9,0
992.45,276,18,8,0,2,4,0.99,0,1,1,15,0
380.4,257,56,24,0,2,3,11.97,1,1,1,20,0
4102.59,98,86,11,0,3,6,13.65,0,1,1,18,0
2762.49,691,98,12,0,3,6,4.58,1,1,1,2,0
688.29,382,129,13,0,2,2,4.17,1,0,1,13,0
1055.14,163,11,9,0,1,2,6.34,1,0,1,11,0
1133.7,195,27,23,0,3,4,0.11,1,1,1,0,0
410.35,331,75,19,0,4,5,17.75,1,0,1,10,0
798.17,68,75,7,0,2,6,11.61,1,1,1,23,0
581.82,229,22,8,0,1,4,12.4,1,1,1,9,0
1196.94,160,21,10,0,2,5,101.73,1,1,1,18,0
863.77,390,23,2,0,3,4,20.72,1,1,1,11,0
355.31,40,133,16,0,1,5,55.59,0,1,1,8,0
13664.96,204,144,21,0,1,3,87.61,1,1,1,7,0
6326.74,68,1,4,0,3,6,28.96,1,1,1,17,0
829.63,232,23,31,2,1,4,22.85,1,1,1,11,1
2374.21,178,29,5,0,1,7,29.45,0,1,1,4,0
2744.8,191,242,3,0,3,10,1312.02,0,1,1,21,1
5949.64,286,173,12,0,4,9,16.76,0,0,1,13,0
797.43,246,59,23,0,2,8,52.58,1,1,1,10,0
5388.96,107,2,13,0,4,4,101.04,1,1,1,18,0
1045.34,30,12,7,0,2,8,12.46,1,1,1,17,0
475.39,44,34,15,0,1,3,25.06,1,1,1,15,0
3729.9,110,191,6,0,2,4,63.21,1,1,0,8,0
6573.22,193,5,19,0,2,7,9.99,0,1,1,12,0
24050.45,167,94,1,0,2,4,4.12,1,0,1,14,0
544.72,197,12,5,0,1,4,6.86,1,1,1,19,0
3637.02,338,42,2,0,5,6,1.29,1,1,1,21,0
1200.15,114,87,3,0,2,6,10.95,1,0,1,11,0
3957.46,275,70,11,0,3,7,27.25,1,0,1,11,0
415.51,188,89,5,0,2,4,39.23,1,1,1,19,0
511.44,359,100,21,0,1,4,5.32,1,1,1,10,0
832.24,202,21,8,0,3,10,13.23,1,1,1,9,0
1956.6,431,27,16,0,4,4,1287.55,1,1,1,11,1
952.34,260,101,3,0,3,4,459.57,1,1,1,18,0
3494.88,315,2,12,0,3,5,18.0,1,1,1,11,0
5048.74,111,43,16,0,1,3,29.99,1,1,1,7,0
3293.08,354,151,5,0,3,4,2.82,1,1,1,17,0
9125.13,436,129,8,0,4,7,29.27,1,1,1,7,0
2740.31,241,97,7,0,2,3,24.34,0,1,1,16,0
535.45,144,1,10,0,2,4,15.14,1,1,1,1,0
7068.31,321,131,5,0,2,3,5.53,1,1,1,22,0
987.17,273,145,8,0,4,7,1419.84,1,1,1,14,0
4493.64,513,65,8,0,2,4,2.17,1,1,1,20,0
8723.14,236,21,27,0,3,8,60.45,1,1,1,13,0
2854.6,162,40,9,0,2,5,37.33,1,1,1,13,0
404.98,187,86,16,0,1,6,3.98,1,0,1,8,0
721.83,96,100,13,0,1,5,59.69,1,0,1,13,0
6786.87,141,25,12,0,2,6,17.0,1,1,1,8,0
1526.72,37,23,5,0,1,3,0.38,1,1,1,14,0
1957.79,157,79,20,0,4,7,4.05,0,1,1,11,0
3861.55,326,69,6,0,2,6,48.8,1,1,1,7,0
3627.59,544,43,12,0,2,3,1.65,1,1,1,18,0
2389.41,135,32,5,0,3,5,26.4,1,0,1,7,0
1467.52,253,64,3,0,2,5,13.99,1,1,1,12,0
1322.57,162,1,17,0,3,6,16.96,1,1,1,9,0
4263.73,133,4,3,0,2,4,845.71,1,0,1,15,1
3145.0,79,51,4,0,4,7,689.3,1,1,1,8,1
1397.86,411,14,2,0,1,4,3.95,1,1,1,5,0
5335.36,50,89,12,0,4,8,0.28,1,0,0,19,1
1589.17,226,88,2,0,4,7,23.03,0,1,1,9,0
771.5,60,74,21,0,2,4,44.59,1,0,1,12,0
846.43,117,140,12,0,5,6,27.39,1,1,1,18,0
679.43,398,9,3,0,4,8,13.93,1,1,1,15,0
1376.9,76,18,11,0,1,5,9.93,1,1,1,6,0
6208.81,213,17,3,0,3,3,80.76,1,0,1,17,0
808.28,355,91,16,0,2,3,868.24,1,1,1,11,0
2183.04,222,44,9,0,1,4,4.99,0,0,1,7,0
937.59,228,17,1,0,4,5,25.04,0,0,1,16,1
1393.66,220,8,2,0,2,2,0.39,1,1,1,18,0
399.4,311,134,5,0,4,6,18.1,1,1,1,14,0
1450.21,349,70,17,0,3,5,788.02,1,0,1,11,0
1489.65,204,45,3,0,3,7,38.08,0,1,1,22,0
3103.51,183,201,6,0,5,8,2.4,0,1,1,17,0
2260.36,58,113,38,0,2,5,552.49,0,1,1,10,0
545.45,98,11,6,0,5,9,9.76,1,1,1,7,0
5346.5,217,42,2,0,3,7,14.28,0,0,1,8,0
2231.22,40,39,21,0,3,6,2.06,1,1,1,18,0
2204.8,91,111,2,0,2,6,19.98,1,1,1,16,0
1791.52,137,9,13,0,1,4,28.72,1,1,1,21,0
1077.33,70,36,5,0,3,6,4.65,0,1,1,7,1
2248.01,93,60,20,0,1,8,15.61,1,1,1,5,0
2909.07,228,174,6,0,3,7,66.11,1,0,1,9,0
315.17,160,137,7,0,2,3,9.1,1,1,1,17,0
1054.94,267,45,12,0,5,8,7.63,1,0,1,13,0
1401.16,132,55,5,0,5,9,38.66,0,1,1,19,1
2335.94,158,114,16,0,1,3,15.82,1,0,0,10,0
5962.89,201,81,6,3,1,6,16.03,1,1,1,12,1
835.69,97,126,21,0,3,8,17.8,1,0,1,10,0
1098.87,237,135,11,0,1,4,25.56,1,0,1,13,0
1082.97,79,107,31,0,3,7,17.64,1,1,1,17,0
811.17,105,1,5,0,1,6,25.7,1,1,1,11,0
1277.7,119,22,14,0,2,3,4.07,1,1,1,17,0
3908.08,110,31,6,0,3,4,250.8,0,1,1,14,0
630.28,179,67,13,0,1,2,80.82,1,0,1,15,0
2773.36,110,21,3,0,3,4,62.96,1,1,1,19,0
329.67,150,23,6,0,3,7,79.16,1,1,1,17,0
1031.39,335,30,15,1,2,7,7.79,1,0,1,12,1
1300.51,353,186,3,0,2,6,24.47,1,1,1,9,0
9651.41,5,34,14,3,3,7,3.09,1,1,1,13,1
1373.61,228,9,5,0,2,3,7.85,1,1,1,20,0
200.09,32,1,9,0,2,3,1.32,1,1,1,21,0
244.96,238,16,45,0,4,7,35.08,1,0,1,20,0
1870.63,303,167,8,0,2,4,41.78,1,1,1,19,0
3340.15,123,186,6,0,5,10,19.15,1,1,1,11,0
2631.89,359,45,5,0,3,4,13.35,1,1,1,22,0
2137.88,99,62,13,0,2,2,5.0,1,1,1,8,0
5780.58,325,95,6,0,3,12,5.17,1,1,1,18,0
1054.06,298,3,15,0,3,5,19.97,1,1,1,19,0
4424.49,55,28,8,0,1,3,64.19,1,1,1,21,0
353.54,131,61,13,0,1,4,24.95,1,1,1,12,0
731.47,47,137,7,0,2,6,1084.92,1,1,1,18,0
296.77,71,77,6,0,3,5,456.81,1,1,1,17,0
1373.55,366,25,5,0,3,4,24.64,1,1,1,9,0
1726.31,237,144,3,0,3,5,1.47,0,1,1,11,0
2026.57,109,65,7,0,4,9,22.47,1,1,1,19,0
1923.46,33,106,17,0,1,3,28.48,1,1,1,7,0
715.12,45,29,15,0,3,3,32.11,0,1,1,0,0
1494.82,152,1,7,0,2,6,12.89,1,1,1,21,0
404.46,378,10,4,0,5,6,11.68,1,1,1,11,0
7067.27,277,157,9,0,1,2,19.98,1,1,1,9,0
1334.58,156,2,17,0,3,5,27.03,1,1,1,18,0
1108.89,156,54,3,0,2,6,19.06,0,1,1,11,0
8856.8,203,31,10,0,2,4,0.65,1,0,1,20,0
522.04,338,33,2,0,2,4,701.5,1,1,1,7,0
586.64,83,30,13,0,1,8,9.16,0,1,1,9,0
604.12,201,4,15,0,3,4,45.96,0,0,1,8,0
1689.4,68,7,8,0,3,3,25.47,1,0,1,20,0
2783.97,191,3,7,0,4,5,20.92,0,0,1,20,1
3788.31,155,3,25,0,3,6,15.6,1,0,1,12,0
23670.75,48,5,5,0,3,5,26.87,1,1,1,8,0
190.67,203,71,11,0,5,8,20.61,1,1,1,20,0
3323.37,119,7,11,0,1,6,17.89,0,0,1,10,0
1035.74,130,18,1,3,1,6,31.59,1,1,1,23,1
1005.85,90,64,0,0,1,4,2.12,1,1,1,14,0
972.85,188,7,19,0,1,2,80.16,1,1,1,18,0
728.68,179,144,1,0,2,4,63.74,1,0,1,11,0
9745.15,268,38,8,0,2,3,416.27,1,0,1,19,0
4197.72,218,197,27,0,2,4,31.87,1,1,1,11,0
1850.47,91,12,39,0,5,8,69.25,1,1,1,9,0
6981.48,277,1,30,0,2,5,27.83,1,1,1,12,0
398.41,320,53,3,0,3,7,6.97,1,1,1,10,0
477.85,101,23,22,0,4,8,387.12,1,1,1,11,0
204.8,137,50,2,0,2,5,5.3,1,1,1,18,0
898.37,117,38,0,0,1,3,1.87,1,1,1,20,0
2125.36,174,36,1,0,1,4,39.41,1,1,1,7,0
2003.92,94,114,13,0,4,7,12.53,1,0,1,13,0
2099.26,265,12,20,0,1,4,7.18,1,0,1,16,0
440.96,79,41,11,0,1,1,30.49,1,1,1,12,0
4036.59,129,32,39,0,3,7,11.66,0,1,1,23,0
2297.62,213,67,14,0,2,6,49.82,1,1,1,19,0
3763.31,174,3,22,0,1,6,13.99,0,0,1,21,0
272.39,180,45,26,0,1,4,28.74,1,0,1,13,0
2468.81,73,39,14,0,2,7,40.13,1,1,0,20,0
551.28,156,218,6,0,1,6,0.15,1,0,1,19,0
1215.22,311,84,4,0,2,2,43.22,1,0,1,14,0
3085.18,257,10,4,0,4,6,1275.4,1,1,1,7,1
1980.48,139,42,14,0,1,3,7.15,1,0,1,7,0
771.6,172,91,5,0,2,8,14.0,1,1,1,18,0
1819.42,195,44,3,0,1,3,33.38,1,1,1,10,0
390.91,362,26,33,2,1,4,20.27,1,1,1,19,1
5711.67,123,28,3,0,2,3,6.01,1,1,1,6,0
1472.5,254,27,8,0,1,9,51.61,1,1,1,20,0
5533.36,174,1,23,0,4,8,6.6,1,1,1,6,0
1067.92,311,78,10,0,3,6,12.12,0,0,1,21,0
1071.08,330,56,16,0,1,5,18.26,1,0,1,20,0
842.03,181,18,4,0,1,9,4.82,1,1,1,21,0
4342.36,110,59,2,0,2,7,7.39,1,1,1,21,0
889.42,305,22,6,0,1,4,1213.38,1,1,1,19,1
3444.71,170,16,11,0,4,7,38.82,1,1,1,16,1
1233.42,62,81,24,0,1,2,5.24,1,0,1,10,0
250.64,49,99,3,1,4,5,52.16,1,0,1,11,1
1022.17,170,58,19,0,3,8,15.27,1,1,1,14,0
556.07,15,91,19,0,3,4,9.85,0,0,1,18,0
1870.39,119,27,6,0,1,3,4.26,1,1,1,13,0
549.82,318,4,8,0,1,3,23.61,1,1,1,17,0
4564.09,354,55,2,0,1,1,21.9,1,0,1,18,0
1650.65,318,17,12,0,1,2,5.52,0,1,1,1,0
1513.84,173,90,6,0,1,2,16.02,1,1,1,3,0
3483.85,91,26,10,0,2,5,10.12,1,0,1,12,0
4740.54,339,66,13,0,2,3,26.05,1,1,1,16,0
1772.07,190,48,5,0,1,1,1.66,0,0,1,11,0
836.14,60,102,5,0,1,4,1.61,1,0,1,21,0
306.75,179,107,10,0,1,7,15.02,1,1,1,9,0
910.46,307,4,3,0,2,6,20.63,1,0,1,12,0
975.34,28,20,15,0,4,5,32.81,1,0,1,20,0
2012.35,152,122,7,0,2,8,62.19,1,0,1,9,0
1280.3,380,31,19,0,1,3,14.64,1,1,1,19,0
3597.28,172,43,5,0,4,8,30.9,1,1,1,10,0
979.48,73,12,7,0,3,5,32.61,1,0,1,10,1
1707.8,286,48,0,0,2,9,9.25,1,0,0,8,0
5907.56,240,18,1,0,2,7,11.38,0,1,1,10,0
2544.85,190,106,16,0,1,6,10.55,1,1,1,10,0
1702.69,75,13,8,0,2,6,3.87,1,1,1,12,0
990.35,207,26,8,0,4,7,39.73,1,1,1,9,0
959.84,254,5,1,0,2,5,29.36,1,0,1,17,0
772.31,60,53,7,0,3,7,11.78,1,0,1,11,0
1052.57,202,170,17,0,3,7,17.29,1,0,1,19,0
3849.37,142,11,12,0,5,9,1323.3,1,1,1,9,1
1448.25,42,1,6,0,1,4,2.42,0,1,1,15,0
468.82,147,32,1,0,1,2,9.9,1,0,1,15,0
10595.34,126,82,10,0,2,3,26.59,1,1,1,14,0
2489.82,157,221,7,0,2,4,29.3,0,0,1,13,0
442.77,115,3,16,0,2,2,18.11,1,1,1,1,0
1162.29,49,92,20,0,2,4,17.21,1,0,1,11,0
2020.07,368,27,3,0,5,8,15.84,1,0,1,13,0
9942.68,648,10,13,0,1,2,1.9,1,0,1,9,0
596.98,129,12,3,0,2,7,22.53,1,1,1,17,0
4798.41,170,154,8,0,5,6,24.73,1,1,1,13,0
7328.21,639,99,8,0,5,8,35.89,1,1,1,12,0
964.25,74,22,15,0,2,3,1058.8,1,1,1,13,1
1369.89,110,168,5,0,3,5,574.36,1,1,1,9,0
641.42,223,6,10,0,1,5,1175.37,1,1,1,22,0
1475.19,196,23,8,0,2,6,3.81,1,1,1,18,0
1743.08,309,63,10,0,2,6,3.84,0,1,1,15,0
3496.96,244,447,13,0,2,3,3.19,0,1,1,19,0
5378.6,399,37,16,0,2,4,3.55,1,1,1,11,0
855.69,211,99,18,0,3,5,28.54,1,1,1,13,0
252.82,61,148,1,0,2,5,16.03,1,1,1,20,0
1770.04,130,1,19,0,2,5,9.06,1,1,1,5,0
2424.88,286,20,18,0,2,5,60.01,1,0,1,7,0
2320.22,25,6,9,0,2,7,101.93,1,1,1,7,0
1304.18,148,89,11,0,3,5,7.79,1,1,1,5,0
2048.27,204,50,7,0,2,5,27.94,1,1,1,20,0
8229.21,207,6,2,0,1,4,3.41,1,1,1,11,0
2648.46,102,32,3,0,1,6,33.46,1,0,1,10,0
1244.68,125,43,13,0,2,3,16.81,1,1,1,21,0
1096.42,192,71,7,0,3,4,7.52,0,1,1,14,0
1525.61,278,90,5,0,2,6,1.91,1,1,1,23,0
9290.43,63,5,10,0,3,5,881.65,1,1,1,20,1
1505.23,175,40,11,0,2,5,47.55,1,1,1,8,0
1772.61,350,10,4,0,4,7,867.58,1,1,1,9,0
1116.2,167,83,6,0,3,8,14.26,1,0,1,21,0
5426.14,228,64,28,0,1,6,1167.69,1,1,1,13,0
12833.8,394,77,7,0,7,9,6.88,1,1,1,22,0
2837.31,190,4,9,0,2,6,1212.41,1,1,1,9,1
1964.07,387,42,3,0,2,6,973.47,1,1,1,19,1
1875.79,131,110,21,0,4,8,43.35,1,1,1,6,0
166.62,326,74,3,0,4,6,38.35,1,1,1,10,0
3809.11,204,118,2,0,1,4,1.96,0,1,1,18,0
2067.65,207,13,20,1,2,3,6.45,1,1,1,23,1
2774.82,229,20,6,0,1,4,1.17,1,1,1,21,0
887.61,205,34,2,0,3,5,18.72,1,1,1,9,0
1230.95,210,44,25,0,3,6,0.75,1,1,1,12,0
1198.68,474,17,8,0,2,6,49.33,1,1,1,18,0
5022.2,235,28,2,0,3,6,35.92,1,1,1,9,0
1237.98,329,69,3,0,2,6,48.15,1,1,1,10,0
14510.97,100,62,3,0,2,7,100.31,1,0,1,21,1
2781.82,50,7,3,0,5,6,26.95,0,1,1,7,1
504.88,54,254,4,0,2,4,15.65,0,1,1,3,0
1589.94,68,49,39,0,3,5,54.3,1,1,1,17,0
942.3,392,39,30,0,2,5,6.92,1,1,1,17,0
201.47,52,205,16,0,2,3,16.99,1,0,0,21,0
8950.56,157,9,5,3,2,5,4.99,1,1,1,14,1
3652.41,547,47,2,0,4,7,17.38,1,1,1,1,0
3081.61,263,98,4,0,2,6,7.5,1,1,1,13,0
2133.25,118,30,23,1,3,9,19.67,1,1,1,15,1
453.95,95,79,6,0,2,4,6.09,1,1,1,7,0
1114.75,134,137,17,0,4,8,24.01,1,0,1,13,0
4195.55,211,18,10,0,1,4,21.87,1,0,1,11,0
631.93,139,16,17,0,1,8,7.39,1,0,1,5,0
143.77,263,26,12,0,1,6,3.64,1,1,1,14,0
1440.71,462,32,8,0,2,4,21.73,1,1,1,17,0
1569.08,106,7,16,0,1,3,6.49,1,1,1,14,0
2070.54,476,15,18,0,2,3,346.81,1,0,1,12,0
3746.28,194,123,2,0,2,3,11.09,1,1,1,13,0
3420.72,136,50,9,0,2,7,3.19,1,0,1,11,0
2342.02,94,18,14,0,3,5,12.3,1,1,1,16,0
5976.15,242,172,0,0,1,3,13.9,0,1,1,19,0
395.85,111,89,2,0,4,5,4.24,1,1,1,15,0
2994.65,257,27,11,0,1,4,64.32,1,1,1,7,0
3383.07,175,87,12,0,1,4,57.95,1,1,1,9,0
523.45,127,54,16,0,1,9,2.95,1,1,1,14,0
402.27,173,69,4,0,3,7,13.47,1,1,1,19,0
857.53,237,23,3,0,2,4,0.84,0,0,1,19,0
933.05,158,14,5,0,5,11,1.08,1,1,0,19,0
3840.74,111,17,19,0,2,5,8.3,1,0,1,7,0
977.95,100,5,10,0,3,7,12.52,1,1,1,18,0
767.89,273,38,7,0,1,6,23.8,1,0,1,6,0
980.8,74,31,12,0,3,4,3.52,0,1,1,11,0
5533.81,104,1,12,0,1,3,12.59,1,0,1,20,0
1831.78,50,116,39,0,4,5,13.88,1,1,1,19,0
1511.34,167,68,24,0,4,5,323.89,1,1,1,5,0
1619.7,84,35,7,0,3,4,12.41,1,0,1,11,0
6581.78,157,204,10,0,2,7,6.11,1,0,1,14,0
854.77,161,169,4,0,3,7,24.55,1,1,1,11,0
6737.93,168,5,7,0,2,4,73.06,0,1,1,8,0
2231.65,119,57,5,0,2,6,6.55,1,1,1,9,0
1540.07,272,101,5,0,1,6,133.71,1,0,1,19,0
22046.31,139,11,10,0,2,7,2.98,1,1,1,22,0
629.14,106,8,12,0,1,4,8.47,1,1,1,16,0
1269.42,54,18,10,0,2,3,2.93,1,0,1,19,0
527.19,300,19,19,0,5,8,6.87,1,1,1,11,0
4686.6,115,201,0,0,2,5,24.4,1,0,1,8,0
9790.71,259,90,17,0,1,1,55.22,0,0,1,17,0
9603.88,135,3,6,0,2,4,17.24,1,1,1,20,0
6148.41,491,92,5,0,2,6,1.88,1,0,1,5,0
1483.83,481,11,8,0,1,4,77.3,0,0,1,14,0
1254.83,211,26,9,0,2,3,32.86,1,1,1,14,0
339.96,213,23,18,0,5,10,0.06,0,0,1,17,1
13847.69,199,19,5,0,1,6,16.07,1,0,1,10,0
2889.9,138,22,19,0,6,8,10.81,1,0,1,11,1
1105.49,285,84,16,0,3,3,25.71,1,1,1,22,0
6823.02,169,18,4,0,6,7,2.7,1,1,1,11,1
683.51,76,96,6,0,3,8,7.36,1,1,0,8,0
2715.2,146,5,8,0,1,6,6.44,1,0,1,20,0
1521.38,78,54,10,0,4,6,6.71,1,1,1,4,0
3424.38,74,119,3,0,6,10,2.66,1,1,1,11,0
1696.68,99,4,8,0,2,4,5.9,1,1,1,18,0
423.72,442,60,11,0,1,4,2.16,0,1,1,11,0
1949.98,228,42,0,0,1,3,2.78,1,1,1,9,0
5160.89,147,24,19,0,3,4,0.51,1,0,1,17,0
1755.98,137,6,1,0,4,4,0.91,1,1,1,18,0
3924.97,182,67,14,0,1,3,17.31,0,1,1,9,0
635.54,116,22,3,0,3,3,150.17,1,1,1,9,0
1761.18,237,24,7,3,2,7,4.91,1,1,1,20,1
968.25,191,75,9,0,3,8,19.2,1,1,1,19,0
3816.09,221,174,18,0,1,3,20.35,1,1,1,3,0
1865.89,140,24,23,0,3,7,2.06,1,1,1,0,0
3604.99,552,82,3,0,6,7,1.17,1,1,1,16,0
5365.32,78,188,8,0,3,6,3.65,1,1,1,17,0
3610.56,239,6,5,0,3,6,0.63,1,0,1,13,0
2375.87,121,45,7,0,3,5,48.75,1,1,1,22,0
666.33,190,1,8,0,2,9,8.5,1,1,1,11,0
1803.01,206,104,14,0,2,6,1.06,1,0,1,21,0
1060.94,481,20,8,0,3,6,8.37,1,1,1,21,0
1281.69,209,24,13,0,3,3,0.74,1,0,1,13,0
1243.23,144,69,2,0,4,8,14.78,1,1,1,16,0
678.63,8,93,18,2,4,9,3.77,1,1,1,18,1
255.36,112,30,9,0,1,3,5.74,1,0,1,15,0
926.91,638,65,5,0,4,6,2.69,1,1,1,0,0
2193.78,253,187,7,0,3,6,47.39,1,1,0,17,0
469.57,278,130,2,0,4,5,19.65,1,1,1,17,0
1836.62,37,72,8,0,1,3,9.69,1,0,1,15,0
12091.63,117,171,17,0,2,3,23.26,0,0,1,14,0
5029.4,239,125,32,0,2,2,15.62,0,1,1,20,0
9353.83,57,78,8,0,1,3,7.42,1,1,1,12,0
2673.46,185,149,9,0,2,4,1.64,1,1,1,17,0
5811.01,378,102,9,0,3,7,45.87,1,1,1,20,0
876.59,89,41,14,0,2,4,1426.44,1,1,1,10,1
949.24,104,41,3,0,2,5,8.4,1,1,1,23,0
116.85,329,1,2,0,1,2,6.07,1,0,1,12,0
5920.32,118,1,20,0,2,4,28.59,1,1,1,13,0
8436.51,97,82,15,0,2,3,6.46,1,1,1,15,0
1039.84,406,48,6,0,2,5,9.61,1,1,1,21,0
1402.55,169,85,16,0,2,4,6.77,1,1,1,10,0
850.77,88,179,7,0,2,5,25.57,1,1,1,4,0
2650.9,342,36,7,0,1,4,7.19,0,0,1,21,0
5568.79,77,5,7,0,1,3,30.96,1,1,1,10,0
316.47,178,59,4,0,3,4,47.87,1,1,1,11,0
2722.86,201,6,14,0,2,7,2.83,1,1,1,17,0
1371.04,112,58,7,0,1,4,33.15,0,0,1,0,0
2025.14,269,45,5,0,3,6,12.87,1,1,1,14,0
2861.19,95,74,14,0,1,7,14.23,1,1,1,20,0
1497.87,281,25,14,0,2,3,1.93,1,1,1,20,0
1630.13,155,9,16,0,1,5,14.26,1,1,1,18,0
1459.9,84,16,22,0,2,3,1.42,1,0,1,11,0
4771.02,180,69,12,0,2,3,30.96,1,0,1,12,0
2748.36,216,39,4,0,2,7,5.84,0,0,1,21,0
2254.27,37,46,15,0,3,6,4.71,1,0,1,13,0
507.27,381,23,9,0,2,6,4.47,1,0,1,14,0
1238.21,164,108,0,0,3,6,5.14,1,0,1,4,0
4441.15,129,450,49,0,3,6,72.92,1,0,1,10,0
1877.5,206,22,9,0,2,4,26.87,0,0,1,14,0
3496.55,176,76,3,0,2,4,44.18,0,1,1,7,0
10577.79,123,11,16,0,3,5,14.3,1,1,1,15,0
5108.22,210,81,6,0,2,4,19.41,1,1,1,16,0
1984.57,281,33,9,0,3,4,12.71,1,0,1,19,0
1084.65,136,55,13,0,3,5,7.82,1,1,1,9,0
140.67,19,16,9,0,3,6,2.15,1,1,1,10,0
1527.85,258,114,0,0,2,6,1.46,1,1,1,10,0
1305.04,162,11,11,0,2,4,5.92,1,1,1,17,0
2671.42,85,158,16,0,3,5,410.79,1,0,1,16,0
1550.13,220,3,3,0,3,7,33.81,1,1,1,7,0
1312.4,85,20,9,0,3,6,9.66,1,1,1,15,1
305.09,253,49,14,0,3,5,0.33,1,0,1,21,0
706.29,75,117,23,0,3,7,1185.5,1,1,1,18,0
2912.16,118,51,11,0,2,6,14.12,1,0,1,20,0
10055.83,45,14,12,0,4,7,97.06,1,1,1,12,0
1640.04,115,117,10,0,3,6,10.06,1,1,1,8,0
2509.43,130,54,8,0,2,3,41.18,1,1,1,21,0
4686.67,163,15,5,2,2,4,1.48,0,0,1,0,1
803.6,139,49,3,0,4,7,0.0,1,1,1,15,0
2609.24,77,67,5,0,2,5,1.48,1,0,1,12,0
862.22,159,68,10,0,3,7,12.44,1,1,1,6,0
4293.36,117,77,11,0,4,9,37.97,1,0,1,16,0
2103.59,184,135,19,0,1,5,47.19,1,1,1,10,0
2436.83,94,104,23,0,1,3,1212.08,1,1,1,6,0
826.67,111,56,6,0,4,4,25.83,1,0,1,21,1
3666.65,210,1,9,0,3,5,4.73,1,0,1,16,0
14540.79,143,83,11,0,2,2,21.51,1,1,1,7,0
659.9,52,221,4,0,3,3,27.85,1,1,1,9,0
1287.22,396,21,19,0,3,4,8.85,1,0,1,3,0
2279.26,267,56,10,0,3,7,6.12,1,1,1,7,0
3969.54,261,87,9,0,5,5,6.13,1,1,1,17,0
1033.24,45,61,11,0,5,8,2.42,1,0,1,10,0
106.37,30,153,12,0,1,7,12.27,1,0,1,14,0
7038.78,300,38,3,0,2,3,32.78,0,1,1,17,0
3868.05,77,45,4,0,2,5,1.48,1,1,1,20,0
316.41,187,2,4,1,1,4,3.59,1,1,1,12,1
984.79,114,138,7,0,5,7,39.6,1,0,1,20,0
8674.84,33,18,14,0,2,3,11.47,1,0,1,12,1
7690.93,100,230,13,0,4,6,63.68,1,1,1,7,0
4622.26,208,13,8,0,1,9,31.64,1,1,1,15,0
1516.09,149,17,10,0,2,6,25.06,1,1,1,21,0
1964.49,443,39,10,0,1,5,0.23,1,1,1,9,0
1586.16,248,64,6,0,3,5,25.85,1,1,1,12,0
5587.23,218,34,9,0,1,5,2.09,1,1,1,12,0
753.07,186,26,1,0,2,5,13.93,1,1,1,20,0
807.71,85,46,1,0,6,7,22.66,1,0,1,14,1
4965.53,86,190,28,0,5,8,19.13,1,0,1,12,0
1729.59,166,196,20,0,6,13,44.32,1,1,1,22,0
7175.78,101,23,26,0,1,2,42.14,1,1,1,12,0
923.79,398,68,14,0,3,8,2.92,1,0,1,12,0
1711.66,246,76,11,0,4,7,15.51,1,0,0,8,0
718.8,322,63,14,0,1,3,50.38,0,1,1,8,0
1821.4,19,7,8,0,4,6,7.86,1,1,1,16,0
412.18,215,46,1,0,3,5,22.86,0,1,1,19,0
1110.28,51,86,5,0,3,5,65.16,1,1,1,10,0
429.98,357,13,32,0,1,5,20.03,0,1,1,12,0
3618.89,236,25,6,0,2,3,5.33,1,0,1,14,0
3701.86,256,13,12,0,3,6,18.56,1,0,1,13,0
320.45,264,130,4,0,4,7,0.01,1,1,1,22,0
6862.9,110,117,6,0,1,3,6.0,1,0,1,12,0
21969.6,472,11,7,0,2,5,68.74,1,1,1,19,0
1893.17,244,85,8,0,4,8,7.85,1,1,1,10,0
952.31,189,27,9,0,1,4,15.21,1,0,1,19,0
30464.9,119,69,10,0,1,7,38.94,1,0,1,17,0
483.49,155,40,7,0,2,4,23.71,1,1,1,5,0
1844.76,347,38,6,0,2,5,16.95,1,1,1,23,0
2163.8,137,127,11,0,4,5,11.37,0,1,0,14,0
6940.63,107,60,13,0,5,6,22.19,1,1,1,16,0
2590.84,227,16,26,0,3,3,28.35,1,0,1,9,0
1098.13,164,7,0,0,3,5,14.25,1,0,1,20,0
698.42,109,162,3,0,3,5,11.64,1,0,1,8,0
1284.57,307,9,25,0,3,5,14.15,1,1,1,10,0
660.55,80,79,7,0,2,6,9.49,1,1,1,5,0
1896.61,140,41,8,0,1,6,9.16,1,1,1,18,0
1028.45,90,9,4,0,4,6,874.95,1,1,1,12,1
405.84,466,89,4,0,4,9,1.03,1,1,1,16,0
6343.25,241,140,1,0,2,4,31.51,1,1,1,18,0
1099.19,206,7,11,0,1,4,10.4,1,1,1,21,0
508.7,93,4,15,0,2,3,10.1,0,1,1,10,0
1528.04,466,113,15,0,3,4,48.86,1,1,1,9,0
1935.99,54,41,7,0,2,11,66.33,0,1,1,17,0
315.3,138,67,9,0,1,5,12.16,1,1,1,13,0
2519.08,152,34,15,0,3,6,39.44,1,0,1,13,0
634.5,55,31,16,0,1,2,12.98,1,1,1,14,0
10006.89,176,21,13,0,1,5,35.51,1,1,1,13,0
3053.25,104,49,13,0,1,4,10.24,0,1,1,9,0
1212.09,380,10,29,0,2,6,5.05,1,1,1,14,0
858.2,65,75,5,0,3,7,37.34,1,1,0,8,0
1627.88,256,47,3,0,3,3,8.25,1,1,1,17,0
3336.88,179,112,15,0,2,4,58.46,1,0,1,21,0
1762.53,296,152,11,0,2,5,4.16,1,1,1,20,0
1455.12,148,138,9,0,1,7,16.08,1,1,1,6,0
1916.72,87,55,16,0,3,6,4.33,1,1,1,6,0
988.45,416,23,18,0,2,6,7.1,1,1,1,9,0
1282.79,412,26,17,0,3,5,6.09,1,0,1,21,0
224.57,260,63,3,0,3,7,5.53,1,1,1,20,0
4787.32,231,74,10,0,2,3,93.63,1,0,1,12,0
2437.67,202,10,13,0,7,12,2.07,0,1,1,20,1
834.26,239,371,8,0,3,7,73.91,0,1,1,8,0
12073.1,581,6,25,0,3,4,1.92,1,1,1,5,0
1972.42,64,56,5,0,4,6,47.03,1,1,1,2,1
641.53,167,45,20,0,2,5,52.7,1,0,1,3,0
4258.78,116,53,13,0,3,4,2.0,1,1,1,19,0
2692.02,176,45,7,0,1,1,11.66,1,1,1,16,0
2682.7,61,3,5,0,2,3,4.08,0,1,1,11,0
1181.15,82,330,24,0,4,10,25.37,1,1,1,12,0
2836.98,77,238,1,0,3,8,7.11,1,1,1,10,0
1391.64,237,44,8,0,1,5,0.04,1,1,1,16,0
3152.47,163,14,5,0,2,7,27.61,1,0,1,18,1
269.09,46,12,7,0,1,6,8.33,1,1,1,19,0
1171.6,45,3,8,0,2,5,14.09,1,1,1,20,1
10118.85,33,56,2,0,2,4,715.08,1,1,1,11,1
839.61,143,39,4,0,3,5,0.61,1,1,1,7,0
988.47,152,32,11,0,1,2,37.16,1,0,1,14,0
1155.21,158,44,8,0,2,8,0.79,1,0,1,6,0
536.57,98,123,7,0,1,1,10.66,1,1,1,18,0
198.68,129,4,4,0,2,2,45.19,1,1,1,10,0
1435.71,146,47,5,0,2,6,25.08,1,1,1,9,0
2071.15,164,72,4,0,5,8,44.49,1,1,1,17,0
1715.56,201,211,16,0,2,5,23.48,1,1,1,14,0
1564.19,311,80,6,0,3,4,50.26,1,1,1,8,0
1887.56,91,47,2,0,4,10,16.06,1,1,1,15,0
5028.32,265,87,16,0,4,8,941.21,1,1,1,8,0
1494.51,105,349,9,0,2,3,10.6,0,1,1,11,0
1018.33,236,131,6,0,1,2,9.65,1,1,1,7,0
1364.95,170,5,7,0,1,5,36.61,0,1,1,9,0
3227.12,578,51,31,0,3,8,8.11,1,1,0,2,0
7420.69,198,92,14,0,2,4,71.95,1,1,1,0,0
964.74,277,66,23,0,2,3,3.72,1,1,0,23,0
1996.07,13,32,3,0,2,5,7.38,1,0,1,14,0
2536.04,291,23,9,0,3,8,4.31,1,1,0,12,0
670.1,95,59,9,0,1,2,3.86,1,0,1,15,0
1845.34,154,31,0,0,2,4,2.09,1,1,1,19,0
417.52,127,29,6,0,3,5,63.9,1,0,1,8,0
308.26,70,108,1,0,3,4,13.95,1,1,1,19,0
2609.06,431,22,6,0,5,8,14.03,1,0,1,19,0
1231.67,327,62,14,0,3,8,31.12,1,1,1,11,0
2213.39,82,124,25,0,4,6,5.16,1,0,1,14,0
1775.98,77,58,4,0,2,4,17.17,0,1,1,21,0
681.03,231,40,26,0,1,2,6.25,1,0,1,16,0
1728.04,287,2,12,0,2,4,15.1,1,1,1,17,0
526.84,165,68,17,0,1,2,11.33,1,1,1,12,0
7266.08,99,360,7,0,3,4,10.95,1,1,1,18,0
465.93,145,99,2,0,3,4,1.18,1,1,1,19,0
1486.55,39,60,6,0,1,1,40.95,1,1,1,14,0
637.61,52,37,11,0,3,7,18.44,1,0,1,9,0
3198.45,303,15,28,0,2,5,19.9,1,1,1,5,0
1297.99,112,70,24,0,2,3,54.88,1,0,1,4,0
1076.35,155,11,33,0,2,3,32.65,1,1,1,19,0
4243.75,198,130,26,0,4,6,81.64,1,1,1,14,0
1862.04,154,26,11,0,3,10,4.71,1,1,1,16,0
3030.99,203,30,10,0,5,10,15.05,1,1,1,1,0
677.68,296,14,5,0,2,10,11.08,1,1,1,1,0
443.72,95,39,4,0,3,9,1.5,1,1,1,14,0
2012.65,307,68,21,0,5,7,25.08,1,1,1,11,0
1314.42,197,21,29,0,5,6,25.49,0,1,1,18,0
3382.72,239,72,4,0,3,7,3.57,1,1,1,18,0
1669.19,294,58,3,0,1,3,23.35,1,1,1,12,0
2219.58,180,27,9,0,2,4,1.0,1,0,1,8,0
356.6,663,22,2,0,2,4,19.29,1,1,1,19,0
11949.41,68,118,11,0,2,4,436.87,1,1,1,16,0
1534.19,298,1,7,0,3,10,13.13,0,0,1,8,0
3632.18,108,75,16,0,4,11,6.6,1,1,1,11,0
783.61,206,32,16,0,4,8,9.26,1,0,1,16,0
2460.23,152,75,5,0,2,2,33.84,0,1,1,5,0
491.35,146,42,15,0,2,4,79.86,1,1,1,6,0
2841.44,137,5,13,0,4,7,8.51,1,0,1,20,1
1266.52,237,241,7,0,2,9,6.52,1,1,1,14,0
1861.6,82,5,6,0,3,7,25.27,1,1,1,22,0
3633.58,104,10,20,0,3,6,75.21,1,1,1,8,0
527.14,76,32,6,0,2,4,1479.27,1,1,1,9,1
911.88,412,173,4,0,3,5,24.38,1,1,1,18,0
2856.42,276,20,9,0,2,5,10.87,1,0,1,15,0
14738.55,108,50,19,0,1,1,28.22,1,1,1,12,0
1574.85,228,44,41,0,3,6,16.93,1,0,1,15,0
3265.4,78,24,2,0,3,4,3.05,1,1,1,20,0
1624.62,172,71,27,0,4,10,552.83,1,0,1,6,0
12610.0,139,41,12,0,3,3,48.91,1,1,1,18,0
315.06,137,51,3,0,1,5,13.36,1,1,1,16,0
1987.48,122,14,8,0,2,5,17.57,1,0,1,23,0
355.83,648,156,7,0,4,8,47.76,1,1,1,20,0
147.44,257,7,4,0,2,2,1.73,1,1,1,17,0
2434.42,533,70,35,0,3,7,7.91,0,1,1,5,0
2078.7,118,130,7,0,3,7,35.46,1,0,1,17,0
1359.9,80,5,2,0,3,3,6.85,1,1,1,18,0
1625.88,198,1,18,0,2,5,10.4,1,0,1,17,0
40066.64,171,24,7,0,2,3,11.16,1,0,1,5,1
1396.64,257,93,6,0,2,4,7.52,1,1,1,22,0
3011.29,306,75,8,0,3,6,40.72,1,1,1,7,0
944.48,35,103,13,0,3,7,18.14,1,1,1,9,0
2428.99,552,30,9,0,1,6,1.52,0,1,1,18,0
1424.77,203,304,9,0,7,13,21.63,1,0,1,5,0
1199.29,246,27,22,0,2,6,1374.78,1,0,1,12,1
11146.7,416,98,19,0,1,1,33.16,1,1,1,23,0
5867.51,94,25,2,0,2,5,20.96,1,1,1,19,0
2072.99,157,14,17,0,2,2,41.85,1,1,1,18,0
180.51,73,24,11,0,1,7,49.68,1,1,1,20,0
1260.16,83,12,1,0,3,6,46.66,1,1,1,13,1
26984.76,307,8,1,0,3,4,5.38,1,1,1,7,1
1435.6,389,27,2,0,1,6,26.91,0,1,1,15,0
5449.16,50,9,17,0,2,5,7.45,0,1,1,8,0
7646.03,212,41,5,0,1,4,2.72,1,0,1,20,0
2250.63,338,2,1,0,1,3,35.24,0,1,1,7,0
779.13,296,33,3,0,1,5,8.55,1,0,1,17,0
158.33,185,190,20,0,5,6,9.38,1,0,1,12,0
3583.74,211,26,13,0,6,11,2.39,1,0,1,11,1
800.51,215,8,0,0,4,11,0.46,1,1,1,11,0
2156.3,204,21,13,0,3,5,393.64,1,1,1,8,0
518.11,233,94,4,0,2,6,467.38,1,1,1,20,0
1386.81,147,22,3,0,3,6,41.06,1,1,0,18,1
1870.05,523,29,6,0,1,4,29.82,1,1,1,13,0
2365.14,93,93,1,0,2,5,2.43,0,0,1,9,0
592.99,351,18,3,0,2,4,47.28,1,0,1,16,0
5984.4,104,39,0,0,5,6,17.59,1,1,1,20,0
995.36,241,3,39,0,1,2,12.33,1,1,1,13,0
338.84,106,11,7,0,2,6,0.63,1,0,1,8,0
1621.29,232,14,23,0,3,4,1160.98,0,0,1,14,1
1871.28,165,37,15,0,3,3,12.24,1,1,1,10,0
2123.01,264,103,16,0,2,5,14.08,1,1,1,14,0
7059.52,98,26,4,0,1,3,14.75,0,1,1,16,0
1427.32,97,28,3,0,2,5,12.13,0,1,1,8,0
1604.2,388,21,5,0,4,7,1430.17,1,0,1,5,1
599.93,456,23,4,0,1,3,17.35,1,1,1,20,0
4107.43,152,31,22,0,2,5,698.39,1,0,1,11,0
2173.97,220,137,12,0,2,7,2.99,1,0,1,14,0
1187.94,47,1,1,0,2,4,12.16,0,1,1,13,1
269.17,179,58,9,0,5,6,78.57,0,1,1,14,1
7664.94,127,131,8,0,1,5,24.75,1,0,1,12,0
529.7,505,32,8,0,2,7,13.49,1,1,1,9,0
1000.97,123,63,30,0,1,4,8.52,0,0,1,5,0
2587.23,510,52,11,0,2,6,27.65,1,0,1,14,0
546.45,119,24,5,0,5,6,1.45,1,1,1,0,1
406.06,250,8,11,0,2,2,16.75,1,1,1,9,0
216.17,458,14,4,0,3,10,11.53,1,1,1,9,0
3718.21,156,3,26,0,2,7,1.99,1,0,1,3,0
1048.18,442,86,1,0,2,6,18.11,1,1,1,18,0
33768.04,294,45,9,0,3,6,4.1,1,1,1,12,0
668.91,178,92,7,0,2,2,30.76,1,1,1,16,0
719.49,228,20,9,0,1,1,64.33,1,1,1,15,0
1027.22,389,97,28,0,2,4,34.57,1,1,1,15,0
2305.69,220,22,5,0,5,7,7.1,0,1,1,18,0
1129.8,62,7,6,0,4,6,20.94,1,1,1,14,0
3335.35,295,45,3,0,3,6,35.87,1,1,1,21,0
679.54,302,174,18,0,3,6,5.14,1,1,1,7,0
454.14,215,32,3,0,3,6,5.21,0,0,1,20,0
299.4,121,43,5,0,2,3,18.18,1,1,1,14,0
195.67,284,36,17,0,2,4,1.17,1,0,1,14,0
1077.0,73,36,11,0,3,7,41.32,1,0,1,14,0
1338.12,226,14,15,0,1,6,15.09,1,1,1,7,0
961.57,219,32,5,0,2,10,2.8,0,1,1,11,0
6269.21,182,41,11,0,4,6,1471.72,0,1,1,14,1
6173.56,346,81,3,0,2,7,40.83,1,1,1,23,0
1293.62,135,9,7,0,2,5,22.24,0,1,1,13,0
300.69,90,50,1,0,1,5,2.09,1,1,1,17,0
1025.87,101,65,31,0,1,3,0.61,1,1,1,15,0
992.45,353,28,11,0,3,6,30.17,1,0,1,13,0
937.17,255,47,4,0,1,5,3.51,1,1,1,16,0
899.9,242,74,11,0,1,3,1459.08,1,0,1,8,0
940.62,228,37,15,0,1,5,14.16,0,0,1,12,0
1228.39,157,24,18,0,2,3,0.61,0,0,1,9,0
957.63,84,104,4,0,2,4,1.93,1,1,1,19,0
2226.8,88,269,12,0,2,3,26.78,0,1,1,10,0
2592.48,232,14,11,0,3,8,1348.85,1,0,1,6,1
727.31,132,132,27,0,4,8,37.56,1,1,0,15,0
6445.03,106,47,5,0,2,5,12.51,1,1,1,7,0
678.54,160,35,3,0,1,3,35.17,0,0,1,21,0
358.6,366,134,3,0,3,7,21.95,1,1,1,11,0
2645.93,191,144,12,0,3,5,1280.94,1,0,1,14,0
798.39,496,19,7,0,3,7,38.62,1,1,1,16,0
2493.12,243,26,23,0,3,7,32.28,1,1,1,15,0
163.42,894,114,7,0,2,3,36.56,1,1,1,23,0
7276.87,215,40,16,0,2,7,28.16,1,1,1,17,0
3541.46,202,20,3,0,3,5,39.23,1,0,1,19,0
403.24,193,196,11,0,4,6,10.04,1,1,1,21,0
412.08,129,14,26,0,1,4,21.31,1,0,1,7,0
9626.41,152,56,16,0,4,8,49.47,1,1,1,13,0
864.91,554,33,4,0,2,5,10.98,1,1,1,8,0
785.1,133,36,3,0,1,6,0.49,1,1,1,12,0
187.53,194,6,11,0,3,5,3.89,1,1,1,23,0
1273.11,194,17,11,0,3,5,25.09,1,1,1,19,0
1439.83,142,10,14,0,3,6,14.83,1,1,1,11,0
3697.8,139,83,15,0,1,4,11.96,1,1,1,18,0
446.27,166,71,2,0,2,5,1.22,1,1,1,8,0
395.33,295,94,1,0,3,4,12.46,0,1,1,11,0
2838.31,402,72,11,0,3,8,433.1,1,0,1,16,0
4947.96,70,8,9,0,4,6,340.55,1,1,1,17,1
375.72,493,230,1,0,3,5,23.64,1,0,1,15,0
5332.17,270,12,5,0,3,4,66.57,1,1,1,16,0
1877.21,278,25,0,0,2,6,20.77,1,1,1,17,0
5387.33,111,73,26,0,3,9,1142.05,0,0,1,15,1
1685.44,675,9,9,0,3,7,10.53,1,1,1,10,0
145.14,102,11,23,0,2,5,26.05,1,0,1,17,0
1553.14,203,125,2,0,2,6,2.15,1,0,0,18,0
5219.43,222,24,5,0,5,11,6.73,1,1,1,23,0
739.71,474,65,15,0,1,2,1.33,1,1,1,2,0
1226.64,107,117,15,0,3,5,20.03,1,0,1,11,0
1516.05,210,217,2,0,3,5,24.7,1,1,1,16,0
99.53,52,14,16,0,2,3,4.06,1,1,1,7,0
9617.58,185,7,15,0,3,9,1.28,1,0,1,6,0
734.08,234,80,1,0,6,7,49.2,1,1,1,20,0
2998.1,125,12,5,0,2,4,3.49,1,1,1,13,0
1657.89,61,52,9,0,1,3,35.43,1,0,1,19,0
6358.95,501,45,10,0,2,7,9.69,1,0,1,18,0
2713.67,83,49,10,0,2,7,15.46,1,1,1,7,0
1429.49,90,62,16,0,3,6,11.89,0,1,1,10,0
739.88,111,114,5,0,2,8,42.93,1,1,1,7,0
4015.23,379,19,11,0,3,5,12.05,1,1,1,8,0
277.7,169,48,10,0,4,8,10.66,1,1,1,12,0
3449.18,52,24,0,0,2,4,23.19,1,1,1,13,0
602.42,112,23,4,0,3,4,0.36,1,0,1,18,1
6325.12,377,1,17,0,3,11,12.88,0,1,1,11,1
2124.52,65,54,2,0,3,9,11.45,1,0,1,18,0
3443.09,82,215,10,0,4,9,1058.1,1,1,1,0,0
1962.53,87,85,1,0,5,10,0.21,1,1,1,7,0
313.44,174,16,21,0,1,5,3.7,1,0,1,18,0
764.54,196,75,6,0,3,7,47.69,1,1,1,10,0
3541.8,156,21,6,0,1,4,2.32,1,0,1,18,0
2135.93,168,84,5,0,2,4,36.15,1,1,1,21,0
5889.87,76,115,1,0,3,4,1464.3,0,0,1,19,1
2706.13,154,24,7,0,2,6,1.73,1,1,1,7,0
687.66,152,1,21,0,3,5,6.31,1,1,1,19,0
815.61,87,21,4,0,1,3,3.78,1,0,1,13,0
2004.03,406,13,3,0,1,2,4.23,1,1,1,19,0
178.74,359,57,30,0,4,10,15.03,1,1,1,11,0
9637.74,68,20,1,0,6,8,21.86,1,0,1,14,1
2812.27,242,2,8,0,2,7,3.45,1,0,1,19,0
6167.41,229,45,12,0,2,4,6.73,1,0,1,9,0
372.19,208,124,3,0,2,5,17.1,1,1,1,20,0
6276.48,153,36,6,0,1,6,3.07,1,0,1,19,0
16839.77,207,28,16,0,1,3,6.04,1,0,1,18,0
482.57,158,11,7,0,4,10,23.11,1,0,1,19,1
3910.43,110,29,12,0,3,6,41.83,1,0,1,11,0
1810.05,239,24,4,0,6,10,41.3,1,1,1,19,1
385.9,35,316,14,0,1,4,0.18,1,1,1,13,0
2959.82,283,1,7,0,2,4,12.09,1,1,1,16,0
4161.38,179,16,16,0,2,5,38.22,1,1,1,20,0
991.16,133,4,20,0,4,9,5.59,1,1,1,10,0
5801.76,278,116,7,0,1,3,36.71,1,1,1,11,0
341.46,209,32,7,0,7,11,10.35,0,1,1,15,1
405.55,408,95,18,0,2,10,466.74,1,1,1,14,0
2072.68,335,70,13,0,4,4,7.32,1,0,1,10,0
1854.53,89,157,12,0,2,6,17.49,1,0,1,10,0
883.09,126,1,1,0,3,5,1.31,1,1,1,9,0
4062.66,113,13,3,0,3,4,7.54,1,1,1,15,0
3074.49,113,72,2,0,3,6,44.39,1,1,1,0,0
4264.75,454,52,13,0,1,4,0.57,1,1,1,13,0
1598.57,66,71,1,0,2,4,18.37,1,1,1,8,0
3302.98,344,51,2,0,2,4,639.6,1,1,1,9,0
1157.88,461,52,15,0,2,4,28.84,1,1,1,13,0
14098.43,306,161,16,0,1,3,4.11,1,1,1,20,0
802.28,253,152,4,3,5,6,15.11,1,1,1,21,1
14843.2,64,2,23,0,2,5,50.59,1,0,1,7,0
1872.23,55,32,0,0,2,4,7.31,1,0,1,19,0
456.91,226,42,1,0,3,8,15.4,1,0,1,7,0
7101.63,149,26,15,0,3,7,15.84,0,1,1,11,1
2050.63,70,3,4,0,2,7,1215.78,1,0,1,10,1
4234.94,284,38,2,0,4,7,6.09,1,0,1,10,0
6147.84,245,223,6,0,3,8,5.17,1,1,1,4,0
2535.02,284,4,22,0,2,8,1.4,1,0,1,19,0
1000.0,287,101,5,0,2,5,7.25,1,0,1,9,0
4796.84,350,13,3,0,3,6,11.88,1,1,1,14,0
1809.41,134,51,10,0,1,4,4.78,0,1,1,8,0
3589.82,76,29,9,0,3,7,7.49,1,1,1,17,0
209.82,440,25,17,0,2,3,31.78,1,0,1,20,0
2827.03,55,122,34,0,3,6,2.24,1,1,1,8,0
954.72,61,217,20,0,3,5,37.0,1,1,1,14,0
9445.65,113,29,16,0,1,4,30.75,0,1,1,14,0
3371.41,405,61,8,0,3,9,13.92,1,1,1,18,0
2298.15,123,48,6,0,3,8,19.03,1,1,1,15,0
2940.43,62,4,4,0,1,2,22.05,1,1,1,4,0
666.18,90,2,2,0,3,6,2.21,1,0,1,7,1
9166.0,88,89,6,0,2,3,17.58,0,0,1,15,1
13244.93,199,30,13,0,2,4,13.49,1,0,1,18,0
2678.24,104,22,7,0,1,5,21.07,0,1,1,18,0
8869.76,10,254,5,0,2,3,15.38,1,1,1,22,0
1023.37,806,5,8,1,4,6,6.87,1,0,1,6,1
814.75,30,18,5,0,3,8,11.8,1,1,1,19,0
1883.57,50,116,8,0,1,3,8.93,1,1,1,19,0
2793.19,278,32,6,0,2,2,26.26,1,0,1,19,0
1219.28,72,52,12,0,2,4,3.08,1,1,1,17,0
3095.7,262,2,6,0,3,14,24.32,1,1,1,21,1
2456.25,231,151,17,0,2,3,918.63,1,1,1,6,0
666.27,119,8,4,0,2,4,3.99,1,1,1,19,0
3037.51,260,14,9,0,2,6,35.87,1,1,1,21,0
4287.8,153,10,42,0,2,5,30.16,1,1,1,5,0
2146.23,284,41,10,0,1,5,18.11,1,1,1,21,0
5725.29,405,101,0,0,4,8,5.72,1,1,1,13,0
535.18,69,18,7,0,2,4,19.78,0,0,1,18,0
2886.93,193,9,4,0,2,4,8.32,1,0,1,13,0
561.0,201,31,13,0,2,5,680.99,1,1,0,15,1
593.43,197,239,10,0,2,7,11.65,0,1,1,11,0
962.05,265,1,4,0,1,4,28.59,1,0,1,18,0
704.82,234,42,14,0,2,2,4.56,1,1,1,13,0
1045.24,63,66,8,0,3,4,7.98,0,1,1,15,0
1459.5,72,98,1,0,2,6,1.56,1,1,1,17,0
4176.19,141,82,6,0,2,2,15.3,1,0,1,5,0
1311.39,195,4,29,0,3,5,1.54,1,0,1,2,0
370.32,204,37,5,0,2,8,29.97,1,1,1,20,0
5653.71,216,4,5,0,3,5,15.33,1,1,1,8,0
782.83,241,58,17,0,4,8,17.54,0,1,1,20,0
1704.93,237,4,0,0,2,4,73.12,1,1,1,13,0
2825.77,166,2,7,0,3,6,45.43,1,0,1,12,1
2207.49,407,21,7,0,2,5,25.84,0,0,1,6,0
5400.14,57,167,13,0,1,3,929.76,1,1,1,21,0
2919.02,31,74,4,2,2,4,249.87,1,1,1,23,1
764.09,190,1,7,0,4,7,9.06,1,1,1,9,0
15971.52,221,20,9,0,2,7,24.1,0,1,1,21,0
2195.87,189,1,12,0,3,4,10.99,1,1,1,6,1
1560.34,120,20,5,0,3,5,33.0,1,1,1,20,0
4740.63,229,69,28,0,3,6,645.33,1,0,1,17,0
2320.3,85,85,0,0,2,4,1248.6,1,0,1,10,1
2695.2,52,97,4,0,2,4,6.13,1,1,1,17,0
21854.98,336,144,7,0,1,6,1405.98,1,0,1,19,1
1373.17,111,27,9,0,1,3,63.87,1,1,1,6,0
1315.85,184,119,20,0,4,7,21.13,0,1,1,11,0
2031.6,101,78,13,0,2,5,62.52,1,1,1,18,0
5279.13,114,46,2,0,2,2,16.64,1,0,1,17,0
400.8,293,185,10,0,4,5,624.48,1,1,1,7,0
253.27,174,177,21,0,3,6,7.13,1,1,1,15,0
1005.14,175,136,8,0,4,11,50.39,0,1,1,7,0
352.86,51,13,20,0,3,5,7.23,1,1,1,5,0
1182.24,165,13,0,0,1,6,4.1,0,0,1,11,0
2988.42,99,138,13,0,2,6,72.93,0,1,1,20,0
741.93,603,30,18,0,3,6,1303.46,1,1,0,18,0
434.06,91,95,5,0,1,5,10.04,0,0,1,7,0
1937.86,400,69,1,0,2,3,3.72,1,1,1,21,0
4283.58,191,86,15,0,3,4,12.66,1,0,1,16,0
331.96,69,1,2,0,3,6,32.85,1,1,1,20,0
4106.11,293,33,5,0,3,3,75.52,1,0,1,15,0
4094.12,386,116,16,0,2,7,22.68,1,1,1,8,0
4694.21,494,40,11,0,4,5,16.57,1,0,1,21,0
6114.88,206,70,51,0,1,5,19.12,1,0,1,3,0
16350.5,99,84,7,0,3,8,18.74,1,1,1,18,0
1266.37,97,7,10,0,2,7,22.5,1,1,1,13,0
2017.41,214,10,15,0,3,4,1206.68,1,1,1,21,1
1192.21,50,77,2,0,3,6,13.79,1,1,1,16,0
1811.62,72,3,7,0,3,6,29.97,1,1,0,13,1
8373.89,175,25,2,0,1,2,2.53,1,1,1,22,0
471.06,286,150,1,0,2,3,13.7,1,1,1,20,0
764.29,139,51,18,0,5,5,22.23,1,1,1,11,0
7166.56,488,144,8,0,6,10,17.06,1,0,0,13,0
5014.24,229,22,9,0,1,6,9.83,0,1,1,12,0
1257.48,131,60,11,0,1,3,825.66,0,0,1,21,0
4248.84,100,20,3,0,2,7,27.82,1,0,1,10,1
2543.3,75,7,15,0,2,4,23.7,0,0,1,5,0
8105.31,263,280,11,0,5,11,1.36,1,1,1,21,0
1947.9,92,11,12,0,1,3,1350.82,1,1,1,8,1
5042.37,215,12,3,0,1,2,5.77,1,0,1,10,0
25387.49,61,110,10,0,2,5,3.26,0,0,1,16,1
3288.21,72,97,14,0,2,5,4.69,1,1,1,17,0
1899.47,164,228,6,0,4,13,6.14,1,1,1,18,0
3723.6,72,4,7,0,1,4,5.89,1,1,1,16,0
1254.78,343,5,7,0,4,7,0.39,1,1,1,8,0
19692.0,40,35,5,0,1,4,53.35,1,1,1,8,0
2164.77,63,53,10,0,1,2,12.39,1,1,1,19,0
1376.18,360,2,7,0,4,6,717.09,1,1,1,15,1
783.92,326,10,5,0,3,5,14.17,1,1,1,16,0
5416.58,363,72,28,0,1,1,15.43,1,1,1,10,0
4303.52,79,66,7,0,3,5,627.97,1,1,1,11,0
1099.54,161,5,2,0,2,7,4.29,1,1,1,14,0
3217.79,191,161,10,0,2,5,14.07,1,1,1,12,0
399.99,139,17,9,0,5,7,6.62,0,1,1,1,1
2175.41,246,130,10,0,2,3,1.54,1,0,1,21,0
2843.4,312,153,28,0,1,6,0.06,1,1,1,17,0
9969.94,157,40,0,0,4,6,3.27,1,1,1,16,1
836.46,68,31,14,0,5,8,3.94,1,1,0,17,1
503.53,241,19,4,0,2,5,17.94,1,1,1,9,0
738.46,182,98,7,0,2,3,10.74,1,0,1,5,0
475.06,290,13,2,0,2,5,6.68,1,1,1,13,0
6881.95,246,58,16,0,3,4,49.09,0,0,1,14,0
8506.95,373,50,7,0,1,5,1334.46,0,0,1,17,1
2490.44,180,17,11,0,3,6,42.43,1,0,1,9,0
6132.11,433,244,21,0,2,8,7.66,1,0,1,9,0
2067.22,419,112,3,0,2,2,3.09,1,0,1,16,0
1644.0,268,1,11,0,1,5,443.2,1,1,1,9,0
1295.9,317,32,37,0,3,9,58.22,1,1,1,17,0
1325.58,375,26,19,0,2,3,4.12,0,1,1,15,0
384.6,146,128,3,0,1,4,14.69,1,1,1,15,0
2354.9,379,18,23,1,4,7,19.41,1,1,1,18,1
1736.57,216,388,8,2,4,7,6.33,1,0,1,13,0
3809.91,277,13,27,0,2,6,18.07,1,0,1,18,0
1985.3,305,16,17,0,2,2,8.34,0,1,1,12,0
1536.55,268,65,7,0,3,8,11.26,1,0,1,8,0
756.58,188,10,17,0,1,4,16.56,1,0,1,14,0
1943.32,338,131,1,0,3,4,58.02,1,1,1,16,0
3782.87,691,6,3,0,3,9,11.28,1,1,1,18,0
576.32,720,245,16,0,1,6,10.26,1,1,1,2,0
1973.32,228,124,2,0,4,11,7.95,1,1,1,21,0
2282.54,358,109,7,0,2,7,10.45,1,1,1,15,0
881.77,698,31,11,0,3,8,7.89,1,1,1,10,0
1004.4,135,43,12,0,2,3,6.55,1,1,0,20,0
2276.99,274,36,19,1,1,3,14.41,1,1,1,13,1
582.06,280,262,5,0,4,7,55.06,1,0,1,20,0
2565.54,671,2,17,0,1,5,12.31,1,0,1,15,0
738.52,410,28,16,3,3,7,34.22,1,0,1,8,1
5233.59,188,207,5,0,4,5,22.91,1,1,1,18,0
18728.99,205,27,1,0,4,11,44.55,1,1,1,13,1
764.52,107,30,6,0,1,3,1.88,1,1,1,12,0
3084.69,75,59,5,0,1,2,1.62,1,1,1,0,0
874.16,259,142,2,0,1,4,7.74,1,1,1,2,0
5120.23,241,20,9,0,2,2,16.65,1,0,1,18,0
510.17,162,176,36,0,3,10,9.0,1,0,1,15,0
2923.65,103,19,9,0,2,6,9.58,1,1,1,20,0
755.22,137,101,32,0,4,8,4.3,0,1,1,20,0
1470.0,568,19,42,0,1,2,15.86,0,0,1,15,0
644.82,94,4,4,0,3,8,9.46,0,0,1,14,1
4114.82,53,100,5,0,7,9,6.07,1,0,1,15,1
782.91,266,35,17,0,2,6,3.62,1,1,1,13,0
3139.96,132,29,7,0,2,7,20.13,1,1,1,21,0
1281.65,302,33,3,0,5,8,22.29,1,0,1,22,0
1612.48,279,56,9,0,1,3,16.9,1,1,1,11,0
2095.94,62,18,14,0,3,6,0.37,1,0,1,11,0
844.02,261,16,17,0,4,8,6.05,1,1,1,15,0
2231.36,144,39,13,0,3,5,15.71,1,1,1,20,0
8352.65,340,2,11,0,3,10,6.84,1,1,1,18,0
830.4,340,61,7,0,1,6,44.32,1,1,1,20,0
5836.05,80,103,4,0,3,5,4.23,1,1,1,8,0
8087.68,57,77,23,0,4,9,8.35,1,1,0,16,0
799.39,330,38,6,0,4,7,5.23,1,1,1,16,0
421.97,306,49,7,0,2,3,14.09,1,1,1,13,0
2445.39,84,1,16,0,2,4,20.17,1,0,1,15,0
1045.86,333,146,4,0,2,5,16.96,1,1,1,8,0
11714.74,171,48,30,0,2,4,104.84,1,1,0,0,0
1872.08,28,22,9,0,1,4,2.86,1,0,0,16,0
810.62,124,20,4,0,1,3,8.03,1,1,1,6,0
574.12,133,64,12,0,4,9,819.91,1,0,1,5,1
5377.1,17,52,14,0,3,6,8.83,1,1,1,19,0
1021.28,376,12,6,0,1,2,20.19,1,1,1,13,0
1889.05,389,31,8,0,3,5,14.3,1,0,1,9,0
4702.28,431,67,10,0,1,3,26.4,1,1,1,15,0
1114.03,74,21,8,0,3,5,1.76,1,0,1,17,0
1726.88,125,42,1,0,3,6,9.75,1,1,1,21,0
1778.33,150,17,3,0,3,5,11.79,1,1,1,9,0
3580.74,61,4,9,0,3,4,35.29,1,1,1,19,1
3264.12,218,29,3,0,1,2,636.38,1,0,1,9,1
1450.82,88,79,20,0,3,3,24.29,1,0,1,10,0
1926.86,178,14,34,0,4,10,3.87,1,1,1,11,0
1246.66,107,84,14,0,3,7,105.86,1,1,1,15,0
412.56,258,66,1,0,1,7,4.13,1,1,1,9,0
2339.29,320,42,0,0,3,6,102.89,1,0,1,18,0
11994.36,163,213,5,0,3,4,8.33,1,1,1,12,0
747.16,154,128,12,0,1,1,1057.05,1,1,1,11,0
834.61,237,49,16,0,2,6,6.5,1,1,1,19,0
756.93,34,48,1,0,2,6,16.9,0,1,1,23,0
3731.6,125,19,8,0,3,3,0.95,1,1,1,5,0
2831.28,89,151,2,0,2,6,42.53,1,0,1,8,0
1542.97,394,135,0,0,1,4,11.89,1,1,1,18,0
721.97,658,81,10,0,2,6,1.0,1,1,1,5,0
1983.02,63,8,9,0,6,9,21.09,1,1,1,10,1
378.18,191,72,12,0,4,5,58.01,0,0,1,19,0
2086.88,74,17,9,2,2,5,12.55,1,1,1,23,1
4322.22,86,12,1,0,4,5,18.39,1,1,1,12,1
517.39,192,85,11,0,1,6,24.26,1,1,1,12,0
390.52,145,192,6,0,3,6,58.34,1,1,1,17,0
8773.03,190,6,5,0,1,2,35.82,1,1,1,13,0
980.67,83,10,7,0,2,6,0.94,1,1,1,7,0
5630.47,192,14,15,0,6,8,28.03,0,1,1,21,0
1549.99,383,197,8,0,2,7,1.84,1,1,1,15,0
1537.7,288,71,19,0,1,2,5.81,1,1,1,7,0
2802.91,55,68,15,0,2,8,7.33,1,1,1,2,0
746.95,464,42,5,0,3,7,1221.26,0,1,1,13,1
2064.2,76,46,26,0,3,4,0.17,1,1,1,3,0
1234.61,87,20,20,0,3,5,2.69,1,1,1,21,0
482.75,321,10,4,0,3,10,68.06,1,0,1,15,0
2533.82,197,90,7,2,4,8,0.63,0,1,1,17,1
1389.49,160,38,15,0,3,6,19.72,1,1,1,20,0
1545.3,138,17,4,0,1,2,3.22,0,1,1,7,0
539.07,142,60,5,0,4,6,12.79,1,0,1,8,0
8878.61,146,14,1,0,2,4,83.45,1,1,1,11,0
4344.71,250,40,1,0,3,5,21.72,1,1,1,12,0
4741.72,270,12,2,0,1,2,9.72,1,0,1,20,0
1332.16,145,85,8,0,3,8,13.52,1,1,1,2,0
320.8,415,23,16,0,3,4,5.41,1,1,1,17,0
12745.29,194,34,4,0,1,4,18.32,1,1,1,14,0
1700.88,217,84,14,0,1,5,34.3,1,0,0,14,0
855.08,360,64,4,0,4,7,89.96,1,0,1,13,0
2742.98,108,30,11,0,2,6,9.0,0,0,1,19,1
5808.75,253,4,6,0,1,4,14.88,1,0,1,14,0
1766.84,96,152,2,0,2,4,20.72,1,0,1,19,0
6493.62,88,1,15,0,5,10,12.21,1,0,1,19,1
5340.1,438,79,15,0,2,4,54.05,1,1,1,18,0
616.23,513,174,0,0,2,5,57.45,1,1,1,7,0
921.69,216,21,9,0,3,4,1.57,0,0,1,12,0
4710.44,122,4,10,0,2,6,21.24,1,1,1,3,1
119.99,245,17,9,0,4,7,14.81,1,0,1,23,0
1557.04,187,22,5,0,3,7,5.22,1,1,0,14,0
432.32,298,36,2,0,2,4,92.92,0,1,1,17,0
1122.65,183,44,8,0,2,5,13.33,1,0,1,7,0
1341.01,185,77,0,0,5,11,729.42,0,1,1,14,1
1263.64,89,138,3,0,2,2,5.77,1,1,1,11,0
1040.79,129,37,10,0,2,5,8.06,1,0,1,9,0
603.57,159,82,17,0,3,6,4.27,1,1,1,19,0
17888.46,254,8,22,0,1,5,3.32,1,0,1,18,0
11701.38,115,23,2,0,3,3,1293.35,0,1,1,15,1
565.63,478,7,3,0,2,5,13.34,1,0,1,6,0
8796.57,180,70,12,0,1,4,1.22,1,1,1,8,0
1212.62,63,142,15,0,4,5,20.0,1,1,1,23,0
2057.38,147,131,26,0,2,5,9.4,1,0,1,11,0
1697.18,278,23,12,0,3,8,45.65,1,1,1,22,0
934.72,149,16,9,0,2,5,333.81,1,0,1,19,0
4836.04,88,19,9,0,2,6,12.87,1,1,1,16,0
2050.6,134,20,2,0,4,9,3.5,0,0,1,8,1
1122.65,114,5,1,0,1,4,5.53,1,0,1,20,0
490.49,250,8,12,0,4,6,18.7,1,1,1,7,0
739.82,111,14,11,0,3,7,2.39,1,0,1,14,0
350.24,39,1,1,0,1,5,14.93,1,1,1,15,0
1830.28,105,2,3,0,2,7,3.52,0,0,1,15,0
546.39,335,71,28,0,1,5,9.84,1,1,1,17,0
1386.36,243,57,1,0,4,5,4.52,0,1,1,9,0
7116.01,47,174,1,0,6,8,18.3,1,1,1,7,0
5998.71,317,30,1,0,2,5,28.46,1,1,1,18,0
1750.62,373,35,10,0,2,6,5.01,1,1,1,8,0
1657.25,260,4,11,0,3,4,18.77,1,1,1,7,0
11847.53,94,9,21,0,2,4,7.87,1,0,1,11,0
3043.48,338,70,12,0,1,3,15.62,1,1,1,13,0
1302.7,157,16,4,0,1,7,2.66,1,1,1,14,0
434.41,111,89,7,0,4,4,21.34,1,1,1,10,0
2680.81,158,73,27,0,4,6,0.1,1,0,1,21,0
4143.61,230,82,4,0,1,6,2.83,1,1,1,16,0
961.36,259,70,12,0,2,6,10.62,0,0,1,9,0
2419.23,200,73,5,0,2,5,8.99,1,1,1,17,0
1256.93,173,47,11,0,2,4,0.35,1,1,1,8,0
1504.13,88,68,9,0,3,5,35.36,0,1,1,17,0
150.23,243,44,11,0,1,4,12.76,1,0,1,14,0
1448.41,204,13,4,0,2,2,8.57,1,1,1,13,0
4766.51,255,14,4,0,3,4,70.93,1,1,1,10,0
961.6,166,31,2,0,1,4,11.27,1,0,1,19,0
1905.55,273,1,6,0,3,6,13.91,1,1,1,0,0
848.99,254,132,11,0,3,5,13.1,1,1,1,17,0
2592.67,137,18,9,0,1,1,11.17,1,1,1,20,0
1456.04,176,3,6,0,3,6,7.07,1,1,1,10,0
706.81,288,33,12,0,4,7,12.77,1,1,1,13,0
6853.75,301,101,12,0,5,11,9.4,1,0,1,14,0
4577.61,366,30,15,0,2,5,34.27,1,1,1,21,0
987.42,110,18,5,0,2,7,18.18,1,1,1,18,0
2974.37,142,47,5,0,1,5,1264.23,1,0,1,13,1
3094.59,453,51,20,0,2,4,41.26,0,1,1,14,0
3436.82,581,85,18,0,2,6,15.5,1,1,1,17,0
332.2,217,96,14,0,2,2,16.04,0,1,1,17,0
4947.35,174,73,1,0,5,11,2.87,1,1,1,20,0
1022.8,579,1,7,0,5,10,35.85,1,1,1,11,0
1264.17,480,1,17,0,3,6,6.02,1,1,1,12,0
25282.85,290,227,15,0,5,6,26.46,1,1,1,19,0
2445.18,167,18,9,0,4,6,14.87,1,1,1,17,0
1228.66,227,19,8,0,2,4,10.96,1,1,1,13,0
199.28,52,79,3,0,1,1,79.28,1,1,1,4,0
7257.31,322,52,2,0,2,5,598.46,1,0,1,4,1
470.97,116,37,3,0,2,6,37.98,1,1,1,19,0
662.86,437,7,3,0,1,7,2.34,1,0,1,19,0
1298.09,40,5,6,0,1,4,14.8,1,0,1,20,0
7453.3,120,72,15,0,2,3,19.68,1,0,1,0,0
3917.62,198,7,2,0,1,3,806.78,1,0,1,8,1
1544.05,191,34,2,0,2,7,30.53,1,1,1,14,0
2460.92,108,79,7,0,2,6,19.23,1,1,1,13,0
991.89,197,153,21,0,2,4,11.91,1,1,1,20,0
2079.02,165,124,3,0,2,6,2.92,1,1,1,8,0
1945.62,198,119,6,1,4,7,31.76,1,0,1,1,1
4763.65,132,26,11,0,3,7,36.03,1,1,1,19,0
4756.08,357,157,6,0,2,8,0.14,1,1,1,19,0
2963.06,231,69,10,0,3,5,988.51,1,1,1,10,1
1258.47,136,130,13,0,2,5,1.42,1,1,1,13,0
3796.45,271,5,13,0,2,3,70.32,1,0,1,6,0
1649.18,119,2,2,0,3,8,12.9,1,1,1,19,0
612.83,121,33,7,0,3,9,23.6,1,1,1,17,0
1207.99,46,105,2,0,3,5,29.34,1,1,1,17,0
1967.52,240,31,11,0,3,8,929.39,1,1,1,14,1
4492.73,207,129,21,0,3,11,6.13,1,0,1,7,0
1504.89,98,16,7,0,1,2,4.89,1,1,1,14,0
539.59,96,2,13,0,3,5,12.13,1,1,1,12,1
1913.6,243,85,8,0,1,2,1272.91,1,0,1,22,0
2025.27,140,59,8,0,5,7,47.84,1,1,1,13,0
2177.29,244,34,1,0,1,2,7.19,1,1,1,9,0
4536.32,49,111,19,0,5,6,1.44,1,1,1,10,0
5008.66,74,104,11,3,4,10,7.11,0,0,1,14,1
998.04,335,23,7,0,1,7,27.01,1,1,1,14,0
976.38,216,109,10,0,2,4,11.5,0,1,1,20,0
638.93,287,25,6,0,3,5,4.29,1,1,1,11,0
3636.64,141,58,5,0,3,5,14.69,1,1,1,20,0
7698.8,105,12,17,0,4,6,3.5,1,1,1,17,0
1319.38,320,18,5,0,3,4,65.68,1,0,1,9,0
1420.22,11,35,10,0,2,5,6.15,0,0,1,5,0
7838.34,179,22,2,0,4,8,55.74,1,0,1,12,1
2997.57,277,8,9,0,1,3,60.96,1,1,1,13,0
2796.81,140,39,28,0,1,6,12.96,1,1,1,18,0
549.54,616,42,2,0,4,10,4.49,1,1,1,5,0
3564.32,182,10,5,0,4,5,102.8,0,1,1,9,0
713.99,244,11,10,0,4,7,3.26,1,1,1,8,0
581.71,99,1,7,0,4,4,12.5,1,1,1,0,0
1278.23,479,1,2,0,2,12,1365.42,1,0,1,20,1
1006.47,196,26,12,0,3,4,46.02,1,1,1,14,0
1448.67,145,9,40,0,4,8,1198.13,1,0,1,15,1
427.96,189,150,2,0,3,8,37.72,1,1,1,10,0
4716.47,66,13,17,0,3,5,49.59,1,1,1,19,0
5584.14,263,4,14,0,1,5,8.06,1,0,1,18,0
257.92,121,31,1,0,2,4,13.06,1,0,1,7,0
4810.03,230,12,10,0,1,4,52.69,1,1,1,18,0
803.9,48,3,18,0,2,4,9.52,0,1,1,20,0
4259.79,64,83,2,0,3,5,22.4,1,1,1,10,0
1688.43,194,48,4,0,3,7,8.4,0,0,1,17,0
1860.83,450,3,10,0,2,2,0.44,1,0,1,23,0
1502.53,42,37,7,0,3,8,32.07,1,1,1,19,0
6076.17,118,2,16,2,2,6,60.26,1,1,1,19,1
523.43,72,26,3,0,2,6,31.44,1,1,1,16,0
3320.4,138,27,6,0,5,5,14.93,0,1,1,14,0
5438.89,186,103,15,0,2,4,990.67,1,0,1,13,1
3700.93,154,79,6,0,3,8,6.34,0,0,1,14,0
18484.71,28,136,8,0,3,5,27.4,1,1,1,8,0
1065.34,49,9,1,0,1,4,33.34,1,1,1,18,0
4709.35,74,45,2,0,2,5,69.41,1,1,1,19,0
1626.05,127,1,12,0,2,6,19.1,1,1,1,21,0
6206.83,101,104,14,0,1,2,8.11,1,0,1,18,0
1794.19,131,27,12,0,3,6,55.41,0,1,1,21,0
1226.75,167,4,15,0,2,3,13.79,1,1,1,18,0
6674.65,144,23,8,2,2,4,29.93,1,1,1,7,1
1105.93,504,20,20,0,3,7,42.14,1,1,1,16,0
440.22,514,87,4,0,2,6,32.74,0,0,1,13,0
1078.31,190,8,0,0,2,5,46.1,1,1,1,19,0
3357.77,110,48,5,0,2,4,8.19,1,1,1,19,0
7273.83,142,94,20,0,2,2,51.54,1,1,1,11,0
2020.56,211,80,9,0,2,7,43.42,1,1,1,15,0
6756.07,89,164,5,0,2,4,6.23,1,0,1,10,0
464.9,213,1,9,0,2,5,2.98,1,0,1,21,0
1160.65,148,26,11,0,2,7,16.03,1,1,1,16,0
1354.82,462,27,6,0,2,3,13.17,0,1,1,9,0
1612.34,87,2,12,0,4,8,8.68,1,0,1,11,1
1966.66,389,101,22,0,1,3,21.45,1,1,1,6,0
3608.01,212,70,20,0,2,3,7.47,1,0,1,10,0
1158.86,105,45,15,0,2,5,55.61,1,0,1,7,0
2077.72,280,31,25,0,3,4,8.28,1,1,1,19,0
1728.27,14,135,2,1,2,7,848.02,1,0,1,19,1
716.31,126,18,10,0,2,4,3.58,1,1,1,20,0
1613.78,151,24,4,0,2,6,20.94,1,0,1,12,1
1566.09,109,182,6,0,4,8,22.77,1,0,1,11,0
1532.9,329,4,25,0,3,5,9.61,1,1,1,9,0
1866.39,583,91,16,0,3,3,3.19,1,1,1,21,0
1950.17,88,75,2,0,4,9,16.27,1,0,1,9,0
1173.45,313,139,24,0,1,3,12.18,1,1,1,23,0
6455.67,185,5,14,0,3,4,15.04,1,1,1,17,0
561.45,294,211,17,0,1,3,12.76,1,1,1,14,0
879.22,208,1,7,0,2,3,15.45,1,1,1,9,0
29142.81,156,24,11,0,4,7,0.34,1,1,1,19,1
640.35,758,5,2,2,3,6,19.5,1,1,1,20,1
466.96,199,3,6,0,1,4,18.55,1,1,1,12,0
3768.67,310,200,20,0,3,7,0.51,1,1,1,19,0
226.53,110,76,5,0,3,6,2.76,1,0,1,17,0
1428.99,442,42,4,0,3,6,10.21,1,1,1,9,0
15457.12,179,6,11,0,3,5,19.87,1,1,1,13,1
385.7,63,44,8,0,3,5,11.39,0,1,1,12,0
249.15,136,23,5,0,1,2,16.7,1,1,1,19,0
403.76,196,19,5,0,2,5,7.77,1,0,1,12,0
4439.78,190,57,7,0,2,5,4.53,1,1,1,10,0
5567.92,166,93,0,0,2,9,17.11,1,1,1,16,0
1082.91,185,35,3,0,3,4,46.31,1,0,1,16,0
3580.34,82,40,14,0,3,3,11.19,1,0,1,10,1
7260.87,181,63,11,0,2,5,38.08,1,1,1,11,0
10800.49,124,7,8,0,2,5,5.06,1,1,1,20,0
1413.27,244,105,3,0,3,7,7.26,0,0,1,19,0
181.01,188,108,9,0,3,9,19.92,0,1,1,14,0
795.62,115,46,10,0,2,4,3.39,1,1,1,20,0
1179.91,253,12,5,0,1,3,9.3,1,0,1,2,0
1395.57,326,41,1,0,4,6,6.29,0,0,1,7,0
1498.38,218,6,10,0,1,6,15.79,1,1,1,8,0
5535.26,99,86,4,0,4,6,2.24,1,1,1,14,0
6466.75,536,22,8,0,2,7,11.88,1,1,1,12,0
1522.83,171,22,5,0,2,4,17.32,1,1,1,16,0
5423.44,213,174,1,0,2,6,24.6,0,1,1,21,0
2585.47,40,32,1,0,2,5,25.77,1,1,1,21,0
1928.52,185,93,12,0,3,7,51.53,1,1,1,18,0
4476.26,291,60,8,0,2,5,1.25,1,1,1,18,0
1943.51,147,22,18,0,1,2,1153.81,0,1,0,5,1
14154.83,235,7,17,0,3,6,33.88,1,1,1,10,0
429.06,240,95,2,0,2,5,443.54,1,1,1,13,0
1080.12,305,86,4,0,1,3,56.75,1,1,1,0,0
1593.17,175,11,7,0,2,3,1.2,1,0,1,23,0
2805.82,132,17,1,0,2,3,640.25,1,1,1,0,1
6425.06,70,87,4,0,3,5,9.21,1,0,1,18,0
1764.46,241,246,23,0,5,8,25.35,1,1,1,7,0
436.06,513,111,16,1,3,6,1266.92,1,1,1,0,1
4198.63,101,69,14,0,3,6,5.49,0,1,1,8,0
3846.65,279,148,24,0,2,5,42.01,0,1,1,17,0
259.34,469,20,0,1,2,2,80.36,1,1,1,22,1
1801.18,111,1,14,0,5,8,1.14,1,1,1,11,0
368.65,333,23,14,0,2,7,23.14,1,1,1,4,0
930.15,62,214,9,0,3,9,3.08,1,1,1,14,0
733.03,335,128,2,0,2,4,1.77,0,1,1,11,0
4061.33,42,3,32,0,4,9,24.46,1,1,1,11,0
2032.11,28,41,16,0,3,6,3.02,1,0,1,17,0
499.9,88,4,23,0,4,6,25.19,1,1,1,19,0
4359.3,246,93,13,0,1,4,17.83,1,1,1,19,0
431.04,197,27,3,0,5,7,58.56,1,1,1,5,0
2515.22,341,145,2,0,2,9,9.71,0,1,1,18,0
801.1,171,3,18,0,2,5,421.08,1,1,1,16,0
1254.29,80,79,4,0,3,4,6.81,1,1,1,17,0
2993.72,201,30,8,0,2,3,4.65,1,1,1,14,0
3045.59,262,18,5,0,2,2,9.44,0,1,1,10,0
6884.1,235,43,13,0,3,6,12.49,1,1,1,1,1
1665.28,242,39,7,0,3,6,25.07,0,0,1,6,1
2456.4,283,25,32,0,2,5,30.49,1,1,1,22,0
1167.08,180,62,34,0,2,7,32.86,1,1,1,14,0
2168.93,341,64,11,0,4,7,14.31,1,0,1,20,0
2805.92,54,4,3,0,1,5,26.84,1,1,1,19,0
1638.75,353,54,3,0,1,5,52.97,1,1,1,5,0
297.75,345,74,4,0,2,3,8.97,1,1,1,15,0
2518.63,172,4,2,0,5,7,13.64,1,1,1,14,1
2603.37,220,64,9,0,3,4,111.65,0,0,1,11,0
915.83,251,97,2,0,4,8,27.3,1,0,1,7,0
500.5,702,107,7,0,2,6,20.24,1,1,1,10,0
7909.97,162,2,8,0,2,4,868.78,1,1,1,7,1
2955.57,167,71,7,0,2,4,27.62,1,0,1,6,0
1437.87,74,95,36,0,1,2,611.18,1,1,1,6,0
579.96,433,30,8,0,1,5,35.05,1,1,1,11,0
794.88,238,46,7,0,4,7,43.56,1,1,1,15,0
6651.45,142,18,17,0,3,7,38.71,1,1,1,23,0
2074.89,186,22,10,0,2,3,42.84,1,1,1,20,0
1042.54,302,41,19,0,1,4,27.85,1,0,1,11,0
3009.98,196,9,5,0,3,9,1.73,1,1,1,17,0
800.79,237,27,13,0,4,6,47.68,0,1,1,18,0
8109.92,84,21,10,0,3,3,3.09,1,1,1,21,0
6993.95,93,16,6,0,5,6,16.32,1,0,1,8,0
1133.91,374,39,4,0,3,6,1.71,1,1,1,21,0
964.23,115,109,11,0,3,6,0.88,1,1,1,10,0
131.88,94,16,29,0,2,4,56.69,1,1,1,17,0
410.93,36,64,26,0,3,6,20.74,0,0,1,8,0
473.68,335,17,18,0,3,6,34.01,1,1,1,14,0
2069.76,126,9,16,0,4,7,3.79,1,1,1,17,0
1304.75,464,172,8,0,2,6,607.59,1,0,1,19,0
470.91,106,60,3,0,1,4,8.53,1,1,1,21,0
1364.9,64,6,1,0,3,3,11.06,0,1,1,4,1
2996.91,99,60,11,0,2,5,4.18,1,0,1,18,0
3065.11,185,11,28,0,3,5,27.13,1,1,1,21,0
270.52,660,131,9,0,4,8,17.29,1,0,1,10,0
1590.39,423,17,18,0,3,7,39.71,1,1,1,9,0
453.35,330,98,10,0,1,1,11.51,1,1,1,7,0
4454.76,470,13,9,0,5,7,22.14,1,1,1,18,0
3960.58,164,49,4,0,1,3,6.78,1,1,0,16,0
736.55,127,146,4,0,6,12,8.95,0,1,1,13,0
840.46,345,21,8,0,2,5,28.95,1,0,1,13,0
1139.94,178,5,6,0,2,4,3.95,1,1,1,6,0
190.03,96,48,16,0,3,8,42.82,0,1,0,9,0
2529.98,5,11,18,0,2,6,7.11,1,0,1,9,0
1376.3,88,78,12,0,4,11,8.91,1,0,1,5,0
4770.35,250,53,29,0,4,4,15.7,1,1,1,12,0
602.8,96,25,19,0,3,7,7.92,1,1,1,5,0
973.48,303,73,9,0,3,5,12.26,1,1,1,20,0
400.8,62,16,6,0,3,10,7.73,1,0,1,9,1
662.29,90,149,12,0,1,4,42.07,1,0,1,20,0
554.47,473,25,23,0,5,8,2.88,1,1,1,19,0
4895.02,327,86,3,0,5,5,11.03,0,1,1,7,0
899.41,186,17,21,0,3,4,4.74,1,1,1,1,0
2047.09,186,75,4,0,1,3,3.73,1,1,1,21,0
1235.51,100,1,6,0,2,4,76.03,0,1,1,21,0
508.03,379,21,17,2,3,4,8.12,1,1,1,12,1
1527.98,383,5,18,0,3,4,11.16,1,0,1,18,0
3291.52,163,36,8,0,2,5,10.44,1,0,1,18,0
540.36,161,34,10,0,2,6,229.89,0,1,1,7,0
4060.71,122,26,28,0,1,5,84.63,1,1,1,1,0
773.0,216,238,27,0,5,9,5.04,1,1,1,17,0
1115.45,38,16,9,0,1,1,36.33,1,0,1,16,0
3073.84,173,93,7,0,1,4,11.82,0,1,1,0,0
931.28,331,35,5,0,1,7,62.49,1,1,1,9,0
1877.27,201,24,2,0,2,5,3.47,1,1,1,10,0
1319.9,278,13,8,0,5,10,31.27,1,1,1,22,0
2057.75,231,60,9,0,3,9,16.38,1,1,1,13,0
167.21,206,24,6,0,4,4,33.82,1,1,1,5,0
290.13,183,100,7,0,3,3,19.76,0,1,1,8,0
3347.49,304,207,2,0,2,5,8.28,1,1,1,19,0
5100.95,156,15,9,0,3,5,280.1,1,1,1,13,0
727.43,86,8,4,0,6,7,13.28,0,0,1,6,1
1416.54,405,22,13,0,1,4,51.19,1,1,1,18,0
2427.75,286,37,7,0,1,4,8.74,1,1,1,19,0
3616.34,34,21,14,0,1,4,15.23,1,1,1,17,0
238.01,219,211,42,0,2,6,40.5,1,1,1,13,0
745.43,30,90,2,0,2,4,27.37,0,1,1,19,0
1296.5,67,203,3,2,1,5,519.12,1,0,1,13,1
3652.4,234,28,18,0,2,5,8.68,0,1,1,17,0
21991.92,395,21,11,0,1,3,3.7,1,1,1,12,0
1439.42,585,31,13,0,3,6,1.56,0,1,1,20,0
442.76,474,44,1,0,2,5,0.1,1,1,1,18,0
2703.41,46,81,4,0,2,6,15.32,1,1,1,20,0
6775.01,512,127,15,0,1,3,6.29,1,1,1,19,0
2014.27,304,37,14,0,2,6,3.86,1,1,1,17,0
730.22,320,20,1,0,2,2,8.51,1,0,1,16,0
4712.59,117,23,11,0,2,4,5.98,1,0,1,17,0
3510.61,249,71,4,0,3,5,103.11,1,1,1,20,0
648.02,237,50,5,0,2,4,663.34,1,0,1,19,0
2647.64,247,39,6,0,2,4,6.69,0,1,1,11,0
4901.35,275,13,2,0,2,5,13.28,1,1,1,16,0
5895.18,180,124,6,3,3,8,4.94,1,1,1,13,1
1691.8,156,91,18,0,4,6,6.84,1,1,1,12,0
1263.85,194,9,5,0,5,6,30.09,0,1,1,11,1
6168.89,367,27,8,0,4,7,0.96,0,1,1,10,0
539.07,317,46,12,0,4,5,16.3,1,1,1,19,0
2803.37,354,36,11,0,2,2,10.53,1,1,1,9,0
459.42,238,30,5,0,3,7,2.45,1,0,1,18,0
5246.81,91,76,7,0,3,8,1.05,0,1,1,8,0
1396.82,121,3,10,0,1,2,0.22,1,0,1,18,0
6429.06,315,38,6,3,5,8,7.82,1,0,1,20,1
2955.47,376,18,8,0,1,4,11.2,1,1,1,22,0
532.07,345,5,37,0,1,6,10.24,1,1,0,19,0
7514.79,195,37,17,0,3,4,24.1,1,1,1,16,0
8529.15,213,11,26,0,2,3,23.0,1,1,1,6,0
4368.99,198,17,10,0,2,7,31.67,1,1,1,8,0
844.22,56,42,12,0,1,2,5.7,1,1,1,7,0
1331.4,82,218,5,0,3,5,18.49,1,1,1,14,0
2091.06,269,69,20,0,2,6,3.03,1,1,1,15,0
894.52,148,19,34,0,3,5,3.67,0,1,1,0,0
9821.67,30,28,12,0,1,6,1334.81,1,0,1,7,1
2088.76,201,31,5,2,2,6,51.56,1,1,1,11,1
121.1,88,10,15,0,3,7,39.85,0,1,1,9,0
2538.57,79,10,3,0,2,7,26.64,1,0,1,20,0
1276.46,54,9,8,0,2,6,0.14,1,1,1,5,0
1677.52,105,44,5,0,1,2,5.1,1,1,1,10,0
1250.6,21,67,6,0,2,3,1.33,1,1,1,10,0
4052.33,88,53,9,0,4,7,3.06,1,1,1,10,0
5539.66,271,228,21,0,1,2,4.67,1,1,1,8,0
2399.59,231,8,8,0,5,10,47.24,1,1,1,5,0
1287.8,347,258,2,0,4,5,11.54,1,1,1,21,0
1734.83,244,37,4,0,1,5,5.92,0,1,1,10,0
1843.83,15,14,4,0,2,8,100.47,1,0,0,4,1
810.43,146,172,34,0,1,4,68.83,1,0,1,11,0
3225.78,137,37,4,0,2,4,6.64,1,1,1,20,0
2864.19,81,25,10,0,3,8,11.84,1,0,1,4,1
8437.5,54,14,8,0,1,2,5.97,1,1,1,5,0
6344.54,260,18,6,0,3,7,22.82,1,0,1,11,1
910.8,174,232,3,0,2,5,32.65,1,1,1,10,0
4106.39,72,21,3,0,1,2,9.46,1,1,1,12,0
698.58,49,228,14,0,1,6,40.34,1,1,1,21,0
3626.17,308,24,19,0,4,5,871.09,1,1,1,12,0
1078.56,275,15,2,0,4,8,2.88,1,1,1,12,0
649.85,279,12,9,0,1,4,14.69,1,1,1,15,0
2392.38,268,31,8,0,1,1,4.96,1,1,1,18,0
124.64,267,16,2,0,3,5,46.55,1,1,1,18,0
313.88,248,71,5,0,3,6,5.64,1,1,1,14,0
1514.0,114,16,16,0,2,4,15.61,1,1,1,15,0
1963.42,265,108,28,0,3,6,2.83,1,0,1,19,0
1249.73,192,107,30,0,1,3,17.93,1,0,1,19,0
372.62,90,20,7,0,2,3,10.99,1,0,1,20,1
798.0,176,84,11,3,1,14,119.69,1,0,1,12,1
2673.68,376,116,7,0,3,4,5.18,1,1,1,14,0
3234.99,215,53,18,0,5,7,37.04,1,0,1,0,0
1778.95,233,27,15,0,2,7,11.36,1,1,1,19,0
5749.3,76,34,15,0,2,4,666.98,1,1,1,14,1
2690.27,95,92,4,0,4,7,10.47,0,1,1,18,0
856.23,192,20,7,1,3,5,20.3,1,1,1,20,1
1365.8,157,24,16,0,2,2,7.69,1,1,1,13,0
444.58,141,10,29,0,2,5,35.18,1,1,1,16,0
1622.72,77,30,22,0,3,6,1509.6,1,1,1,23,1
5497.79,93,5,3,0,3,6,1364.93,1,1,1,19,1
3587.78,51,23,1,0,2,6,0.69,1,1,1,18,1
7346.72,121,28,17,0,2,5,3.68,0,1,1,8,0
1335.57,158,17,4,0,4,8,26.64,1,0,1,0,1
6947.24,166,6,36,0,2,5,14.47,1,1,1,18,0
1490.24,369,44,17,0,3,4,15.18,1,0,1,9,0
7876.08,27,120,13,0,2,9,1458.41,1,1,1,15,1
1768.95,501,24,7,0,3,5,2.23,1,1,1,5,0
3667.37,268,16,12,0,3,4,10.83,1,0,1,13,0
7903.91,185,20,4,0,2,5,19.38,0,0,0,18,1
1490.06,88,118,10,0,3,8,0.7,1,1,1,6,0
2249.33,126,45,19,0,4,8,21.99,1,0,1,12,0
6560.77,264,8,6,0,1,3,23.26,1,1,1,18,0
1582.87,100,74,8,0,4,7,7.01,1,1,1,20,0
482.56,280,10,1,0,2,4,46.3,1,1,1,19,0
15413.62,173,3,9,0,1,6,27.59,1,1,1,18,0
1130.3,173,17,11,0,1,5,1238.94,0,1,1,17,0
2119.12,264,11,16,0,2,4,9.65,1,1,1,11,0
5744.55,72,55,26,0,1,3,4.2,1,1,1,8,0
983.88,138,39,7,0,5,7,16.03,0,1,1,9,1
659.93,159,77,2,0,2,4,2.38,1,1,1,4,0
2330.27,256,42,7,0,4,8,2.42,1,1,1,8,0
300.94,349,32,16,0,3,9,22.79,1,1,1,13,0
1355.73,67,44,0,1,3,6,18.07,1,0,1,16,1
2310.08,174,34,3,0,2,7,14.16,1,1,1,0,0
1380.29,63,2,4,0,2,4,1.15,1,1,1,22,0
386.27,173,68,4,0,3,6,0.74,0,1,1,10,0
8903.31,234,196,5,0,2,4,3.57,1,1,1,20,0
2005.28,126,32,5,0,2,3,73.26,1,1,1,13,0
7563.97,361,33,12,0,2,9,19.09,0,1,1,7,0
1394.04,236,2,16,0,1,9,4.67,0,1,1,15,0
749.94,224,132,28,0,2,3,3.86,1,1,1,18,0
2366.53,190,158,13,0,3,5,21.68,1,1,1,15,0
1457.11,262,100,2,0,1,3,89.74,1,1,1,19,0
556.82,379,6,7,1,1,4,12.52,1,1,1,12,0
7861.91,198,138,15,0,5,5,424.99,1,0,1,0,0
970.42,131,1,7,0,3,9,18.43,1,1,1,6,0
287.07,649,35,2,0,1,1,16.11,1,1,1,9,0
6823.76,194,41,20,0,3,6,2.03,1,1,1,16,0
1091.93,158,107,11,0,4,6,14.63,0,0,1,21,0
984.54,253,83,19,2,4,8,9.79,1,1,1,13,1
309.39,37,95,13,0,5,9,39.81,1,0,1,10,0
10310.74,63,121,13,0,1,3,5.71,1,1,1,18,0
497.96,29,38,8,0,3,5,289.84,1,0,1,9,1
1916.87,36,90,6,0,3,6,4.45,1,0,1,13,0
4503.55,83,4,4,0,2,5,8.89,1,0,1,12,0
2756.5,126,35,12,0,1,2,11.47,1,0,1,13,0
1703.34,122,1,4,0,2,10,0.81,1,0,1,18,1
329.75,161,148,3,0,2,7,22.48,1,1,1,18,0
804.54,216,190,2,0,4,8,0.81,1,1,1,20,0
2181.57,130,5,14,0,3,6,38.7,0,1,1,11,1
822.89,221,45,2,0,1,4,5.51,1,0,1,20,0
2215.78,377,23,15,0,1,3,48.35,1,1,1,11,0
3575.08,549,25,16,0,2,4,7.99,1,1,1,19,0
4733.89,418,35,13,0,4,10,11.56,1,1,1,15,0
530.5,504,8,2,0,1,5,6.73,1,1,1,19,0
16262.97,164,11,15,0,1,5,0.94,1,1,1,10,0
3895.12,41,51,9,0,2,6,11.56,1,0,1,1,0
1804.95,154,1,5,0,2,3,15.88,0,0,1,16,0
5375.12,77,54,4,0,3,7,0.09,1,1,1,8,0
19252.72,165,23,7,0,2,6,7.96,1,1,1,18,0
428.92,62,107,15,0,1,5,4.01,1,1,1,8,0
1443.37,187,54,10,0,2,4,6.51,1,1,1,13,0
167.6,97,73,14,0,2,8,15.26,1,1,1,14,0
2192.18,96,7,6,0,3,6,0.7,1,1,1,22,0
2605.54,349,18,7,0,3,4,22.15,1,0,1,19,0
1738.6,190,342,4,0,3,7,10.89,1,0,1,22,0
939.61,172,34,5,0,4,7,30.64,1,1,1,8,0
232.87,296,26,17,0,1,8,16.73,1,1,1,22,0
2626.83,218,124,6,0,4,5,63.42,0,1,1,6,0
7749.89,292,2,7,0,2,8,4.45,1,1,1,13,0
1001.23,156,45,10,0,2,5,14.72,1,1,1,13,0
2807.53,280,14,7,0,3,5,27.91,0,1,1,3,0
376.85,44,27,27,0,3,9,2.67,0,1,1,15,0
2856.1,154,13,6,0,1,1,1.8,1,1,1,7,0
1220.01,207,2,4,0,1,3,11.33,1,1,1,17,0
843.52,126,32,10,0,2,3,46.6,1,1,1,9,0
845.25,158,93,16,0,2,2,55.18,1,0,1,10,0
1219.73,303,182,7,0,2,5,14.53,1,0,1,18,0
2650.31,309,58,8,0,2,7,43.54,1,1,1,6,0
486.79,206,29,1,0,2,5,5.92,1,0,1,16,0
1215.47,389,88,3,0,4,6,6.69,0,0,1,11,0
1734.59,74,42,15,0,2,4,10.7,1,0,1,10,0
602.42,142,27,2,0,5,8,5.7,1,1,1,0,1
10901.6,146,11,0,0,3,4,20.33,1,1,1,19,0
770.09,366,95,11,0,2,6,13.75,1,1,1,17,0
925.71,236,41,2,0,4,7,28.71,1,1,1,12,0
679.73,431,199,18,0,1,2,28.29,1,0,1,18,0
10921.41,46,97,17,0,3,9,38.56,1,1,1,18,0
3142.91,210,32,8,3,1,6,37.92,1,0,1,13,1
708.68,174,81,5,0,5,6,22.55,0,0,1,12,1
5465.61,15,36,17,0,2,6,19.97,1,1,1,6,0
2209.89,94,4,7,0,5,7,5.21,1,1,1,8,1
2338.47,75,43,24,0,4,5,43.62,1,1,0,11,0
1281.16,234,120,1,0,2,2,20.17,0,1,1,6,0
854.56,355,116,4,0,2,5,8.98,1,0,1,10,0
2534.54,133,51,2,0,4,8,50.62,1,0,1,17,0
1048.29,72,28,1,0,3,6,2.29,1,1,1,19,0
11122.84,61,1,11,0,3,5,28.72,1,0,1,15,1
508.12,445,22,13,0,3,7,30.74,0,1,1,8,0
8401.43,104,275,31,0,3,7,68.07,1,1,1,18,0
1617.57,6,77,5,0,4,5,0.28,1,1,1,20,0
2438.37,112,75,6,0,2,4,412.05,1,1,1,16,0
4159.53,45,85,11,0,3,6,17.05,1,1,1,15,0
962.71,180,58,8,0,2,7,614.14,1,1,1,19,0
4290.89,168,52,5,0,3,5,4.2,1,1,1,17,0
120.6,133,36,19,0,2,3,41.43,1,0,1,4,0
880.08,52,35,7,0,3,8,44.61,1,0,1,19,1
717.62,164,122,1,0,6,8,2.27,1,0,1,10,0
516.2,146,29,6,0,3,7,59.02,1,1,1,9,0
1458.33,158,110,15,0,5,7,32.53,1,0,1,15,0
2659.12,122,109,16,0,5,7,33.63,1,1,1,14,0
3650.65,268,88,18,0,1,1,2.35,1,1,1,13,0
2300.49,314,2,10,0,2,3,40.82,1,1,1,7,0
929.18,61,9,8,0,1,1,1.6,1,1,1,13,0
2614.99,256,22,28,0,2,7,9.3,1,1,1,12,0
2047.32,326,112,10,0,1,7,7.28,1,1,1,4,0
4610.34,582,123,13,0,1,6,14.26,1,1,1,19,0
3932.13,189,2,20,0,2,5,29.85,1,1,1,5,0
1863.99,123,23,2,0,1,4,7.27,1,0,1,10,0
737.12,284,113,10,0,2,6,1.04,1,0,1,19,0
941.1,125,17,5,0,3,5,361.34,0,0,1,16,1
1043.37,337,223,5,0,2,6,37.54,1,1,1,19,0
1319.14,157,40,9,0,3,4,32.47,1,1,1,17,0
2363.86,97,166,4,0,2,8,12.69,0,0,1,20,0
3696.62,182,33,3,0,2,3,12.95,1,0,1,22,0
1717.94,143,23,4,0,3,6,2.33,1,0,1,22,0
1837.43,134,27,5,0,3,7,12.56,1,0,1,10,0
2086.63,30,129,16,0,4,6,39.83,1,1,1,22,0
1079.33,322,24,13,0,3,5,7.91,1,1,1,17,0
716.66,321,66,20,0,2,7,12.63,1,1,1,6,0
312.49,229,38,4,0,3,5,21.4,0,0,1,14,0
902.21,242,170,18,0,2,5,836.71,1,0,1,14,0
2901.97,84,10,13,0,2,2,25.27,1,0,1,15,0
895.24,16,33,9,0,3,7,2.41,1,0,1,8,1
1425.38,194,7,3,0,2,4,31.31,1,1,1,13,0
2882.55,155,51,15,0,2,6,27.63,0,1,1,16,0
3043.27,192,30,8,0,5,11,45.36,1,1,1,22,0
614.29,11,3,18,0,2,3,8.81,1,0,1,13,0
4900.34,262,113,3,0,4,7,50.62,1,0,1,14,0
5582.27,83,28,20,0,2,3,874.12,0,1,0,11,1
584.15,70,40,17,0,3,5,6.23,1,0,1,7,0
793.27,474,31,14,2,5,7,545.86,1,0,1,10,1
5949.67,405,40,21,0,2,12,10.73,1,1,1,9,0
1561.1,30,1,18,0,4,10,6.69,1,1,1,16,1
196.41,99,101,18,0,2,5,9.09,0,1,1,14,0
446.0,135,24,4,0,1,4,71.38,1,1,1,16,0
1408.99,375,77,7,0,1,4,21.65,1,1,1,15,0
565.07,275,4,10,0,3,6,11.37,1,1,1,14,0
1195.81,54,44,9,0,4,7,12.73,1,0,1,18,0
1867.58,179,143,10,3,3,6,15.01,1,1,1,19,1
7802.93,135,30,10,0,4,7,45.92,0,1,1,22,0
1352.28,138,13,18,0,2,5,8.61,1,1,1,19,0
5284.54,106,6,5,0,1,3,9.65,1,0,0,8,1
7545.9,136,117,6,0,1,5,1.66,0,1,1,12,0
7587.9,256,16,3,0,3,4,12.73,1,0,1,18,0
2403.68,148,221,20,0,4,5,0.08,0,1,1,7,0
253.84,158,17,11,0,1,2,17.27,1,1,1,16,0
2866.44,276,39,12,0,2,5,1.56,1,1,1,16,0
5158.49,221,36,13,0,1,2,33.83,1,1,1,11,0
1667.25,278,3,18,0,2,7,30.52,1,1,1,22,0
10348.37,85,45,1,0,3,4,53.97,1,1,1,10,1
4271.98,170,67,40,0,2,7,5.36,0,0,1,17,0
3191.59,167,81,6,0,2,2,8.42,1,0,1,18,0
5358.19,150,44,10,1,4,5,6.52,1,1,1,19,1
2523.42,131,100,36,0,1,7,14.43,1,1,1,4,0
149.48,396,83,3,0,5,7,11.88,1,1,1,11,0
1097.58,121,12,12,0,3,8,59.76,1,0,1,1,1
5985.94,337,30,14,0,2,2,9.45,1,0,1,16,0
806.26,515,9,13,0,1,4,75.51,1,1,1,19,0
1445.96,71,8,10,0,3,5,31.86,1,0,1,23,0
635.98,52,74,5,0,2,5,0.06,0,1,1,18,0
10763.57,25,45,24,0,3,5,10.44,0,1,1,9,0
9715.64,333,55,9,0,1,2,20.24,1,1,1,9,0
747.05,339,79,3,0,2,6,10.22,1,1,1,20,0
2094.98,75,19,1,0,4,6,26.72,1,1,1,19,0
915.53,281,30,12,0,2,6,4.13,1,0,1,12,0
3344.07,94,56,8,0,1,7,15.56,1,0,1,22,0
3009.96,175,6,14,0,3,6,9.19,1,1,1,14,0
4071.25,320,107,3,0,2,3,26.42,0,1,1,19,0
2519.76,222,25,9,0,3,4,40.89,1,1,1,7,0
34043.9,87,64,8,0,2,4,2.58,1,1,1,23,0
646.83,182,325,20,0,1,4,14.47,1,1,1,10,0
326.82,129,38,5,0,1,3,16.01,1,1,1,14,0
1220.37,279,14,1,0,2,5,26.29,1,0,1,14,0
376.91,218,14,29,0,2,7,34.99,1,1,1,21,0
406.48,217,3,0,0,1,3,16.98,1,1,1,18,0
664.27,83,87,10,0,2,6,24.29,0,1,1,13,0
718.96,80,20,14,0,1,3,3.65,1,1,1,11,0
696.02,191,11,11,0,2,4,6.46,1,1,1,10,0
3035.77,303,75,3,0,4,7,25.87,0,1,1,13,0
1089.87,446,22,6,0,1,3,42.79,1,1,1,23,0
1510.94,36,55,8,0,3,5,64.51,1,1,1,12,0
4421.49,176,32,8,1,2,4,32.83,1,1,1,19,1
840.23,321,24,3,0,1,3,12.39,1,1,1,18,0
1387.77,262,40,14,0,4,6,24.06,1,1,1,9,0
2606.49,212,22,9,0,2,5,28.78,1,1,1,15,0
259.42,318,122,29,0,1,5,12.75,1,1,1,5,0
166.52,76,4,6,0,3,6,31.19,1,1,1,14,0
2555.79,268,1,0,0,1,7,4.43,0,1,1,10,0
2957.25,331,31,4,0,2,2,22.95,1,1,1,11,0
14245.84,66,11,0,0,2,4,4.97,1,0,1,19,1
2117.72,218,81,21,3,2,4,19.62,1,0,1,10,1
4104.09,281,26,9,0,4,7,0.39,1,1,1,22,0
1487.02,297,18,7,0,2,6,10.02,1,1,1,17,0
2433.84,33,26,21,0,2,3,29.58,1,0,1,10,0
9578.31,108,14,9,0,1,5,59.51,1,1,1,15,0
216.16,14,21,14,0,2,8,50.27,1,0,1,18,0
2734.26,394,50,13,0,3,7,7.8,1,0,1,17,0
15299.67,134,119,15,0,2,2,9.93,1,0,1,18,0
2397.15,77,27,29,0,5,6,24.8,1,1,1,8,0
9419.84,70,23,8,0,4,6,1163.72,0,1,1,13,1
963.71,112,91,29,0,1,4,2.15,1,1,1,13,0
1751.02,331,1,1,0,4,6,11.9,1,1,1,19,0
1869.68,85,21,11,0,2,3,2.25,1,0,1,11,0
196.84,427,36,10,0,4,8,53.96,1,0,1,5,0
562.18,53,55,10,0,2,3,31.59,1,1,1,16,0
603.73,604,10,10,0,1,2,22.21,1,1,1,17,0
4113.65,114,34,15,0,4,4,4.47,1,1,1,17,0
4324.94,434,50,6,0,5,7,86.63,1,1,1,0,0
2499.98,394,42,4,0,3,9,7.81,0,0,1,14,1
4122.04,393,51,6,0,3,6,4.36,1,1,1,5,0
1534.33,163,65,16,0,2,5,7.72,1,1,1,7,0
6014.52,60,28,4,0,1,8,6.47,1,1,1,17,0
1824.0,203,3,17,0,2,7,10.62,1,1,1,14,0
1915.75,93,3,15,0,1,2,3.18,1,1,1,7,0
1386.32,396,117,3,0,3,7,3.61,1,1,1,16,0
3584.77,195,67,20,0,4,8,16.05,0,1,1,18,0
1186.55,176,86,11,0,2,5,78.55,1,0,1,1,0
4800.29,98,158,29,0,1,3,2.71,1,0,1,4,0
582.8,125,83,1,2,1,3,1.06,0,1,1,19,1
602.5,250,70,15,3,3,7,45.72,1,0,1,21,1
3595.46,223,63,14,0,2,8,59.02,0,1,1,12,0
1654.83,281,17,24,0,3,4,967.67,1,1,1,15,0
1148.38,296,189,8,0,1,4,0.52,1,1,1,9,0
4403.07,313,46,20,0,4,4,23.21,1,1,1,15,0
985.1,68,15,37,0,1,3,25.06,1,0,1,6,0
1480.0,230,14,4,0,2,10,11.35,1,0,1,18,0
7326.32,220,101,5,0,1,5,28.91,1,1,1,9,0
8426.55,51,17,6,0,2,7,24.85,1,1,1,21,0
8711.49,240,2,8,0,3,6,17.73,1,1,1,10,0
1363.59,391,33,3,0,4,5,1112.81,1,1,1,13,1
6190.08,244,102,6,0,3,4,0.28,1,1,1,22,0
699.98,56,32,10,0,2,6,23.22,1,0,1,8,0
730.04,93,97,22,0,2,6,21.21,1,1,1,15,0
172.35,210,105,11,0,4,8,44.57,1,1,1,8,0
9632.21,81,116,3,0,5,8,1.55,1,1,1,18,0
762.06,256,53,25,0,6,9,18.4,1,1,1,19,0
1593.15,178,72,16,0,4,5,7.09,1,1,1,12,0
727.54,308,18,20,0,3,3,45.77,1,1,1,20,0
3623.39,142,6,8,0,5,10,634.66,1,1,1,8,1
1241.86,213,45,11,0,2,3,28.48,1,1,1,3,0
490.38,104,1,19,0,2,6,9.85,1,1,1,11,0
2812.03,537,37,10,0,3,3,13.69,1,1,1,9,0
431.07,173,6,15,0,3,4,4.5,1,0,1,21,0
782.58,65,6,3,0,2,8,3.06,1,1,0,10,0
219.89,337,122,3,0,3,9,8.62,1,1,1,12,0
435.3,139,61,20,0,3,6,28.43,1,1,1,19,0
2161.44,326,62,31,0,5,9,8.06,1,1,1,0,0
253.53,141,31,3,0,1,2,0.33,0,1,1,15,0
411.11,80,31,3,0,2,4,15.02,1,1,1,23,0
1803.76,171,21,12,0,4,7,1.96,1,1,1,8,0
1049.84,62,34,12,0,2,5,19.39,1,0,1,21,0
13253.76,136,53,13,0,2,4,33.84,1,1,1,15,1
11315.14,300,12,6,0,3,6,14.45,1,0,1,19,0
759.06,235,18,10,0,1,5,4.37,0,0,1,20,0
3156.24,190,40,18,0,1,4,20.42,0,1,1,17,0
3824.88,139,29,9,0,5,5,578.67,1,1,1,10,0
994.78,408,102,16,0,4,10,17.15,1,0,1,5,0
405.23,194,103,17,0,4,7,32.89,1,1,1,11,0
1785.94,105,24,18,0,2,3,48.11,1,1,1,20,0
1521.05,294,35,3,1,1,5,740.73,1,0,1,15,1
1169.39,248,225,15,0,3,7,56.76,0,1,1,23,0
2813.87,93,105,2,0,4,5,6.04,0,1,1,17,1
853.44,361,14,16,0,5,9,3.19,1,0,1,9,0
571.35,198,19,16,0,4,6,8.93,1,0,1,19,1
2016.43,215,5,45,0,2,5,2.06,1,1,1,11,0
2659.7,376,67,9,0,1,2,19.4,1,1,1,20,0
557.44,57,22,8,0,1,6,36.64,0,1,1,0,0
4573.76,97,46,4,0,3,6,11.94,1,1,1,15,0
307.82,380,87,3,0,2,5,13.45,1,1,1,17,0
1014.23,92,108,13,0,1,2,9.62,1,1,1,23,0
1396.87,176,23,11,0,2,3,1.94,1,1,1,15,0
956.97,413,16,5,0,3,5,0.73,1,0,1,16,0
1027.56,74,113,16,0,2,7,6.73,1,0,1,20,0
11743.73,29,28,7,0,3,5,436.34,1,1,1,6,1
772.1,67,103,7,0,1,3,8.58,1,0,1,20,0
20769.1,175,9,15,0,3,3,18.56,1,1,1,10,0
2799.31,149,145,1,0,2,6,8.56,1,0,1,14,0
1982.38,137,39,19,0,5,11,30.22,1,1,1,11,0
2910.97,128,11,0,0,2,4,10.4,1,1,1,12,0
22695.63,91,45,1,0,2,5,19.71,1,1,1,20,0
669.42,131,122,7,0,3,4,9.53,1,1,1,1,0
589.68,228,29,1,0,3,4,9.23,1,1,1,18,0
849.91,278,11,2,0,1,4,20.81,1,0,1,18,0
1867.1,244,51,6,0,2,8,1.4,1,1,1,18,0
321.9,129,107,2,0,3,5,63.43,1,0,1,22,0
1848.89,150,7,7,0,2,4,1.6,1,1,1,19,0
9833.47,301,2,10,0,1,5,18.11,1,1,1,10,0
2103.6,298,3,12,0,4,5,14.2,1,1,1,20,1
1349.26,508,15,8,0,2,4,38.45,1,1,1,13,0
974.42,138,1,0,0,3,9,8.11,1,1,1,16,0
4440.45,63,33,11,0,1,4,1.51,1,1,1,15,0
791.69,184,71,21,0,3,8,1.38,1,0,1,18,0
11457.46,253,74,5,0,2,6,73.85,1,1,1,18,0
12498.45,313,60,15,0,2,3,87.09,1,1,1,12,0
2337.3,119,21,4,0,2,6,6.92,0,1,1,12,0
1787.34,205,79,9,0,2,7,19.26,1,1,1,7,0
5067.79,271,51,15,0,2,4,13.05,1,1,1,21,0
5403.48,173,118,4,0,2,4,25.76,1,1,1,21,0
807.55,149,39,9,0,1,8,33.5,0,1,1,17,0
1067.9,231,11,11,0,1,5,14.73,1,1,1,5,0
481.86,27,60,9,0,1,2,8.89,1,0,1,19,0
2721.84,141,9,8,0,1,1,33.44,1,0,1,10,0
3521.45,558,198,5,0,2,5,21.99,1,1,1,22,0
468.75,222,72,24,0,5,9,48.41,1,0,1,21,0
1146.88,567,84,26,0,1,3,2.7,0,1,1,20,0
470.01,194,68,15,0,3,7,31.11,1,1,1,6,0
735.98,360,6,4,0,3,9,60.48,1,1,1,2,0
3136.98,128,37,12,0,3,7,13.88,1,1,1,17,0
868.28,141,63,10,0,2,7,1313.56,1,1,1,18,1
1338.32,108,15,3,0,4,8,7.32,1,1,1,12,0
355.2,343,68,2,0,2,6,10.3,0,0,1,21,0
2179.8,89,102,5,0,3,8,11.01,1,0,1,6,0
1729.74,38,19,4,0,4,4,7.52,1,1,0,14,1
872.22,318,13,15,0,2,8,12.93,1,1,1,12,0
1496.65,82,128,13,0,2,5,69.96,1,1,1,14,0
2165.26,289,1,54,0,2,3,8.98,1,0,1,16,0
800.42,147,17,18,0,3,4,14.07,1,0,1,11,0
413.12,745,31,12,0,2,4,10.19,1,0,1,21,0
10999.16,506,66,7,0,2,4,279.55,1,1,1,14,0
959.8,865,349,10,0,3,6,12.4,1,1,1,6,0
1641.29,74,27,2,0,2,6,8.17,1,1,1,10,0
4968.33,173,178,1,0,1,4,32.4,1,1,1,17,0
61639.32,38,27,14,0,2,2,14.6,1,0,1,11,1
520.88,238,71,5,2,1,5,5.31,1,0,1,10,1
2835.09,82,10,13,0,4,7,24.22,1,1,1,13,1
891.09,180,37,12,0,2,4,6.11,1,1,1,10,0
1054.91,21,123,6,0,4,6,3.1,1,1,1,10,0
879.88,23,23,22,0,1,2,19.01,0,0,1,20,0
586.6,92,6,1,0,2,4,43.83,1,1,1,17,0
1734.91,103,44,1,0,2,5,18.33,1,0,1,19,0
413.85,409,34,4,0,3,6,17.88,0,0,1,5,0
4660.17,132,15,20,0,3,5,0.79,1,0,1,16,0
1910.28,254,141,4,0,4,6,51.79,1,1,1,15,0
2758.48,35,55,7,0,1,3,8.19,1,1,1,23,0
1134.35,215,25,5,0,2,3,24.33,1,1,0,10,0
1252.37,206,333,17,0,2,4,15.4,1,0,1,14,0
2410.44,281,8,15,0,1,3,3.97,1,1,1,10,0
564.51,199,113,7,0,1,4,27.67,1,1,1,13,0
1263.97,538,15,4,0,1,6,10.82,1,1,1,4,0
765.39,137,16,4,2,2,3,6.25,1,1,1,10,1
742.06,86,41,3,0,2,4,10.04,1,1,1,7,0
219.24,290,65,3,0,4,7,9.43,1,1,1,18,0
6900.34,218,70,24,0,2,4,11.91,0,1,1,10,0
910.02,89,1,24,0,5,9,50.74,1,1,1,12,0
5787.04,257,20,9,0,3,6,0.91,1,1,1,10,0
5264.77,348,64,1,0,2,7,23.67,1,1,1,23,0
499.7,224,132,19,0,3,6,9.03,0,1,1,19,0
608.86,199,66,28,0,1,2,25.98,1,1,1,23,0
23400.27,54,18,5,0,3,4,43.82,1,0,1,22,1
10414.2,134,42,7,0,5,8,1.56,1,0,1,10,1
1751.94,85,62,25,0,5,7,5.94,1,0,1,13,0
2338.75,262,8,2,0,1,4,5.9,1,0,1,17,0
962.13,56,47,22,0,3,6,1.93,1,1,1,14,0
2785.97,60,38,9,0,1,4,5.16,1,0,1,12,0
882.55,78,24,21,0,1,4,11.08,1,1,1,16,0
236.9,99,58,28,0,2,5,15.1,1,0,1,22,0
482.24,71,60,3,0,3,4,45.81,1,0,1,13,0
1846.58,130,213,15,0,1,5,101.66,1,1,1,7,0
583.43,139,33,7,0,3,8,13.8,1,1,1,6,0
1690.4,321,45,27,0,2,3,23.35,0,0,1,10,0
617.29,87,10,16,0,5,5,12.47,1,0,1,9,1
826.87,101,47,4,0,1,4,48.15,1,1,1,16,0
4243.59,251,2,9,0,2,4,2.16,1,0,1,18,0
2315.73,285,9,7,0,2,6,12.18,1,1,1,11,0
1790.65,189,11,16,0,1,5,13.16,1,1,1,6,0
4354.5,250,60,14,0,3,6,13.92,1,1,1,14,0
2923.71,37,50,33,0,1,4,17.77,0,1,1,5,0
7681.45,301,95,22,0,3,6,24.15,1,1,1,20,0
1141.55,167,37,17,0,4,8,5.29,1,1,1,16,0
1176.58,256,38,25,0,3,7,11.28,1,1,1,11,0
492.2,202,10,2,0,4,6,12.1,0,1,1,11,0
1177.35,127,81,11,0,3,6,3.8,1,0,1,20,0
4744.64,224,1,2,0,4,9,5.05,1,1,1,20,1
6634.16,113,33,33,0,2,4,1.34,1,1,1,12,0
4723.5,600,12,8,0,4,9,23.66,1,0,1,19,0
300.61,50,88,10,0,2,7,927.38,1,1,1,18,0
5340.88,296,67,6,0,4,5,62.56,1,1,1,10,0
287.57,214,73,13,0,2,3,8.53,0,1,1,3,0
4438.7,172,9,6,0,1,5,10.79,1,1,1,18,0
1251.65,97,66,9,0,3,6,0.47,1,1,1,9,0
3650.19,221,70,8,0,8,11,785.64,1,0,1,13,1
477.02,168,1,21,0,1,4,12.38,1,1,1,14,0
5832.31,44,22,2,0,3,5,0.97,1,1,0,19,1
417.81,262,5,12,0,3,6,5.27,1,1,1,19,0
926.62,225,68,3,0,2,6,42.85,1,0,1,16,0
666.41,86,14,6,0,5,8,60.31,1,0,1,18,1
312.85,330,18,3,0,1,3,25.51,1,1,1,17,0
1987.29,318,4,2,0,2,4,1433.22,1,1,1,10,1
11004.83,67,39,14,0,3,8,28.55,1,0,1,18,0
26027.4,226,2,8,0,2,4,4.63,0,1,1,21,0
1992.52,283,112,3,0,1,4,18.49,1,0,1,18,0
5523.03,54,1,2,0,2,9,17.26,1,1,1,6,1
2280.37,29,3,10,0,2,4,67.19,1,1,1,12,0
2977.63,145,61,9,3,1,3,54.65,0,0,0,17,1
1284.15,116,149,6,0,4,9,0.33,1,1,1,22,0
2197.5,165,133,6,0,4,7,8.58,1,1,1,15,0
3094.8,459,5,21,0,3,6,33.42,1,0,1,16,0
1013.88,288,20,6,0,4,8,6.94,1,1,1,19,0
1673.22,102,44,15,0,4,5,36.66,1,0,1,7,0
1705.43,196,1,6,0,3,6,41.91,1,1,1,12,0
4131.53,181,45,10,0,1,4,4.68,1,1,1,9,0
622.64,314,35,34,0,2,3,48.46,1,1,1,11,0
1717.21,295,53,13,0,2,7,28.05,1,1,1,15,0
12234.38,164,151,27,0,3,4,2.49,1,1,1,10,0
5791.0,255,19,0,0,1,4,20.48,1,1,1,20,0
6968.67,349,61,9,0,1,2,3.32,1,0,1,12,0
1852.76,265,33,16,0,3,6,34.43,1,1,1,11,0
2492.39,100,34,6,0,1,5,41.37,1,1,1,9,0
4925.77,102,62,20,0,3,5,26.03,1,1,1,2,0
8606.35,45,181,9,0,2,4,32.41,1,1,1,22,0
256.83,97,119,5,0,1,3,20.04,1,0,1,7,0
485.2,106,61,2,0,2,10,34.38,1,0,1,20,0
6697.2,21,37,21,0,3,6,8.39,1,1,1,18,0
1370.75,73,33,18,0,2,4,122.39,1,0,1,21,0
923.6,61,92,23,0,2,5,28.41,1,1,1,7,0
515.86,125,14,29,0,1,4,4.18,0,1,1,20,0
1037.93,186,53,0,0,1,2,45.19,0,1,1,7,0
444.8,95,42,11,0,4,5,11.48,1,1,1,7,0
14633.87,423,62,14,0,4,9,4.06,1,1,1,7,0
1767.93,72,12,10,0,5,7,5.39,1,1,1,18,0
1706.24,17,71,4,0,2,5,33.05,0,1,1,9,0
3255.42,159,59,23,0,3,5,39.07,1,0,1,14,0
4733.15,277,11,9,0,6,7,22.73,1,1,1,7,0
4655.89,121,35,15,0,3,5,449.72,1,0,1,21,0
5290.26,131,68,10,0,4,9,8.77,1,1,1,17,0
962.13,505,139,7,0,2,9,16.97,1,1,0,7,0
1342.29,292,7,20,0,1,1,86.76,1,1,1,16,0
3901.17,198,1,1,0,1,4,44.95,1,0,1,22,0
1067.01,166,10,8,0,1,1,41.32,1,1,1,22,0
1798.83,26,272,12,0,3,8,15.4,1,0,1,21,0
2693.95,368,87,6,0,4,6,17.47,1,1,1,8,0
3964.7,167,57,22,0,2,6,0.53,1,0,1,18,0
305.61,54,8,3,0,2,5,29.61,1,1,1,7,0
3695.04,248,32,1,0,3,7,0.93,1,1,1,13,0
1431.21,299,75,8,0,3,4,0.28,0,1,1,18,0
3668.2,129,135,12,0,5,6,7.6,1,0,1,19,0
3932.11,109,28,0,0,1,4,25.02,0,0,1,23,0
9026.46,149,484,30,0,2,3,15.69,1,0,1,14,0
6998.52,93,9,24,0,4,8,2.82,1,1,1,10,0
6950.52,70,29,16,0,2,2,398.77,1,1,1,13,0
7659.26,160,124,7,0,4,7,6.36,1,1,1,7,0
2419.65,290,62,1,0,3,5,4.58,1,1,1,22,0
1867.18,476,99,29,0,1,3,65.2,1,1,1,7,0
4327.81,167,143,9,0,2,7,1.3,1,1,1,7,0
3759.65,425,42,3,0,4,7,22.45,1,1,1,14,0
1327.34,68,16,8,0,3,10,72.71,1,1,1,17,0
2710.32,282,70,15,0,1,4,3.98,1,0,1,17,0
1745.69,127,49,23,0,3,3,43.32,1,0,1,20,0
769.75,590,88,7,0,2,8,9.0,1,1,1,8,0
6571.26,101,43,24,0,2,7,259.14,1,0,1,16,0
1910.65,197,99,4,0,2,3,14.71,1,0,1,15,0
14026.56,42,139,16,0,3,4,4.28,1,0,1,13,0
355.85,119,83,6,0,2,4,12.41,1,0,1,23,0
1036.1,318,81,19,0,3,9,6.49,0,1,1,15,0
1868.03,276,53,10,0,4,9,18.65,1,1,1,8,0
5638.54,198,38,10,0,2,2,22.95,0,1,1,21,0
2695.85,284,215,16,0,2,9,9.44,1,1,1,22,0
2466.3,156,62,13,0,2,5,42.49,1,0,1,8,0
585.66,452,110,20,0,5,6,5.23,1,1,1,1,0
568.53,39,42,13,0,3,5,29.27,0,1,1,15,0
2496.15,194,48,13,0,5,8,21.27,1,1,1,13,0
462.15,46,65,2,0,1,2,17.36,1,0,1,18,0
1062.23,74,78,8,0,2,4,103.96,1,1,1,9,0
2983.69,112,35,2,0,2,4,1.41,1,0,1,13,0
677.0,130,26,4,0,5,7,8.47,1,1,1,13,0
9003.39,158,16,7,0,1,4,36.83,0,1,1,18,0
6148.33,160,33,3,0,4,9,1.37,1,1,1,10,0
375.62,107,14,12,0,2,4,5.06,1,1,1,12,0
711.68,169,32,42,0,1,5,10.41,1,1,1,13,0
183.87,59,124,2,0,6,7,1.89,1,1,1,11,0
826.67,296,226,5,0,2,4,8.33,1,1,1,8,0
3890.87,253,51,5,0,1,2,18.7,1,1,1,7,0
1195.24,447,9,3,0,3,10,9.64,0,0,1,19,0
2866.36,225,33,13,0,1,2,6.25,1,1,1,12,0
394.52,244,55,3,0,3,4,55.11,1,1,1,7,0
4015.73,241,27,12,0,4,6,19.68,1,1,1,16,0
1037.83,86,13,7,0,1,4,1.41,1,1,1,19,0
1830.18,193,15,2,0,3,9,12.85,1,0,1,14,1
1647.68,123,38,2,0,3,6,26.27,0,0,1,19,1
506.97,207,14,6,0,3,4,73.43,1,0,1,4,0
570.73,229,17,10,0,3,10,12.05,1,0,1,14,0
4759.01,273,123,23,1,6,9,9.07,1,0,1,17,1
2694.57,240,90,19,0,2,4,0.31,1,1,1,18,0
5167.01,244,3,10,0,2,5,13.82,1,1,1,8,0
2501.53,128,23,11,1,4,9,65.41,1,1,1,11,1
2085.97,745,45,9,0,1,7,1179.34,1,1,1,14,0
321.82,233,3,14,0,4,9,9.13,0,1,1,8,0
1379.72,176,68,18,0,2,7,675.24,0,0,1,14,1
1759.2,349,29,5,0,2,5,0.83,1,1,1,16,0
12747.71,138,30,9,0,1,3,26.77,1,0,1,4,1
3593.77,48,18,1,0,5,10,20.42,1,1,1,5,1
8400.62,100,24,5,0,7,10,123.31,1,1,1,17,1
3286.37,71,118,7,0,4,6,374.22,0,0,1,5,1
887.76,211,93,9,0,2,5,10.69,1,1,1,19,0
2032.71,292,164,1,0,5,9,50.26,1,0,1,12,0
2289.81,63,72,7,0,2,9,1468.62,1,1,1,12,1
706.87,252,51,0,0,2,6,13.19,0,1,1,7,0
1231.04,240,18,17,0,2,6,36.02,1,0,1,14,0
1471.79,434,65,1,0,2,3,22.73,1,1,1,9,0
9005.76,327,141,13,0,3,6,14.42,1,1,1,9,0
225.71,100,4,16,0,1,4,10.83,1,1,1,18,0
6037.94,129,35,10,0,3,5,5.95,1,0,1,17,0
708.54,138,9,1,0,3,7,9.25,1,0,0,22,1
458.48,396,99,12,0,2,5,4.26,1,1,1,20,0
5883.71,452,57,12,0,3,4,13.04,1,0,1,17,0
3758.96,234,127,3,0,2,4,6.2,1,0,1,17,0
6339.27,53,3,2,0,4,7,7.84,1,1,1,21,0
4026.7,152,141,22,0,2,5,1.09,1,0,1,13,0
14183.65,571,4,3,0,1,5,46.97,1,1,1,13,0
3161.25,179,20,5,0,2,2,61.32,1,1,1,9,0
1546.15,10,10,17,0,2,5,9.85,1,1,1,1,0
2547.65,167,9,7,0,2,4,818.95,1,1,1,18,1
6269.61,362,11,5,0,3,6,19.33,1,1,1,8,0
829.34,41,39,2,0,3,5,12.64,0,1,1,12,0
942.1,56,92,3,0,4,8,6.85,1,1,1,19,0
1327.48,387,137,9,0,1,6,29.89,1,0,1,7,0
220.39,259,50,1,1,3,5,51.42,0,0,1,19,1
2075.75,254,10,11,0,3,7,38.47,1,1,1,13,0
274.2,33,4,6,0,1,4,26.99,1,1,1,16,0
1906.57,107,40,21,0,2,4,994.55,1,0,1,22,1
4295.36,238,86,8,0,1,6,1009.17,1,1,1,22,0
1122.29,70,58,24,0,2,8,36.87,1,0,1,18,0
9673.21,227,52,2,0,3,6,18.25,1,0,1,14,1
419.68,71,2,3,0,2,3,48.77,1,0,1,7,0
5950.68,49,31,7,0,2,9,36.51,1,0,1,21,0
3551.54,233,47,16,0,2,5,3.92,1,1,1,21,0
325.05,180,54,20,0,2,5,786.01,1,1,1,16,0
27195.16,153,1,6,0,1,4,10.55,1,1,1,21,0
1696.38,164,13,3,0,3,5,29.66,1,1,0,11,1
751.83,164,179,1,0,2,5,20.26,1,1,1,13,0
442.71,38,42,5,0,3,6,15.21,1,1,1,1,1
1450.96,291,72,4,0,3,6,1.93,0,1,1,9,0
1591.76,373,22,3,0,1,7,1.96,1,1,1,16,0
2003.49,478,52,4,0,1,3,38.39,1,0,1,10,0
1342.39,207,26,8,1,1,5,2.88,1,1,1,7,1
3405.77,49,21,19,0,1,3,9.36,1,0,1,16,0
1227.05,286,31,3,0,2,3,28.95,1,1,1,17,0
261.13,187,36,10,3,2,5,1434.75,1,0,1,0,1
1557.19,197,24,2,0,2,5,6.61,0,1,1,14,0
169.44,86,17,4,0,3,4,16.26,0,1,1,18,1
2575.43,226,58,6,0,1,6,13.95,1,1,1,17,0
679.05,291,28,9,0,3,4,5.17,1,1,1,10,0
2128.9,188,13,14,0,3,4,22.06,1,1,1,18,0
6728.28,119,85,3,0,2,6,1.17,1,1,1,19,0
700.12,126,77,5,2,3,13,29.02,0,1,1,19,1
5225.24,200,130,30,0,3,5,53.35,1,1,1,16,0
1172.17,122,48,12,0,1,7,26.15,1,1,1,11,0
10437.86,65,19,7,0,1,6,10.91,1,0,1,9,0
1254.95,282,119,8,0,2,5,2.17,1,1,1,22,0
780.17,174,19,13,0,3,5,8.95,1,1,1,0,0
3594.78,190,63,8,0,2,3,17.33,1,0,1,20,0
1169.36,103,12,19,0,1,4,7.12,1,1,1,11,0
779.42,65,59,8,0,4,6,14.11,1,1,1,10,1
1121.21,90,110,11,0,2,7,6.74,1,1,1,7,0
1729.16,114,46,2,0,4,7,40.33,1,1,1,9,0
6920.06,121,38,6,0,3,6,1056.15,0,1,1,19,1
261.36,155,301,10,0,2,4,16.12,1,0,1,6,0
1850.26,315,1,7,0,6,6,0.12,0,0,1,8,1
3377.54,264,24,7,0,1,3,9.28,1,1,1,8,0
2193.93,251,150,4,0,2,5,16.59,1,1,1,22,0
6700.02,67,61,8,0,2,3,3.74,1,0,1,8,0
1678.5,241,46,12,0,1,2,1517.4,1,1,1,5,1
1503.35,310,60,11,0,1,4,4.06,0,0,1,9,0
3269.29,120,23,23,0,1,4,20.59,1,1,1,17,0
1996.83,64,4,24,0,2,4,39.81,1,1,1,9,0
1223.65,230,19,14,0,5,12,23.91,1,1,1,8,0
3029.47,261,24,21,0,2,8,1.8,1,0,1,17,0
941.5,165,39,10,0,1,3,76.78,1,1,1,12,0
981.25,289,30,14,0,2,3,19.53,1,1,1,19,0
1066.36,173,44,6,0,5,9,37.35,1,1,1,10,0
6995.83,81,13,26,0,3,8,0.92,1,1,1,8,0
72.17,172,12,10,0,2,4,692.34,0,0,1,4,1
2685.44,186,26,14,0,2,2,45.8,1,1,1,13,0
1871.08,163,38,12,0,1,5,4.17,0,0,1,16,0
336.68,53,25,19,0,1,4,43.44,1,1,1,18,0
2464.46,424,51,0,0,1,5,6.02,1,1,1,13,0
2909.55,570,22,5,0,4,7,47.97,0,0,1,14,0
3260.51,141,11,17,0,4,7,3.83,1,0,1,13,1
127.51,151,119,8,0,3,8,1382.12,1,1,1,5,1
7089.64,173,13,2,0,4,5,36.13,1,1,1,17,0
864.6,158,204,15,0,2,7,0.65,1,1,1,21,0
3592.37,83,262,29,0,4,4,32.22,1,1,1,11,0
3793.61,275,71,13,0,2,6,15.13,1,1,1,8,0
752.43,284,41,12,0,5,5,8.29,1,0,1,9,0
3499.8,155,95,6,0,3,5,10.29,1,1,1,22,0
1229.68,148,123,26,0,2,8,9.36,1,0,1,10,0
227.84,145,74,10,0,3,6,53.97,1,1,1,11,0
5812.36,271,6,13,0,3,7,11.25,1,0,1,10,0
832.93,170,1,2,0,3,5,18.0,1,1,1,10,0
769.32,140,12,7,0,2,5,29.31,0,1,1,1,1
1208.26,65,12,14,0,2,4,0.02,1,1,1,8,0
2373.77,298,12,1,0,1,5,12.03,1,1,1,10,0
1707.4,97,42,8,0,2,5,0.98,0,1,1,9,0
3127.74,64,44,19,0,2,5,11.15,1,1,1,2,0
473.67,242,77,14,0,2,6,0.95,1,1,1,15,0
860.59,169,13,18,0,3,9,22.08,1,0,1,15,0
1610.02,588,5,5,0,3,7,1.39,1,0,1,21,0
12062.87,57,65,8,0,1,4,5.86,1,1,1,10,0
1613.54,110,39,12,3,2,3,19.37,1,1,1,13,1
5351.98,242,65,6,0,3,6,8.98,0,1,1,19,0
1879.11,163,28,5,0,4,10,1431.29,1,1,1,17,1
1114.7,188,83,6,0,5,7,12.38,0,1,1,16,1
1412.72,187,68,3,0,3,9,3.28,1,1,1,20,0
1527.79,40,63,5,0,3,7,16.97,1,1,1,9,0
3306.5,195,1,14,0,3,5,957.88,1,0,1,17,1
7148.17,265,117,1,0,2,5,10.93,1,1,1,14,0
2590.69,87,28,9,0,2,5,22.91,1,1,1,11,0
5925.84,91,8,14,0,3,8,14.82,1,1,1,9,0
688.98,123,84,5,0,3,3,12.72,1,1,1,10,0
1194.36,62,39,5,0,4,6,20.75,1,0,1,15,1
876.29,79,1,4,0,1,3,8.38,0,1,1,11,0
2476.11,175,91,10,0,4,7,727.51,1,1,1,23,0
1262.74,353,34,14,0,3,6,12.8,1,1,1,20,0
3750.98,113,84,15,0,4,9,1430.23,1,0,1,21,1
712.66,447,84,11,0,2,4,39.78,1,1,1,9,0
1887.54,112,6,14,0,2,5,57.36,1,1,1,15,0
3593.41,280,56,24,0,2,5,10.16,1,1,1,17,0
229.22,95,26,0,0,4,7,14.42,0,1,1,11,0
15087.64,214,47,8,0,1,2,1506.5,1,1,1,20,1
1362.19,411,5,22,0,1,2,1436.1,1,0,1,16,1
238.64,246,53,7,0,3,7,25.21,1,0,1,13,0
2117.72,152,90,3,0,4,7,61.43,0,0,1,1,1
1869.53,145,259,16,0,3,5,17.74,1,0,1,19,0
1665.87,216,23,35,0,5,8,33.24,1,0,1,10,0
4871.67,260,10,1,0,4,5,39.01,1,0,1,16,1
3817.86,279,27,20,0,2,4,5.79,1,1,1,6,0
2435.42,177,1,3,0,4,9,8.8,1,1,1,16,0
2836.02,210,31,7,0,2,6,252.32,1,1,1,17,0
1628.87,92,147,14,1,1,4,74.65,1,0,1,20,1
10673.2,229,12,8,0,1,3,5.17,1,1,1,11,0
411.91,97,38,14,0,3,5,38.01,1,1,1,15,0
2079.02,189,51,9,0,1,5,20.5,1,0,1,1,0
1929.52,132,11,16,0,6,8,1.04,1,0,1,11,1
4077.67,385,24,4,3,2,7,9.21,0,1,1,3,1
777.55,176,145,14,0,2,6,888.88,1,0,1,13,0
316.18,410,21,8,0,3,9,9.66,1,1,1,17,0
2115.03,164,60,6,0,2,2,26.58,1,0,1,6,0
2395.22,453,8,2,0,3,7,1157.81,0,1,1,7,1
8019.24,236,66,2,0,4,4,11.79,1,1,0,9,0
507.57,42,19,10,0,3,5,6.42,1,1,1,18,0
5737.01,134,15,3,0,2,4,2.58,0,1,1,20,0
19291.39,103,7,2,0,1,2,21.15,0,1,1,16,0
1239.22,66,2,25,0,3,11,391.3,1,0,1,10,1
497.23,99,206,7,0,2,6,49.44,1,1,1,12,0
1203.54,116,32,6,0,1,11,4.4,1,1,1,11,0
1833.54,45,90,1,0,4,7,24.3,1,0,1,20,0
3177.3,150,151,9,0,1,3,57.86,1,1,1,6,0
1000.85,229,13,17,0,2,6,6.35,1,1,1,16,0
8562.94,597,122,10,0,3,6,3.62,1,0,1,18,0
593.16,362,73,23,0,3,3,16.99,0,1,1,8,0
317.6,146,51,18,0,2,4,59.12,0,1,0,23,0
5468.23,173,99,6,0,4,7,8.97,0,1,1,23,0
185.93,242,7,8,0,2,2,81.84,1,1,1,14,0
1474.2,154,18,18,0,4,6,6.81,1,0,1,17,0
40850.78,178,8,1,1,1,6,6.57,1,0,1,16,1
1786.4,99,135,5,0,2,2,1.69,1,1,1,12,0
589.48,168,6,8,0,2,3,1306.67,1,1,1,12,1
1707.19,184,234,16,3,3,7,40.25,1,0,1,23,1
1718.49,68,6,15,0,1,4,11.15,1,1,1,19,0
2123.14,238,65,5,0,1,3,13.61,1,1,1,4,0
3506.11,246,64,16,0,3,4,20.32,0,0,1,11,0
639.63,252,160,31,0,1,3,4.2,1,1,1,19,0
9774.65,101,23,15,0,1,5,27.13,0,1,1,18,0
2310.26,410,24,8,0,2,7,36.34,1,1,1,1,0
3739.82,135,112,14,0,2,5,6.62,1,0,1,11,0
964.73,73,230,3,0,1,4,15.0,1,0,1,20,0
6544.51,393,1,1,0,4,9,8.75,1,1,1,10,0
1398.21,84,60,14,0,2,4,1.48,1,0,1,17,0
2386.43,207,16,15,0,3,7,1.71,1,1,1,15,0
711.16,112,78,10,0,1,5,1.23,1,1,1,0,0
667.19,52,88,11,0,2,6,1251.82,1,1,1,21,0
3598.26,82,86,14,0,1,4,20.82,1,1,1,1,0
1160.25,366,34,12,0,3,4,27.73,0,1,1,16,0
769.84,174,10,11,0,1,3,76.18,1,1,1,4,0
950.34,120,52,12,0,3,5,36.9,1,1,1,22,0
3637.14,141,93,6,0,6,8,1326.16,0,1,1,15,1
963.88,75,145,0,0,4,5,6.16,1,1,1,21,0
1607.35,94,36,5,0,2,7,25.65,0,0,1,15,0
1835.42,280,16,19,0,4,4,11.84,1,1,1,15,0
265.78,196,7,5,0,4,8,40.75,1,1,1,15,1
415.25,168,95,22,0,4,6,319.98,1,1,1,13,0
2530.77,149,45,9,0,5,8,33.45,1,1,1,9,0
865.21,46,67,5,0,1,4,48.14,1,1,1,11,1
5201.62,158,10,12,0,2,5,81.95,1,1,1,10,0
4754.31,280,1,17,0,5,8,16.13,1,0,1,8,1
3711.42,110,205,22,0,2,3,16.23,1,0,1,18,0
11156.44,159,99,22,0,1,6,35.54,1,1,1,15,0
1663.89,24,30,1,0,3,5,22.01,1,0,1,7,1
3459.51,347,36,6,0,3,6,7.91,1,1,1,6,0
1007.87,413,158,7,0,3,7,21.87,1,1,1,17,0
21001.94,412,13,8,0,3,3,47.72,0,0,1,17,1
13142.86,50,97,23,0,3,5,76.08,0,0,1,17,0
1829.65,294,1,12,0,1,3,43.57,1,1,1,17,0
2661.34,16,125,4,0,5,8,6.31,1,1,1,20,0
7039.54,305,53,5,0,3,4,146.86,1,1,1,9,0
1560.65,166,38,4,0,3,6,16.43,1,0,1,12,0
937.65,131,73,2,0,2,3,61.1,1,0,1,8,0
4332.89,293,4,9,0,3,8,33.08,1,0,1,14,0
1955.57,180,13,14,0,2,4,1.07,1,1,1,10,0
2171.11,93,31,8,0,3,4,21.92,1,1,1,14,0
785.04,256,57,1,0,3,7,9.68,1,1,1,18,0
324.51,340,9,11,0,4,8,19.9,1,0,0,16,0
2289.62,280,28,11,0,1,3,8.21,1,0,1,17,0
4469.19,291,18,1,0,1,3,31.34,1,1,1,0,0
1442.59,74,62,8,0,5,9,3.84,1,1,1,14,1
7604.0,118,151,6,0,2,5,3.81,0,0,1,12,0
894.34,198,10,4,2,2,4,9.96,1,0,1,15,1
629.73,387,12,8,3,1,4,28.13,1,1,1,21,1
1690.48,96,55,12,0,2,4,22.78,0,0,1,13,0
1664.71,375,36,11,0,3,6,19.18,0,1,1,12,0
3904.83,40,75,6,0,2,6,24.63,1,1,1,16,0
833.0,347,20,4,0,3,4,3.8,1,1,1,16,0
7101.73,328,47,2,0,4,5,886.97,1,1,1,16,1
12924.98,511,29,5,0,2,5,9.76,1,1,1,14,0
1738.64,303,19,8,0,3,7,17.39,1,0,1,4,0
6308.86,209,78,26,0,1,4,22.6,0,1,1,16,0
628.6,132,95,19,0,4,9,3.07,0,1,1,15,0
5298.73,122,23,4,0,3,5,40.0,1,1,1,19,0
5152.7,162,58,5,0,1,6,3.82,1,1,1,14,0
4287.41,126,11,3,0,3,5,2.32,1,1,1,9,0
1780.12,256,93,21,0,1,2,0.84,1,1,1,12,0
94.23,299,19,24,0,3,6,17.58,1,0,1,20,0
951.72,90,11,14,0,3,8,18.11,1,1,1,16,0
966.89,308,168,6,0,1,2,4.67,1,0,1,9,0
679.76,219,32,8,0,1,3,11.22,1,1,1,15,0
2043.14,139,61,3,0,4,7,4.91,1,1,1,16,0
1189.2,342,99,8,0,4,7,0.23,1,1,1,8,0
792.65,101,69,2,0,3,5,15.39,1,1,1,19,0
627.16,65,49,4,0,2,6,26.82,1,0,1,16,0
884.03,97,27,4,0,3,9,6.38,1,1,1,1,1
5549.7,118,150,16,0,2,2,239.02,1,1,0,5,0
933.53,334,8,5,0,4,8,26.36,1,0,1,7,0
1080.37,324,129,4,0,1,4,4.31,1,1,1,9,0
1145.16,175,74,1,1,4,6,35.41,1,1,1,0,1
2537.65,34,50,4,2,1,4,1.47,1,1,1,15,1
2853.35,105,23,1,0,3,3,11.12,1,0,1,15,0
86.09,481,9,11,0,2,5,3.32,1,1,1,8,0
5022.26,287,35,31,0,4,7,4.26,1,0,1,10,0
7603.53,32,91,11,0,3,4,3.91,1,0,1,0,0
632.58,20,82,7,0,2,6,4.36,1,1,1,13,0
683.82,279,62,14,0,3,5,39.64,1,1,1,22,0
1152.57,381,293,8,0,2,5,41.86,1,1,1,18,0
848.95,79,215,10,0,5,8,0.6,1,1,1,16,0
2261.82,101,30,30,0,2,4,4.1,1,0,1,12,0
258.13,317,12,13,0,1,5,49.13,1,0,0,17,0
591.15,139,37,2,0,3,5,2.03,1,0,1,18,0
8427.01,152,111,11,0,3,8,23.76,1,1,1,17,0
714.64,148,36,15,0,4,8,1.22,1,0,1,10,0
6269.35,187,24,18,0,1,3,2.11,1,1,1,18,0
2579.47,212,81,13,0,2,3,16.28,1,1,1,5,0
296.11,506,63,7,0,3,9,0.68,1,1,1,10,0
3412.94,132,207,11,0,2,4,43.56,1,1,1,9,0
1607.33,152,47,4,0,1,3,8.72,1,1,1,12,0
1146.57,73,205,15,0,2,5,53.53,1,1,1,15,0
2309.89,185,20,17,0,2,6,1285.38,0,1,1,20,1
2906.29,332,120,3,0,3,6,4.93,1,1,1,10,0
3668.7,101,25,1,0,6,9,6.51,1,0,1,10,1
5873.78,90,99,0,0,4,5,5.37,1,1,1,10,0
2719.32,314,156,10,0,2,4,13.56,1,1,1,11,0
456.85,212,58,16,0,2,5,3.42,1,1,1,13,0
1125.92,91,78,6,0,3,4,2.29,1,1,1,21,0
34305.07,192,191,8,0,3,5,9.28,0,0,1,13,0
3731.22,84,28,9,2,1,6,2.7,1,1,1,10,1
19327.56,136,42,9,0,3,3,18.59,1,1,1,8,0
7298.57,145,137,5,0,2,4,18.81,1,1,1,9,0
2302.62,311,67,2,0,2,6,10.77,1,1,1,8,0
2444.04,247,124,10,0,2,4,14.86,1,1,1,5,0
1743.1,323,57,10,0,3,5,68.93,1,1,1,11,0
318.05,134,80,18,0,1,6,37.27,1,1,1,16,0
1840.97,232,1,10,0,1,3,25.53,1,1,1,1,0
6067.33,44,24,15,1,3,7,30.14,1,0,1,12,1
992.63,88,88,9,0,4,8,228.94,1,1,1,15,0
2729.72,65,31,19,0,6,8,6.26,1,0,1,11,1
4236.92,283,27,2,0,1,3,0.7,1,1,1,10,0
728.01,454,181,7,0,4,8,3.34,1,1,1,18,0
1151.36,149,48,8,0,2,4,25.9,1,0,1,9,0
653.33,243,12,15,0,2,5,1.07,1,1,1,14,0
794.6,239,38,6,0,2,6,4.69,1,1,1,19,0
498.89,428,43,10,0,2,10,2.96,1,1,1,10,0
734.77,136,269,2,0,2,6,17.27,1,0,1,5,0
7476.02,182,75,5,0,3,4,10.61,1,0,1,18,0
723.81,90,43,4,0,4,5,62.22,0,1,1,9,0
2051.77,69,33,4,0,1,1,12.01,1,1,1,17,0
1093.49,263,148,4,0,1,2,0.04,1,1,1,16,0
5877.38,104,62,4,0,1,2,48.0,0,1,1,9,0
6708.71,109,26,22,0,6,11,4.28,0,1,1,10,1
4290.12,228,37,3,0,1,5,8.84,1,1,1,13,0
2455.62,143,19,10,0,4,5,14.14,1,0,1,22,0
1435.03,267,193,3,0,1,10,24.78,1,0,1,19,0
549.01,270,72,6,0,2,3,5.09,1,1,1,6,0
12626.19,193,29,9,0,3,6,3.14,1,0,1,15,0
845.84,179,12,2,0,2,2,6.9,1,1,0,15,0
3510.97,449,11,10,0,2,6,13.3,1,1,1,12,0
5216.41,157,38,6,0,3,7,20.41,0,0,1,14,1
1037.66,277,37,10,0,3,3,30.05,1,1,1,14,0
5105.19,85,32,12,0,6,11,6.44,1,0,1,8,1
3882.42,176,114,4,0,2,3,32.6,1,0,1,9,0
10177.8,278,232,11,0,2,6,19.15,1,0,1,21,0
1130.77,93,26,14,0,2,5,26.03,1,1,1,6,0
499.76,163,20,17,0,3,7,71.18,1,1,1,7,0
1090.63,173,88,10,0,3,4,39.24,1,1,1,0,0
2227.99,97,35,6,0,2,2,6.18,0,1,1,5,0
1916.42,109,14,14,0,2,3,24.51,0,1,1,7,1
1219.95,83,11,4,0,2,5,8.9,1,1,1,14,0
267.95,30,19,11,0,1,5,35.17,1,1,1,16,0
2894.25,86,1,7,0,3,8,26.05,1,1,1,23,1
12995.32,192,170,18,0,4,7,2.42,1,1,1,19,0
2876.27,112,33,8,0,2,5,28.76,1,1,1,15,0
3324.7,164,5,4,0,1,6,8.32,1,1,1,9,0
3204.93,180,10,3,0,3,6,15.58,1,1,1,8,0
2689.33,148,23,10,0,1,2,39.46,1,1,1,18,0
4590.14,276,48,9,0,2,2,17.53,1,1,1,19,0
2684.83,542,72,2,0,1,3,38.06,1,1,1,20,0
1322.56,87,22,34,0,2,5,2.78,1,1,1,23,0
815.67,311,189,8,0,4,7,0.36,1,1,1,10,0
1409.55,98,85,10,0,6,10,43.04,1,1,1,14,0
2475.33,217,104,16,0,3,7,15.95,1,1,1,17,0
1318.06,64,23,11,0,2,5,55.31,1,0,1,18,0
2475.85,207,28,3,0,2,3,73.79,1,1,1,23,0
2804.98,130,46,7,0,2,4,8.5,1,0,1,20,0
4159.62,128,36,3,0,1,3,12.5,1,1,1,13,0
6521.08,192,18,4,0,4,8,74.3,1,1,1,2,1
1954.73,80,354,6,0,4,7,28.04,1,1,1,3,0
488.93,79,113,10,0,5,7,35.02,1,1,1,17,0
1280.36,134,16,7,0,2,4,4.95,1,1,1,20,0
1889.49,306,133,4,0,1,4,37.25,1,0,1,7,0
288.37,136,53,21,0,1,3,38.46,1,1,1,20,0
7249.33,549,1,14,0,1,6,26.28,1,1,1,18,0
2084.7,645,25,12,0,3,6,71.68,1,1,1,8,0
2647.45,162,1,3,0,2,3,517.6,1,1,1,21,1
7083.52,439,5,6,0,3,8,18.24,0,0,1,10,0
962.81,89,11,4,0,5,11,33.21,1,1,1,14,1
3210.05,175,39,3,0,3,4,7.19,1,1,1,23,0
1619.93,197,28,9,0,2,7,1295.09,1,0,1,17,1
1504.04,247,9,7,0,3,5,3.46,1,1,1,15,0
835.31,56,30,14,0,1,4,6.72,1,1,1,12,0
9562.49,189,21,6,0,2,5,22.63,1,1,1,19,0
1242.03,363,31,2,0,2,7,23.72,1,1,1,18,0
3639.0,27,11,34,0,3,4,14.74,1,1,1,19,0
277.27,93,56,6,0,1,1,5.82,1,1,1,20,0
5883.98,368,2,15,0,1,1,20.5,1,1,1,14,0
5178.19,110,29,6,0,2,7,6.5,1,1,1,9,0
1993.08,185,135,7,0,3,5,0.56,1,0,1,6,0
1440.95,222,32,5,0,1,3,18.95,0,1,1,7,0
2697.28,93,34,4,0,3,6,1.31,1,1,1,8,0
17832.73,71,4,4,0,2,4,9.11,0,1,1,22,1
310.06,147,55,11,0,1,2,25.22,1,1,1,17,0
3952.2,326,165,8,0,2,6,37.98,1,1,1,16,0
726.6,190,20,6,0,2,6,8.83,1,1,0,19,0
1772.39,72,29,9,0,3,9,11.26,1,1,1,6,0
1411.09,279,53,22,0,4,4,1.39,1,0,1,17,0
1178.13,75,5,0,0,2,9,0.86,1,0,1,18,1
1789.22,218,180,23,0,2,7,3.83,0,1,1,15,0
581.63,153,37,21,0,4,6,5.41,1,1,1,9,0
5060.3,124,7,25,0,3,6,6.96,0,1,1,5,0
300.62,142,24,3,0,6,7,13.79,1,1,1,17,1
3101.88,156,28,3,0,1,3,64.92,1,1,1,15,0
1304.36,165,25,16,0,4,7,32.9,0,1,1,18,0
560.64,197,70,5,0,2,5,7.19,0,0,1,7,0
2213.62,305,25,5,0,2,3,42.7,1,1,1,16,0
381.1,475,23,3,0,1,3,20.51,1,1,1,15,0
1881.29,169,23,3,0,4,8,23.5,1,1,1,9,0
435.77,284,90,6,0,2,3,29.15,1,1,1,18,0
2867.72,183,22,11,0,2,6,10.26,1,1,1,5,0
717.41,136,1,23,0,2,4,3.96,1,0,1,15,0
1151.71,204,27,18,0,2,3,8.61,1,1,1,9,0
2425.88,55,19,1,0,3,5,85.93,1,1,1,8,0
835.02,84,143,17,0,4,8,3.18,1,0,1,19,0
1706.22,67,38,9,0,1,8,60.73,0,1,1,12,0
397.89,196,16,8,0,6,9,66.7,0,1,1,12,1
3397.77,34,239,10,0,1,3,23.53,1,1,1,14,0
10560.9,62,17,14,0,5,6,31.2,1,1,1,12,1
29501.87,42,86,8,0,3,6,8.9,1,0,1,21,0
1980.63,172,62,13,0,2,7,11.51,0,1,1,6,0
3976.69,123,37,13,0,1,4,0.23,1,1,1,18,0
304.71,143,31,10,0,2,6,7.09,1,0,1,5,0
8125.27,218,123,3,0,1,4,36.57,1,1,1,16,0
3929.35,160,38,10,0,3,8,30.04,0,0,1,18,1
1114.39,132,28,23,0,2,4,6.54,0,1,1,21,0
6230.31,33,26,28,0,5,7,16.97,1,1,1,8,0
1401.82,218,19,12,0,2,5,3.83,1,0,1,21,0
1143.64,31,31,27,0,2,4,27.9,0,1,1,13,0
2908.33,191,7,4,0,4,8,3.07,1,0,1,20,1
624.31,825,4,14,0,3,8,11.87,1,0,1,19,0
5022.21,242,46,19,0,1,2,5.78,0,1,1,16,0
628.92,105,36,6,1,2,5,1.73,1,0,1,21,1
632.67,298,11,25,0,4,6,35.11,1,1,1,14,0
728.01,521,6,24,0,2,3,742.23,1,1,1,12,0
3864.16,328,9,8,0,1,4,20.81,1,1,1,14,0
975.77,395,22,4,0,4,5,0.23,1,0,1,16,0
469.66,88,36,4,0,1,4,9.82,1,1,1,16,0
986.65,125,12,10,0,6,11,23.9,1,1,1,13,1
1751.03,265,84,9,0,1,4,14.73,1,1,1,9,0
555.03,158,12,8,0,1,4,8.54,0,1,1,9,0
571.53,83,7,9,0,1,2,9.16,0,1,1,22,0
14932.52,245,312,4,0,1,4,2.94,1,1,1,19,0
764.66,265,35,1,0,4,7,8.85,1,1,1,14,1
1308.92,136,11,19,0,4,4,23.34,0,1,1,18,0
1252.33,73,134,8,0,2,4,0.08,0,0,1,3,0
1186.36,121,15,20,0,2,6,13.11,1,0,1,17,0
3365.55,128,155,1,0,1,5,5.11,0,0,1,17,0
4666.4,183,7,2,0,2,3,15.3,0,1,1,14,0
1331.48,64,110,9,0,3,3,41.89,1,1,1,10,0
525.06,149,12,13,0,4,7,0.19,1,1,1,0,0
6466.82,114,167,17,0,2,5,6.94,1,1,1,16,0
1643.62,246,51,1,0,1,3,2.91,1,1,1,11,0
10201.82,1072,12,5,1,3,8,48.44,1,0,1,13,0
191.41,190,111,10,0,1,3,13.11,1,0,1,7,0
2198.22,162,29,4,0,2,3,14.48,0,1,1,11,0
12315.41,216,79,5,0,2,5,0.63,1,1,1,22,0
1269.95,269,61,13,0,2,4,31.2,1,1,1,9,0
1443.04,14,75,1,0,4,10,113.0,1,1,1,17,1
2429.67,161,25,3,0,1,3,53.38,0,1,1,20,0
1034.01,290,167,15,0,1,4,4.21,1,1,1,11,0
1323.36,46,49,7,0,2,3,26.21,1,1,1,17,0
1289.73,189,4,4,0,3,8,801.33,1,0,1,19,1
965.44,308,4,2,0,3,7,13.73,1,0,1,21,0
6178.66,511,80,7,0,3,9,9.65,1,1,1,20,0
2867.16,202,113,7,0,3,8,1.99,0,1,1,13,0
2323.03,245,71,22,0,2,5,5.6,1,0,1,18,0
4058.51,230,19,8,0,3,5,2.88,1,1,1,21,0
1388.03,55,15,0,3,3,7,986.19,1,0,1,19,1
833.64,632,50,10,0,3,6,4.91,1,0,1,8,0
989.67,214,13,10,0,1,2,19.67,1,1,1,21,0
1811.27,145,28,33,0,4,6,10.43,1,1,1,15,0
626.9,368,59,4,0,2,6,0.12,1,1,1,12,0
1096.35,99,20,22,0,3,4,66.63,0,1,1,10,0
1079.1,233,28,21,3,2,4,26.32,0,1,0,12,1
15131.84,136,26,5,0,1,7,3.7,1,0,0,16,1
112.86,96,37,5,0,2,3,14.25,1,1,1,5,0
1510.78,172,67,1,0,3,5,49.18,1,1,1,7,0
10154.72,189,91,11,0,2,5,18.31,1,1,1,15,0
2042.33,158,65,13,0,3,4,2.41,0,1,1,20,0
3840.73,671,1,12,0,2,4,1438.05,1,1,1,9,0
1997.85,188,136,5,0,2,5,39.75,1,0,1,14,0
927.66,132,52,19,0,5,9,34.22,1,0,1,20,0
192.11,185,151,7,0,3,7,26.34,1,1,1,18,0
2220.43,267,199,2,0,2,5,25.23,1,1,1,5,0
832.47,224,37,10,0,3,5,27.76,1,0,1,9,0
812.13,438,148,17,0,4,4,13.61,1,1,1,9,0
1097.74,203,27,7,0,2,4,0.92,1,0,1,16,0
10351.24,24,18,10,0,1,5,3.96,1,0,1,16,0
20027.02,190,4,14,0,1,3,9.59,0,0,1,20,0
2246.68,191,36,9,0,3,5,52.07,1,1,1,12,0
1135.96,317,70,8,0,4,10,9.99,1,1,1,22,0
557.12,33,225,15,0,2,5,28.64,1,1,1,13,0
2888.64,239,44,4,0,1,6,17.41,1,1,1,22,0
10752.63,289,79,12,0,2,3,1.19,1,1,0,7,0
1411.85,192,135,11,0,1,2,27.69,1,0,1,7,0
167.5,273,47,11,0,3,6,18.93,1,1,1,18,0
3533.52,85,10,3,0,2,5,92.85,1,1,1,9,1
4843.53,300,113,24,0,2,6,3.63,1,1,1,12,0
370.24,74,51,7,0,3,5,12.33,1,1,1,16,0
2157.02,110,85,8,0,2,5,814.5,1,0,1,20,1
2839.05,257,64,11,0,4,8,30.44,1,1,1,13,0
1680.58,545,3,30,0,1,3,31.71,0,0,1,21,0
819.94,486,11,18,0,1,2,8.11,1,1,1,11,0
4993.72,215,20,11,0,5,10,2.19,1,1,1,16,0
1207.88,47,20,6,3,3,8,4.81,1,0,1,17,1
409.45,113,109,45,0,2,3,10.21,0,1,1,19,0
232.88,139,54,9,0,1,2,0.12,1,1,1,23,0
6379.53,16,5,8,0,1,4,1.87,1,0,1,17,0
3349.83,73,29,6,0,2,5,10.7,1,0,1,14,0
1974.31,306,48,2,0,1,4,44.32,0,0,1,5,0
1164.13,467,17,9,0,2,9,0.75,1,1,1,15,0
1065.29,337,2,18,0,2,4,464.97,1,0,1,8,0
616.63,119,28,11,0,4,9,58.43,1,1,1,16,0
1174.44,265,37,16,0,3,4,529.18,1,1,1,18,0
217.0,169,141,17,0,1,6,43.39,1,1,1,8,0
866.04,73,143,6,0,1,3,75.54,1,0,1,5,0
1324.86,208,41,11,0,1,3,20.22,1,1,1,18,0
3327.18,250,38,14,0,1,3,6.33,1,1,1,6,0
1737.28,85,61,14,0,2,11,96.77,1,1,1,11,0
4003.5,56,17,0,0,3,7,12.66,1,1,1,22,0
6968.36,120,20,23,0,4,7,8.78,1,1,1,15,0
5209.14,369,1,4,0,2,4,5.06,0,0,1,16,0
2894.33,280,4,14,0,3,5,8.67,1,1,1,11,0
1829.62,127,11,18,0,3,7,22.3,1,0,1,9,0
678.04,90,61,3,3,2,4,5.85,1,0,1,6,1
3789.33,168,14,12,0,2,6,10.71,1,1,1,8,0
9698.7,69,7,15,0,1,2,5.43,1,1,1,21,0
2545.56,194,57,5,0,2,2,10.68,1,1,1,4,0
12298.83,151,63,21,0,2,6,4.21,1,1,1,12,0
393.24,15,3,3,0,2,4,41.79,1,0,1,7,1
570.11,131,88,9,0,4,7,26.44,1,0,1,1,1
4252.24,17,55,7,0,2,5,11.39,1,1,1,6,0
2354.99,202,30,15,0,1,2,89.34,1,1,1,10,0
6726.31,65,245,6,0,2,6,21.83,1,0,1,16,0
1780.28,40,1,6,0,2,5,21.68,1,1,1,20,0
759.02,142,47,6,0,1,4,1085.75,1,0,1,6,1
1460.31,133,10,21,0,4,7,14.27,1,0,1,1,1
390.46,207,23,15,0,3,8,4.82,0,1,1,6,0
584.88,67,8,12,0,1,5,11.58,1,1,1,9,0
4781.19,397,66,4,0,2,7,33.9,0,0,1,17,0
4327.68,271,30,21,0,4,7,5.76,1,1,1,7,0
2599.32,406,257,37,0,2,3,30.66,1,0,1,19,0
323.41,147,63,3,0,3,9,0.33,1,0,1,6,0
1263.44,83,149,34,0,4,5,18.34,1,0,1,9,0
531.13,468,16,5,0,2,7,17.84,1,0,1,19,0
5863.68,268,23,9,0,3,7,21.37,1,1,1,18,0
1008.56,139,27,7,0,3,5,46.95,1,1,1,11,0
610.48,164,109,10,0,3,7,24.75,1,0,1,14,0
1862.73,121,14,8,0,4,6,25.38,1,1,1,4,1
953.22,312,175,5,0,4,6,13.57,1,1,1,19,0
7972.42,218,2,12,0,1,2,5.76,0,1,1,12,0
867.13,237,132,8,0,4,7,68.68,1,1,1,12,0
446.2,77,36,4,0,3,5,10.47,1,1,0,8,0
210.0,153,44,0,0,2,7,1181.42,0,1,1,17,1
1753.23,191,357,18,0,1,4,39.71,1,1,1,9,0
1030.78,44,122,13,0,3,5,28.19,1,0,1,9,0
433.15,216,140,4,0,2,4,1.67,1,1,1,14,0
5938.59,179,52,2,0,1,3,29.47,1,1,1,13,0
3523.62,295,187,4,0,1,4,2.93,1,1,1,13,0
1757.74,328,69,8,0,2,5,9.23,0,1,0,14,0
7075.02,534,102,12,0,2,5,13.27,1,0,1,9,0
3507.07,187,76,5,0,4,7,16.02,1,1,1,18,0
794.05,131,91,15,0,1,5,18.44,1,1,1,7,0
639.56,68,60,6,0,2,4,5.32,1,1,1,10,0
4096.88,58,77,14,0,1,4,23.54,1,1,1,17,0
2687.5,162,34,2,0,1,2,11.58,1,1,1,9,0
2142.54,54,73,4,0,1,5,8.46,1,1,0,13,0
775.5,62,19,12,0,1,4,24.3,1,0,1,19,0
3320.76,166,60,9,3,3,6,69.06,1,1,1,11,1
849.38,124,44,20,0,2,6,1130.65,1,1,1,9,1
1632.74,83,137,28,0,2,5,16.62,1,0,1,7,0
7684.37,131,67,7,0,3,9,4.74,1,1,1,15,0
933.71,277,54,1,1,2,3,16.05,1,1,1,11,1
375.03,218,22,12,0,2,5,4.09,0,0,1,7,1
631.09,320,119,2,0,2,2,8.59,1,1,1,13,0
4886.83,147,3,21,0,3,6,23.47,1,0,1,17,0
2332.58,121,138,15,0,2,6,68.87,1,0,1,13,0
1589.42,184,63,5,0,3,6,8.79,1,1,1,12,0
1086.71,63,12,18,0,4,7,46.89,1,1,1,18,0
2937.63,139,139,4,0,3,9,36.18,1,1,1,11,0
773.48,129,23,14,0,3,7,15.73,1,1,1,9,0
2454.47,735,11,6,0,1,1,0.11,1,0,1,17,0
870.22,359,23,24,0,5,7,9.84,0,0,1,23,0
736.82,255,194,19,0,2,4,26.02,1,1,1,17,0
955.77,223,83,14,0,3,4,7.62,1,0,1,8,0
1242.14,442,149,23,0,1,6,37.33,1,1,1,17,0
1721.88,222,21,2,0,2,5,7.31,1,0,1,15,0
2288.05,94,5,17,0,4,7,9.96,1,1,1,16,1
50.0,88,49,13,0,5,5,64.38,0,1,1,12,0
806.21,281,39,7,0,2,7,26.0,0,1,1,13,0
1222.23,250,76,7,0,3,10,475.42,1,1,1,17,0
8144.21,221,46,8,0,2,7,22.96,1,1,1,18,0
614.0,329,30,5,3,1,4,17.77,1,1,1,16,1
2127.7,317,1,2,0,2,4,38.79,1,1,1,17,0
8062.91,37,37,3,0,2,5,6.0,1,0,0,10,0
486.4,150,7,4,0,3,5,19.88,1,1,1,21,0
2681.08,237,153,4,0,2,6,5.43,1,0,1,9,0
810.56,381,152,7,0,2,8,36.36,1,1,1,4,0
1091.56,261,97,2,0,2,6,15.17,1,1,1,11,0
809.88,284,10,14,0,2,4,38.4,0,1,1,9,0
869.7,71,9,18,0,3,7,16.48,0,0,1,7,0
27499.2,50,49,3,0,2,4,782.06,1,1,1,0,1
4206.79,215,77,4,0,6,8,4.53,1,1,1,10,1
5441.11,120,140,8,0,4,9,10.56,1,0,1,16,0
2957.19,241,134,13,0,2,4,1206.34,0,1,1,19,1
362.76,104,10,18,0,1,4,539.37,1,1,1,18,0
2683.72,118,323,4,0,5,8,1465.58,1,1,1,21,0
5286.59,278,10,3,0,2,5,23.94,1,1,1,11,0
770.16,173,109,11,0,2,7,0.69,1,1,1,9,0
4747.28,100,53,14,0,2,3,7.37,0,1,1,20,0
3656.77,156,68,10,0,4,7,341.47,1,1,1,18,0
11522.31,254,55,3,0,4,5,25.1,1,1,1,13,0
1190.61,163,122,10,0,1,1,1426.56,1,1,1,12,0
603.28,235,60,3,0,2,4,3.66,1,0,1,21,0
1259.38,142,113,9,0,2,4,20.2,1,1,1,23,0
7597.47,361,10,2,0,5,7,2.22,1,1,1,19,0
290.5,153,120,2,0,2,3,8.23,1,1,1,12,0
228.52,114,297,14,0,4,8,11.91,1,1,1,11,0
1977.12,419,64,19,0,2,6,14.71,1,1,1,12,0
1161.43,173,224,5,0,2,5,2.59,1,1,1,8,0
1822.07,233,14,19,0,3,7,11.11,0,1,1,20,0
4653.21,113,106,7,0,2,6,2.96,1,0,1,14,0
1040.47,228,11,14,0,3,5,13.81,0,1,1,4,0
277.83,253,43,14,0,5,12,20.28,1,1,1,10,0
13967.4,94,65,6,0,1,4,30.76,0,1,1,18,0
666.99,293,64,13,0,2,7,11.54,1,1,1,16,0
627.01,160,66,6,0,3,5,53.04,1,1,1,19,0
5451.9,293,23,7,0,4,8,6.44,0,0,1,10,0
1230.91,102,218,14,0,3,6,492.19,1,0,1,20,0
1696.99,118,1,7,0,2,4,7.55,1,0,1,21,0
2930.09,192,58,11,0,3,5,17.85,1,1,1,17,0
5343.22,88,120,22,0,4,9,10.8,1,0,1,0,0
1295.35,196,133,10,0,2,6,0.62,1,1,1,12,0
8266.38,217,76,14,0,3,4,5.15,1,1,1,16,0
213.62,192,51,4,0,3,4,11.04,1,1,1,15,0
3865.27,183,36,13,0,1,3,1.65,1,0,1,15,0
780.92,75,35,9,0,2,4,4.13,1,0,1,9,0
7131.46,56,33,4,0,1,5,6.97,1,1,1,7,0
2084.0,167,72,0,0,2,4,8.68,1,0,1,11,0
922.51,40,78,3,0,3,6,9.99,1,1,1,16,0
3508.14,34,43,10,0,1,1,1.3,1,1,1,9,0
4416.88,117,81,13,0,2,6,742.52,1,1,1,7,0
3435.42,87,45,16,0,3,11,10.89,1,1,1,10,1
645.68,222,6,5,0,1,5,5.73,1,1,1,9,0
1114.3,167,114,7,0,1,3,0.02,1,1,1,13,0
1800.69,216,122,10,0,3,4,6.44,1,1,1,7,0
1734.96,291,18,8,0,1,7,646.93,1,0,1,9,0
3826.65,364,92,11,0,1,4,0.79,1,1,1,20,0
241.07,270,42,10,0,4,6,0.35,1,1,1,7,0
2525.84,189,7,2,0,2,6,612.46,1,1,1,16,0
1352.92,82,30,21,0,3,6,2.77,1,1,1,12,0
781.72,345,4,1,0,3,5,23.25,1,1,1,7,0
860.5,69,92,23,0,2,3,41.38,1,1,1,12,0
1458.94,296,13,11,0,4,6,13.31,1,0,1,21,0
50.0,388,10,3,0,2,6,4.79,1,1,1,17,0
896.69,225,14,24,0,2,5,5.19,1,1,1,19,0
753.09,83,15,13,0,3,4,19.46,1,1,1,23,0
3080.3,123,67,8,0,5,5,22.32,1,1,1,2,1
807.93,200,61,4,0,1,5,156.44,0,1,1,20,0
1458.1,99,8,11,0,2,3,62.64,1,1,1,16,0
8453.0,29,77,4,0,2,8,1.37,1,0,1,9,0
4887.09,187,25,17,0,2,5,11.79,0,0,1,16,0
4457.18,222,36,4,0,3,4,12.55,1,1,1,18,0
1096.77,236,8,12,0,3,3,473.55,1,1,1,20,0
3112.04,122,73,2,0,3,5,28.48,1,1,1,7,0
1430.96,173,28,6,0,3,5,24.75,1,1,1,9,0
1486.09,194,60,4,0,4,9,1523.2,1,0,1,10,1
2723.53,48,33,16,0,1,4,27.24,1,1,1,10,0
995.26,119,3,5,0,2,4,7.63,1,1,1,0,0
8046.59,180,72,18,0,2,4,2.87,1,1,1,22,0
1540.51,221,48,30,0,3,7,20.16,1,1,1,16,0
3355.52,410,34,19,0,2,2,7.4,0,1,1,2,0
7751.18,209,13,10,0,2,8,9.62,1,1,1,11,0
5072.83,67,58,3,0,3,9,29.3,1,0,1,10,0
441.9,93,19,3,0,2,5,16.66,1,1,1,17,0
2821.14,306,33,6,0,1,5,30.29,1,1,1,13,0
4233.23,501,3,7,0,4,8,13.41,0,1,1,5,0
4411.03,80,89,21,0,3,7,16.95,1,1,1,13,0
593.9,116,5,7,0,2,5,33.46,1,0,1,17,0
937.26,515,132,6,0,3,8,10.84,1,1,1,8,0
4888.1,441,121,16,0,2,4,1.8,1,1,1,9,0
844.07,250,212,5,0,2,10,13.37,0,0,1,14,0
1339.84,118,143,9,0,2,10,36.2,1,1,1,9,0
8741.84,77,213,1,0,1,2,6.93,1,1,1,16,0
1723.65,111,130,4,0,2,8,977.54,1,1,1,15,0
874.13,133,7,9,0,2,4,29.62,1,1,1,18,0
751.73,138,34,10,0,3,5,20.06,1,1,1,21,0
2521.78,47,4,5,0,3,4,23.35,1,1,1,15,0
476.68,89,47,3,0,3,4,25.65,1,1,1,5,0
1411.86,184,45,1,0,9,10,54.46,1,1,1,11,1
2523.07,115,153,8,0,1,8,8.0,1,1,1,1,0
6628.61,65,209,22,0,6,9,3.2,1,0,1,17,0
3524.69,82,18,15,0,2,7,7.51,1,1,1,19,0
885.31,149,52,14,0,3,5,31.8,1,1,1,14,0
5874.75,55,37,7,0,3,5,2.72,1,1,1,12,0
1340.08,373,47,3,0,3,6,61.39,1,1,1,13,0
525.47,58,45,11,0,2,5,12.73,0,1,1,11,0
1522.27,263,147,11,0,3,7,25.51,1,1,1,13,0
7617.24,496,135,7,0,1,7,524.93,1,0,1,12,0
2132.9,63,7,9,0,2,4,19.85,1,1,0,21,1
1830.82,74,25,4,0,3,9,13.7,1,1,1,14,0
9294.81,150,83,18,0,3,6,11.69,1,0,1,16,0
432.09,124,69,16,0,3,6,4.13,1,1,1,14,0
499.9,312,59,11,0,6,9,11.05,1,1,1,12,0
359.3,143,305,5,0,2,7,13.31,1,1,1,6,0
2624.51,88,24,5,0,2,4,10.44,1,1,1,18,0
2135.58,273,43,20,0,1,4,3.22,1,1,1,4,0
8456.89,134,232,10,0,2,5,9.23,1,1,1,6,0
2306.47,86,71,18,0,2,5,6.77,1,1,1,10,0
1206.94,97,62,23,0,7,10,72.75,1,0,1,18,1
1811.29,61,10,4,0,5,9,8.03,1,1,1,11,1
2033.89,27,16,17,0,3,10,14.02,0,1,1,10,0
339.76,66,28,11,0,3,4,58.74,1,1,1,15,0
27182.58,146,37,31,0,2,4,55.82,1,1,1,19,0
3040.79,132,41,13,0,3,6,15.61,1,1,1,18,0
2230.56,51,139,14,0,2,2,5.68,1,1,1,10,0
3344.81,89,6,12,0,3,5,0.95,1,1,1,15,0
3675.38,250,17,41,0,4,9,0.24,1,1,1,20,0
1570.97,237,9,5,0,1,3,11.81,1,1,1,9,0
961.75,177,79,10,0,3,7,50.95,1,1,1,18,0
3292.66,72,211,8,0,4,4,18.94,1,0,1,4,0
2659.01,310,134,7,0,4,6,6.24,1,0,1,7,0
804.41,151,77,2,0,2,4,8.12,1,1,1,19,0
7472.88,97,1,18,0,3,8,27.3,1,1,1,17,0
2424.43,74,25,10,0,2,5,13.39,0,0,1,7,0
3751.16,265,119,3,0,3,4,2.29,1,0,1,12,0
7272.98,10,63,5,0,3,4,15.0,1,1,1,19,0
1848.05,203,14,16,0,2,3,12.71,1,1,1,9,0
2482.33,119,37,6,0,1,4,35.45,1,1,1,10,0
4064.42,336,5,12,0,2,6,12.62,1,0,1,13,0
875.8,600,44,8,0,2,8,12.01,1,1,1,18,0
1908.46,97,138,5,0,2,10,19.95,1,1,1,8,0
2049.9,313,2,7,3,3,5,3.57,1,1,1,17,1
695.02,210,57,5,0,2,6,16.71,1,1,1,12,0
18354.62,195,15,10,0,1,3,370.12,1,1,1,12,0
442.62,52,278,11,0,3,6,57.86,1,1,1,8,0
493.68,112,4,1,0,2,3,32.11,1,1,1,9,0
6729.3,305,57,20,0,2,4,38.55,1,0,1,8,0
3689.57,362,17,26,0,2,5,23.9,1,0,1,8,0
648.09,435,128,12,0,2,4,2.32,0,0,1,15,0
3318.57,113,7,8,0,2,7,40.92,1,1,1,18,0
7846.72,233,33,10,0,2,7,3.99,1,1,1,17,0
1754.15,116,12,4,0,2,6,1.03,0,1,1,15,0
24314.37,185,96,4,0,2,6,4.05,1,1,1,18,0
322.45,230,25,1,0,2,9,10.62,1,1,1,0,0
3618.53,120,12,2,0,4,9,50.16,1,0,1,11,1
5805.31,242,77,14,0,2,5,64.61,1,1,1,8,0
4408.74,145,101,6,0,3,4,10.35,1,0,1,14,0
1473.87,162,37,16,0,5,12,30.52,1,1,1,12,0
1352.3,52,28,12,0,3,5,7.99,0,0,1,8,1
2819.02,108,60,10,0,4,6,18.39,1,1,1,18,0
4087.77,110,63,5,0,2,4,4.04,0,1,1,15,0
3302.63,633,64,16,0,1,7,12.12,1,1,1,15,0
5115.64,92,19,4,0,2,6,760.23,1,0,1,15,1
652.71,159,170,8,1,2,2,1241.17,1,1,1,8,1
1439.76,93,14,3,0,1,5,13.93,0,1,1,6,0
706.26,146,28,3,0,3,5,29.74,1,0,1,13,1
1228.92,183,20,14,0,2,7,4.02,0,1,1,15,0
4990.15,80,160,2,0,3,4,22.35,1,0,1,9,0
2014.21,292,105,12,0,4,10,17.1,1,1,1,2,0
24510.56,83,100,12,0,3,7,36.63,1,0,1,16,1
2193.83,46,1,6,0,3,3,794.26,1,1,1,8,1
1919.25,172,69,6,3,3,4,932.95,1,1,1,5,1
2010.59,508,15,0,0,2,5,42.76,1,1,1,4,0
955.46,34,206,4,0,2,6,9.33,1,1,1,6,0
1706.44,59,45,11,0,4,4,4.37,1,1,1,14,0
5584.71,277,49,22,0,1,1,735.91,1,1,1,15,0
2026.31,92,26,24,0,2,3,11.47,1,1,1,10,0
817.74,190,46,15,0,2,6,5.85,1,1,1,15,0
716.88,323,83,5,0,5,6,2.77,1,0,1,9,0
1152.63,266,49,5,0,2,7,12.57,1,1,1,20,0
1946.65,182,61,12,0,1,3,22.64,1,1,1,12,0
5964.54,184,38,14,0,2,4,8.22,1,1,1,20,0
473.2,181,75,8,0,2,5,3.06,0,0,1,12,0
1313.14,203,137,6,0,2,8,18.35,1,1,1,15,0
2088.73,374,3,4,0,2,6,1179.84,1,1,1,9,1
288.96,69,6,2,0,2,6,17.38,0,1,1,20,0
785.56,62,69,9,0,1,7,11.95,1,1,1,4,0
916.09,243,28,24,0,4,7,9.78,1,1,1,16,0
815.69,102,19,14,0,3,7,15.62,1,1,1,15,0
2190.51,50,11,1,0,3,5,2.16,0,1,1,5,0
1539.85,423,51,7,0,4,8,7.07,0,0,1,16,0
1037.65,195,25,4,0,1,2,11.91,1,1,1,8,0
2773.77,454,42,11,0,3,6,68.86,1,0,1,10,0
10128.16,262,191,18,0,4,7,6.84,1,1,1,7,0
9313.84,136,85,10,0,3,8,84.37,1,1,1,18,0
264.34,169,95,5,0,2,5,53.49,0,1,1,19,0
3219.79,309,7,18,0,4,9,5.9,1,1,1,8,0
1513.19,48,23,13,0,3,6,22.8,1,0,1,1,1
2111.5,321,6,5,0,2,3,1443.55,1,0,1,9,1
1214.05,161,207,12,0,2,4,1266.9,0,1,1,14,0
2033.65,145,68,8,0,1,5,3.25,1,0,1,15,0
2103.6,585,1,36,0,1,4,20.47,0,1,1,14,0
1013.38,376,38,17,0,1,3,4.34,1,1,1,12,0
737.77,89,18,11,0,2,7,25.01,0,1,1,7,0
1154.36,206,46,3,0,6,12,10.3,1,0,1,11,1
2285.32,80,11,12,0,2,5,18.83,1,1,1,18,0
3291.16,231,3,5,0,3,7,27.6,0,1,1,20,1
4244.37,520,23,6,0,2,3,11.29,1,1,1,12,0
1103.02,421,21,3,0,2,3,16.39,1,1,1,19,0
2401.49,225,75,2,0,2,5,2.08,1,1,1,21,0
4733.89,208,38,7,0,3,7,2.52,1,0,1,12,0
5799.89,153,20,5,0,3,7,49.21,0,1,1,14,0
1704.74,543,50,4,0,2,3,1461.08,0,1,1,7,0
1449.64,290,4,5,0,1,2,14.75,1,1,1,10,0
2188.83,125,65,19,0,6,6,14.73,1,0,1,13,0
572.66,183,9,5,0,2,6,1076.14,1,0,1,7,1
1489.79,189,19,0,0,4,9,804.06,1,1,1,18,1
3806.96,93,19,2,0,4,10,9.21,1,1,1,20,1
3435.6,190,37,10,0,3,5,12.47,1,1,1,19,0
1379.85,243,183,8,0,4,5,17.06,0,1,1,18,0
2247.82,82,23,5,0,6,8,4.49,1,0,1,18,1
792.62,329,19,16,0,4,6,29.5,0,1,0,17,0
3653.69,106,11,6,0,4,8,20.21,1,1,1,20,0
1672.67,126,29,6,0,1,3,8.23,1,0,1,22,0
1372.03,103,12,6,0,1,4,31.83,1,0,1,10,0
1259.26,89,8,18,1,1,7,28.45,1,1,1,9,1
1697.83,365,116,12,0,3,7,15.59,1,1,1,17,0
1155.31,406,3,20,0,1,7,85.42,1,1,1,17,0
3491.7,113,74,18,0,3,6,17.41,1,1,1,13,0
1217.7,340,13,10,0,4,6,64.7,1,1,1,1,0
8892.51,53,1,10,0,4,5,3.52,1,1,1,6,0
7826.03,140,95,24,0,1,3,20.89,1,0,1,14,0
741.34,66,72,6,0,1,4,12.21,1,1,1,20,0
1938.57,570,24,2,0,3,9,4.82,1,1,1,16,0
943.26,372,4,14,0,2,5,24.91,1,1,1,18,0
1304.21,43,26,18,0,2,8,18.94,1,1,1,19,0
13392.2,94,12,13,3,2,5,6.07,1,0,1,10,1
1329.33,142,161,2,0,3,6,40.21,1,0,1,17,0
2592.11,164,45,16,0,2,3,5.85,1,0,1,11,0
3106.72,62,199,15,0,2,6,30.18,1,0,1,18,0
664.72,274,25,11,0,4,5,6.01,1,1,1,6,0
768.86,340,48,5,0,3,6,72.13,1,0,1,21,0
541.3,214,12,5,0,2,2,22.32,0,1,1,10,0
745.48,204,99,3,0,1,6,41.75,1,1,1,13,0
104.58,104,2,7,0,1,6,26.49,1,1,1,19,0
3116.86,137,71,6,0,4,6,43.53,0,0,1,0,0
14103.72,198,29,16,0,2,5,38.56,1,1,1,1,0
2096.07,212,51,7,0,3,5,40.29,1,1,1,20,0
438.66,172,53,4,0,3,5,26.91,0,1,1,20,1
950.72,321,74,4,0,2,6,0.98,1,1,1,1,0
1142.67,241,13,5,0,3,4,6.36,1,1,1,13,0
653.55,343,45,4,0,2,5,56.95,1,1,1,8,0
4273.48,185,33,3,0,2,3,0.72,1,0,1,20,0
4065.37,185,19,5,0,3,5,2.78,1,1,0,16,0
569.38,302,41,6,0,2,4,6.84,1,1,1,7,0
3733.42,82,182,3,0,1,7,13.72,1,1,1,13,0
8323.29,775,178,3,0,2,4,2.73,1,1,1,19,0
12119.34,103,19,24,0,3,5,22.34,1,1,1,19,0
31736.16,95,129,40,2,4,13,2.83,1,0,1,10,1
733.63,331,125,7,0,2,5,2.52,1,1,0,12,0
30461.55,251,17,36,2,2,4,4.78,1,1,1,9,1
1268.76,276,54,24,0,1,4,28.38,1,1,1,22,0
999.78,188,122,5,0,2,2,10.51,1,0,1,11,0
2507.58,86,43,11,0,2,5,7.14,1,1,1,1,0
1010.24,464,27,2,0,2,5,12.5,1,1,1,13,0
2694.71,322,63,19,2,4,6,0.93,0,1,1,15,1
482.95,114,11,19,0,1,2,24.76,1,0,1,7,0
1424.03,304,10,2,0,2,2,8.03,1,0,1,12,0
6539.28,121,107,7,0,3,6,44.66,1,1,0,1,1
1707.76,133,2,45,0,3,5,10.03,1,1,1,5,0
2083.07,141,97,9,0,3,8,18.95,0,1,1,18,0
2908.11,106,20,1,0,1,2,11.36,0,0,1,15,0
5829.35,186,39,5,0,3,6,955.53,1,1,1,14,1
345.42,324,47,7,0,1,6,45.1,1,0,1,8,0
3243.88,235,87,2,0,3,5,29.2,1,1,1,20,0
1382.79,275,129,8,0,4,7,0.43,1,1,1,5,0
2135.89,208,97,6,0,5,13,1.38,1,1,1,16,0
5218.42,32,50,10,0,3,6,25.87,1,1,1,10,0
547.75,644,25,14,0,3,9,46.31,1,0,1,21,0
656.78,359,44,9,0,2,6,6.16,1,1,1,20,0
261.01,215,1,14,0,2,5,24.06,1,1,1,18,0
1044.03,77,16,14,0,2,6,24.3,0,1,1,8,0
6839.24,268,27,3,0,2,3,34.95,1,1,1,18,0
1602.65,176,23,3,0,2,2,2.13,1,1,1,9,0
473.37,201,5,12,0,3,6,19.92,1,1,1,14,0
1112.45,319,3,7,0,2,4,40.2,1,0,1,12,0
408.36,228,32,14,0,2,6,9.29,1,1,1,22,0
586.88,404,4,10,0,1,2,39.14,1,0,1,17,0
2667.29,130,20,1,0,2,4,52.49,1,1,1,15,0
558.99,50,38,15,0,3,4,18.2,1,1,1,14,0
5500.72,171,14,2,0,2,5,31.7,1,1,1,13,0
1683.92,132,4,11,0,4,7,270.61,1,0,1,12,0
1969.62,245,33,15,0,4,7,8.39,1,1,1,4,0
1368.71,95,35,9,0,3,9,17.9,1,1,1,21,0
3916.09,130,148,16,0,2,5,7.0,1,1,1,10,0
3956.68,252,8,2,0,3,5,897.95,1,1,1,8,1
2527.67,149,57,18,0,6,10,41.63,1,1,1,6,0
3180.49,335,23,5,0,4,11,11.6,1,1,1,8,0
1462.51,97,7,20,0,2,6,28.31,1,0,1,23,0
3109.46,73,29,12,0,2,5,5.17,1,0,1,9,0
1289.64,270,33,7,0,2,4,7.23,1,0,1,18,0
1812.08,64,27,1,0,4,6,23.27,1,1,1,11,1
1373.83,38,87,5,0,2,3,4.59,1,1,1,15,0
1144.57,72,109,7,0,1,3,25.61,1,0,1,10,0
907.68,351,9,11,0,2,2,52.88,1,1,1,17,0
2886.18,116,11,23,0,2,3,10.15,0,1,1,16,0
6704.98,135,32,3,0,2,6,22.14,1,1,1,18,0
5831.92,283,23,2,0,2,4,18.27,1,0,0,15,0
514.62,320,102,5,0,1,5,5.98,1,1,1,15,0
6563.0,287,344,18,0,3,5,1.27,1,1,1,5,0
1315.33,270,11,4,0,2,8,25.68,1,0,1,16,0
3296.88,110,86,5,0,4,5,8.24,1,1,1,11,0
730.54,190,56,32,0,3,6,32.52,1,0,1,13,0
2083.87,63,62,13,0,3,4,2.43,1,1,1,20,0
2474.33,140,18,1,0,4,6,2.21,1,1,1,9,1
409.69,45,6,19,3,1,3,30.58,1,1,1,19,1
3321.82,335,47,11,0,1,3,34.08,1,0,1,7,0
6946.1,135,57,14,0,4,7,2.25,1,1,1,19,0
1518.31,187,197,2,0,2,4,12.07,1,1,1,20,0
7045.67,122,67,15,0,1,4,36.56,1,0,1,23,0
1495.64,361,35,13,0,2,5,2.3,1,0,1,10,0
4228.42,59,306,2,0,3,3,240.79,1,1,1,13,0
196.65,77,28,19,0,2,4,21.64,1,1,1,20,0
20308.15,184,10,17,0,2,6,6.09,1,1,1,21,0
8066.37,190,57,13,0,3,6,1036.46,1,1,1,8,1
1360.18,337,18,8,0,2,3,5.21,1,1,1,19,0
251.62,209,153,4,0,2,5,0.1,0,1,1,7,0
2411.56,189,33,5,0,1,6,10.72,1,1,1,19,0
426.7,103,9,12,0,3,7,5.77,1,1,1,15,0
2821.02,363,9,6,0,1,2,53.36,0,0,1,6,0
2728.66,156,62,4,0,2,4,6.15,1,1,1,21,0
705.28,108,27,10,0,4,4,0.4,1,1,1,7,0
5546.75,97,27,2,0,3,8,3.77,1,0,1,18,1
4046.37,188,56,3,0,3,7,60.61,1,1,1,16,0
4797.37,57,15,12,0,2,7,12.01,1,1,1,19,0
1824.13,61,9,10,0,3,6,86.31,1,1,1,18,1
438.99,60,64,2,0,3,4,1.27,0,1,1,7,0
4807.21,485,1,3,0,5,10,28.75,1,0,1,14,0
1379.71,415,142,9,0,1,4,18.53,1,1,1,19,0
450.44,91,12,13,0,2,4,74.7,1,1,1,16,0
6988.63,213,35,1,0,2,5,1.64,1,1,1,10,0
14756.04,276,14,2,0,1,7,30.36,1,1,1,20,0
1734.98,232,14,14,0,2,5,50.73,1,1,1,18,0
15664.01,72,108,1,0,1,4,0.19,1,1,1,22,0
1980.92,101,52,1,2,1,8,13.73,1,1,1,21,1
1235.89,211,22,19,0,1,2,18.43,1,0,1,22,0
962.51,59,17,8,0,2,4,4.77,1,0,1,0,0
9293.61,348,14,3,0,2,7,8.77,1,1,1,21,0
828.7,70,48,30,0,4,6,29.67,1,0,1,10,0
3771.66,196,78,12,0,4,10,1052.06,1,1,0,19,1
1033.63,301,17,7,0,4,9,7.05,0,1,1,1,1
1141.04,324,24,3,0,3,6,33.53,1,0,1,17,0
5065.71,327,76,7,0,1,2,0.17,1,0,1,13,0
1236.4,104,80,10,0,2,8,35.21,1,1,1,23,0
1206.17,113,13,13,0,4,6,25.49,1,1,1,23,0
5612.8,223,28,27,0,2,5,14.41,0,1,1,14,0
8932.02,270,122,9,0,2,3,24.5,1,1,1,15,0
3445.04,262,80,8,0,2,5,23.98,1,1,1,13,0
939.39,282,10,10,2,1,3,1.05,1,1,1,13,1
1085.06,242,29,5,0,3,5,17.52,0,1,1,12,0
1958.46,214,217,4,0,3,11,6.84,0,0,1,19,0
2492.22,111,44,8,0,3,8,35.13,1,1,1,19,0
673.26,218,76,5,1,2,8,2.59,1,0,1,10,1
3725.8,453,5,6,0,1,4,1053.05,1,0,1,7,0
1969.46,144,107,27,0,6,8,2.05,1,1,1,12,0
325.15,134,55,6,0,4,5,881.17,1,0,1,8,1
714.14,256,11,9,0,3,7,922.54,1,1,1,11,1
1092.11,70,28,12,0,2,6,980.51,1,1,1,19,1
1681.0,195,5,3,2,4,10,60.51,1,0,1,10,1
11959.47,339,90,7,0,3,5,268.58,1,1,1,15,0
2294.27,196,81,3,0,4,6,20.44,1,0,1,18,0
779.95,195,40,15,0,2,8,4.3,1,1,1,18,0
2254.38,30,36,19,0,3,4,4.82,1,0,1,22,0
1271.45,146,37,5,0,4,7,3.3,1,1,0,11,0
2501.78,85,2,12,0,3,5,3.56,1,1,1,12,0
3231.07,66,27,7,0,3,7,17.85,1,1,1,18,0
6058.58,164,8,14,0,4,9,0.61,1,1,1,9,0
1764.66,269,12,3,0,1,4,23.14,1,0,1,12,0
9311.08,156,196,12,0,2,6,38.15,1,0,1,10,0
4482.89,307,18,12,0,3,5,16.99,1,1,1,18,0
891.19,266,39,8,0,2,4,52.6,1,0,1,11,0
16479.22,116,131,15,0,2,5,26.68,1,1,1,17,0
2507.38,127,32,19,0,2,4,67.01,1,1,1,17,0
784.37,38,45,26,0,6,10,40.81,1,0,1,22,0
9441.91,548,11,3,0,1,2,39.14,1,1,1,11,0
14440.29,90,20,15,0,4,9,34.47,1,0,1,19,1
1749.31,200,42,1,0,2,5,117.26,1,1,1,10,0
1092.64,161,27,11,0,2,2,6.82,1,0,1,14,0
1521.76,439,2,8,0,3,4,40.67,1,1,1,11,0
3694.98,218,30,11,2,5,12,61.34,1,1,1,17,1
6488.95,176,101,12,0,3,7,1398.87,1,0,1,21,1
3198.66,378,7,3,0,3,5,23.85,1,1,1,10,0
2001.64,200,1,7,0,2,6,80.09,1,1,1,13,0
8086.99,97,7,2,0,5,8,4.12,0,1,1,14,1
1322.35,247,69,10,0,1,1,35.42,1,1,1,9,0
5069.1,64,94,2,0,2,5,1.26,1,1,1,0,0
1355.52,87,2,2,0,3,6,6.64,1,1,1,19,0
2782.27,131,131,2,0,6,7,36.85,0,1,1,15,0
1613.95,73,59,5,0,2,4,39.96,1,1,1,13,0
1709.83,142,43,1,0,2,6,73.78,1,0,1,17,0
1239.69,19,17,8,0,2,6,1362.42,1,1,1,12,1
6938.59,196,27,18,0,4,5,5.34,1,1,0,12,0
868.77,238,176,20,0,1,2,24.06,1,1,1,18,0
862.44,119,145,10,3,2,5,6.82,1,0,1,12,1
15078.02,47,58,16,0,2,3,10.31,1,0,1,20,0
4807.09,173,51,4,0,6,8,49.69,1,0,1,8,1
166.48,266,14,12,0,1,3,0.08,1,0,1,10,0
1027.35,59,183,9,0,3,5,324.66,1,1,1,11,0
295.31,772,84,19,0,2,3,11.01,1,0,1,13,0
698.76,200,28,17,0,2,5,18.87,1,0,1,7,0
78.37,274,101,8,0,2,6,29.48,1,1,1,6,0
1576.58,661,14,3,0,3,5,32.75,1,1,1,8,0
577.12,229,14,29,1,1,2,1.25,1,1,0,9,1
1919.66,95,93,16,0,2,7,3.72,1,1,1,16,0
355.98,110,49,3,0,2,3,25.86,1,0,1,18,0
1964.34,328,48,16,0,1,3,1.18,1,1,1,15,0
1194.02,294,51,35,0,2,4,27.56,1,1,1,21,0
8118.92,332,8,21,0,3,4,5.06,0,0,1,12,0
7415.72,257,25,5,0,4,6,41.28,1,1,1,18,0
3965.33,233,51,19,0,4,7,6.48,1,1,1,19,0
1304.25,24,17,9,0,7,7,31.48,1,1,1,12,0
13165.83,280,42,4,0,1,6,16.65,1,1,1,10,0
382.59,225,48,5,0,3,5,28.99,1,1,1,10,0
444.27,80,171,5,0,1,3,14.4,0,0,1,20,0
1662.73,111,16,16,0,1,2,5.25,1,1,1,4,0
17223.64,304,34,5,0,2,5,48.87,1,1,1,22,0
1476.84,668,239,8,0,2,3,77.93,1,1,0,14,0
1505.31,340,12,12,0,1,2,2.3,1,0,1,19,0
427.56,463,90,8,0,1,3,0.8,1,0,1,20,0
4656.08,55,11,4,2,3,5,2.04,1,1,1,23,1
4689.95,354,113,8,0,1,6,30.81,1,1,1,0,0
3980.15,287,40,9,0,3,5,10.09,1,1,1,15,0
963.7,216,214,9,0,2,4,14.66,1,1,1,19,0
891.85,127,11,8,0,3,8,2.9,1,1,0,13,0
496.15,240,69,7,0,3,11,29.92,0,0,1,16,0
1966.23,314,71,4,0,2,7,4.88,1,0,1,5,0
613.75,183,76,13,0,3,7,23.32,1,1,1,10,0
557.01,106,6,7,0,2,5,0.21,1,1,1,14,0
1183.59,420,20,5,0,3,7,51.31,0,1,1,14,0
1108.59,148,24,9,0,4,7,8.28,1,1,1,18,0
1055.77,221,23,10,0,3,4,35.3,1,0,1,7,0
2882.59,33,67,12,0,2,3,1.24,0,0,1,6,0
1956.76,99,3,9,0,2,2,34.26,1,0,0,8,1
1355.39,358,78,27,0,2,5,8.0,1,1,1,9,0
2171.15,341,44,2,0,4,6,6.46,1,0,1,5,0
670.8,238,11,4,0,1,4,15.97,1,1,1,6,0
2008.77,38,15,21,0,2,4,2.19,1,0,1,7,0
2101.91,110,6,4,0,1,8,3.95,1,1,1,0,0
402.2,538,36,4,3,1,5,81.6,0,1,1,20,1
4893.65,186,54,15,0,2,3,14.58,1,0,1,9,0
748.87,307,52,3,0,3,6,57.19,1,1,1,8,0
1978.93,107,196,12,0,3,6,264.24,1,1,1,19,0
5793.04,181,21,9,0,5,8,1491.93,1,1,1,21,1
4562.73,108,86,22,0,4,10,26.55,0,1,1,17,0
1871.2,138,77,17,0,4,6,7.92,1,1,1,9,0
1258.28,95,3,3,0,5,7,40.34,1,1,1,6,1
4663.46,156,159,10,0,4,8,59.42,1,1,1,6,0
3549.97,162,160,7,0,1,1,89.67,1,0,1,5,0
974.22,284,30,19,1,1,5,17.07,1,0,1,22,1
816.56,46,32,15,0,4,9,38.03,1,0,1,10,1
227.61,68,102,20,0,2,5,8.69,1,1,1,10,0
2109.13,183,40,2,0,3,6,14.77,0,1,1,7,0
1664.54,75,96,2,0,1,5,21.75,1,0,1,15,0
5631.84,82,2,6,1,3,3,58.79,0,1,1,3,1
2589.07,456,17,16,2,2,6,63.02,1,0,1,8,1
6865.26,272,5,4,0,3,7,13.87,1,0,1,16,1
900.22,157,36,6,0,2,5,25.33,1,1,1,13,0
5642.88,103,115,6,0,2,4,20.22,0,1,1,14,0
1065.38,477,50,1,0,1,4,3.18,1,0,0,9,0
3934.72,58,44,4,0,2,8,0.93,1,1,1,5,0
420.41,329,27,2,0,5,7,1474.82,1,1,1,17,1
2287.32,496,3,28,0,4,7,6.04,1,1,1,5,0
248.47,184,87,10,0,4,8,1080.99,1,1,1,8,0
1384.18,230,50,4,0,4,8,1.57,1,1,1,13,0
2808.35,238,160,4,0,3,8,21.83,0,1,1,10,0
1073.88,281,33,14,0,2,8,282.83,1,1,1,11,0
632.43,211,30,7,0,1,5,47.83,1,0,1,6,0
4213.79,227,219,16,0,3,5,5.09,1,1,1,20,0
1630.33,101,9,6,0,3,5,7.82,1,0,1,0,0
1108.13,37,17,5,0,2,4,13.25,1,1,1,21,0
1885.4,316,40,0,0,1,4,35.95,1,0,1,6,0
25252.21,71,44,14,0,2,4,30.44,1,0,1,19,0
5730.18,435,47,14,0,2,5,38.53,1,1,1,10,0
5782.4,164,14,23,0,3,5,18.74,1,1,1,8,0
2794.89,571,156,2,0,2,4,4.49,0,1,1,8,0
2135.56,225,72,3,0,2,7,23.69,1,1,1,13,0
164.67,132,17,21,0,2,6,12.68,0,1,1,18,0
916.92,268,20,4,0,4,8,39.86,1,1,1,11,0
1118.14,530,127,11,0,2,4,1116.73,1,1,1,4,0
277.3,192,28,7,0,2,4,1170.63,1,1,1,9,1
568.26,186,48,37,0,2,3,55.82,1,0,1,12,0
249.43,175,7,1,0,1,3,33.85,1,0,0,9,0
1740.06,130,17,18,0,5,9,916.08,1,1,1,15,1
4100.1,213,32,5,0,4,10,3.81,1,0,1,20,0
5468.58,234,64,20,0,1,2,10.13,1,1,1,12,0
2737.46,565,19,17,0,3,4,47.81,1,1,1,8,0
689.94,132,180,6,0,4,7,49.61,1,1,1,14,0
261.89,470,14,12,0,2,5,831.63,1,1,1,7,0
312.04,243,90,11,0,1,2,19.0,1,1,1,5,0
508.27,270,27,10,0,1,5,303.49,1,0,1,18,0
743.33,119,107,9,0,1,2,219.89,1,1,1,9,0
1541.1,165,153,24,0,4,5,62.62,1,1,1,6,0
655.79,145,12,15,0,1,6,13.7,1,1,1,14,0
2537.6,287,40,26,0,1,3,26.2,1,1,1,11,0
1433.29,89,10,6,0,1,3,0.12,1,1,1,12,0
1827.21,85,73,12,0,1,5,6.28,1,1,0,21,0
5654.75,29,107,10,0,2,5,51.74,1,1,1,11,0
555.44,271,29,14,0,4,6,24.71,1,0,1,12,0
2748.21,69,30,1,0,5,10,2.89,1,1,1,8,0
1782.95,180,13,24,0,2,7,56.27,1,1,1,19,0
1295.32,60,21,18,0,1,4,28.3,1,0,1,13,0
4381.98,183,23,2,0,1,2,5.48,1,1,1,21,0
4354.71,176,10,4,0,2,4,35.74,1,1,1,17,0
701.7,123,22,16,0,2,2,2.67,0,1,1,8,0
1506.94,235,142,4,0,3,9,10.39,1,0,1,16,0
2395.18,118,23,7,3,4,7,5.42,1,1,1,14,1
1376.08,312,19,8,0,3,4,5.01,1,0,1,0,0
3245.49,359,29,2,0,2,5,73.47,1,1,1,13,0
2395.13,372,193,4,0,4,5,12.33,1,0,1,18,0
11300.04,182,86,5,0,1,8,22.01,1,1,1,15,0
391.4,263,13,19,0,4,5,31.4,1,1,1,21,0
1599.69,181,83,25,0,1,3,8.02,1,0,1,18,0
728.87,243,87,3,0,3,9,24.66,1,0,1,20,0
3308.03,188,179,9,0,4,6,8.35,0,1,1,16,0
358.82,201,133,3,0,2,3,3.63,1,0,1,8,0
2556.29,448,6,6,0,5,8,26.97,1,1,1,5,0
962.9,39,36,3,0,4,7,4.22,1,1,1,0,1
867.69,207,72,4,0,1,4,14.42,1,0,1,23,0
425.6,206,217,5,0,5,9,12.3,0,1,1,12,0
1135.61,115,5,11,0,1,4,3.7,1,0,1,18,0
5348.12,258,27,17,0,3,6,3.66,1,0,1,12,0
1763.07,175,40,12,0,7,9,2.55,1,1,1,7,1
3386.93,125,31,7,0,1,4,63.73,0,1,1,13,0
9553.3,199,36,20,0,2,8,26.46,1,1,1,17,0
2353.73,464,27,7,0,2,5,19.47,0,1,1,18,0
1034.01,685,211,12,0,1,4,19.03,1,1,1,19,0
2884.92,156,97,14,0,3,7,5.87,1,1,1,12,0
1049.12,145,80,23,0,3,6,63.76,1,0,1,19,0
1091.79,174,31,20,0,1,3,2.05,1,1,1,15,0
395.48,51,127,7,0,2,3,1.46,0,1,1,8,0
4565.38,162,5,18,0,4,9,5.87,1,1,1,19,0
1229.05,37,9,8,0,2,2,0.19,1,1,1,12,0
2169.17,99,184,25,0,2,7,46.51,1,1,1,13,0
641.65,244,50,6,0,2,8,20.94,0,1,1,19,1
2796.01,88,10,8,0,3,4,18.37,0,0,1,15,1
843.92,216,178,5,0,2,7,15.05,1,1,1,22,0
1569.15,146,220,5,0,2,3,4.74,0,1,1,10,0
4349.54,116,127,15,0,2,3,6.18,1,1,1,19,0
3986.86,322,16,2,0,1,3,10.52,1,1,1,14,0
1768.65,192,19,5,0,4,7,4.79,1,1,1,6,0
308.55,237,31,11,2,1,4,13.84,1,1,1,9,1
36055.35,145,51,10,0,3,5,52.3,1,0,1,18,1
10361.57,294,291,14,0,2,5,29.48,0,1,1,19,0
3724.45,74,187,26,0,2,4,12.76,1,1,1,14,0
851.33,368,152,2,0,2,4,2.26,1,0,1,5,0
1613.9,21,5,4,0,1,2,18.03,1,0,1,16,0
1050.04,25,84,15,0,2,3,63.29,1,1,1,16,0
6398.74,124,125,8,0,2,6,17.81,1,0,1,12,0
2350.78,144,24,3,0,1,4,5.84,1,0,1,10,0
825.37,140,14,1,0,1,3,26.14,1,0,1,19,0
1129.18,89,82,9,0,2,4,13.14,1,1,1,19,0
5547.97,481,5,20,0,2,5,6.45,0,1,1,17,0
8956.17,169,169,11,0,1,4,961.0,1,0,1,20,0
8335.94,373,10,9,0,1,6,20.24,1,0,1,21,0
3854.64,41,36,7,0,1,5,32.82,0,1,1,5,0
1404.41,92,243,5,0,3,4,3.23,1,1,1,10,0
70.7,75,266,4,0,4,8,1.73,1,0,1,16,0
2433.68,34,89,17,0,2,4,40.28,1,1,1,7,0
1804.74,203,109,5,0,3,6,5.21,1,0,1,18,0
2079.71,121,204,3,0,1,2,0.72,1,1,1,22,0
1908.17,60,157,12,0,2,3,10.47,1,0,1,11,0
479.98,99,58,25,0,2,6,30.68,1,0,1,10,0
3157.1,265,79,32,0,3,6,33.56,0,0,1,20,0
3402.33,415,54,25,0,3,7,3.54,1,1,1,14,0
3577.21,124,42,8,0,3,7,3.16,1,1,1,17,0
4659.1,107,127,3,0,4,6,11.0,1,1,1,19,0
3307.84,130,80,13,0,1,1,15.73,1,0,1,16,0
1199.87,103,117,31,0,1,4,11.39,1,0,1,15,0
1684.4,108,6,23,0,1,4,13.33,1,1,1,21,0
1980.54,441,51,14,0,3,8,1397.03,1,1,1,6,1
2013.64,274,23,8,0,2,4,0.24,0,1,1,21,0
4906.02,301,43,8,0,1,5,15.87,0,0,1,9,0
3441.52,87,56,1,2,3,4,4.4,1,1,1,0,1
14434.02,264,112,4,0,2,6,30.44,1,1,1,11,0
16423.51,150,1,4,0,4,4,18.2,1,0,1,11,0
1957.94,78,10,17,0,1,3,4.68,1,1,1,12,0
50.0,616,152,6,3,5,8,17.76,1,0,1,18,1
6228.14,229,205,6,0,2,4,6.72,1,0,1,14,0
1053.24,433,3,13,0,4,8,1.51,1,0,1,9,0
811.2,343,24,6,0,4,6,0.52,1,1,1,5,0
1213.85,38,1,14,0,3,6,56.58,0,0,1,5,1
1156.74,89,84,17,0,3,7,53.36,0,1,1,14,0
3335.14,263,68,12,0,4,7,9.57,0,0,1,10,0
380.15,140,49,10,0,4,6,755.05,0,1,1,7,1
615.4,232,70,18,0,1,6,2.85,1,1,1,12,0
2548.24,337,46,6,3,1,5,11.14,1,1,1,10,1
3370.93,37,16,5,0,1,1,3.09,1,1,1,9,0
3434.21,220,84,12,0,3,9,61.97,1,1,1,21,0
823.01,120,91,23,0,5,11,21.72,1,1,1,18,0
679.76,282,115,10,0,3,9,0.73,1,1,1,16,0
1089.38,372,184,0,0,3,5,11.26,1,1,0,5,0
2298.18,169,82,40,0,4,9,4.1,1,0,1,19,0
7986.26,154,3,15,0,2,4,2.36,1,1,1,20,0
233.36,229,1,24,0,5,9,15.29,1,1,1,9,0
1449.93,279,80,12,0,2,2,26.98,1,1,1,17,0
476.91,544,3,6,0,2,7,22.06,1,1,1,17,0
346.46,26,22,1,0,6,8,23.1,1,1,1,8,0
4755.02,525,8,11,0,2,3,17.17,1,1,1,9,0
3116.99,349,208,14,0,2,4,1.34,0,1,0,18,0
2833.97,430,22,10,0,4,7,6.54,1,1,1,19,0
4541.56,167,3,4,0,3,6,2.5,1,1,1,12,0
1119.1,134,179,0,0,3,6,25.93,0,1,1,16,0
1173.05,44,56,5,0,4,8,11.41,1,1,1,19,0
16086.42,108,2,7,0,1,2,7.27,0,0,1,18,1
1412.94,265,107,3,0,3,7,68.31,1,1,1,19,0
3771.14,107,9,2,0,2,5,35.18,1,1,1,9,0
1819.62,190,97,11,0,2,4,9.51,1,1,1,10,0
284.79,241,55,10,0,1,2,1.27,1,1,1,5,0
234.01,286,11,4,0,2,5,959.46,1,0,1,16,1
1013.35,597,83,5,0,3,6,1.85,1,1,1,16,0
5198.37,188,36,17,0,5,7,10.19,1,1,1,8,0
3977.03,275,60,8,0,1,3,35.69,1,1,1,18,0
4510.11,143,122,18,0,2,3,16.39,1,1,1,19,0
673.81,79,18,7,0,3,7,0.87,1,0,1,8,1
9098.57,117,27,8,0,5,9,6.32,1,1,1,6,1
688.91,160,354,9,0,2,4,29.82,1,1,1,16,0
2236.85,240,42,16,0,2,8,21.69,1,1,1,20,0
1789.42,531,49,9,0,1,4,384.11,1,1,1,6,0
1519.48,177,20,3,0,1,5,15.06,1,1,1,19,0
6895.28,127,32,16,0,3,5,0.72,1,0,1,19,0
893.27,126,41,4,0,3,5,19.08,0,0,1,14,1
468.9,219,17,17,0,2,5,27.89,1,1,1,11,0
1844.56,215,16,9,0,2,5,15.0,0,1,1,18,0
1212.18,204,55,12,0,6,11,8.24,1,0,1,15,0
52964.81,166,12,2,0,3,6,2.19,0,0,1,7,1
3556.41,295,48,11,0,1,4,5.0,1,1,1,5,0
1200.7,34,73,1,0,6,7,5.46,1,1,1,12,1
628.85,262,13,2,0,2,4,11.24,1,1,1,13,0
275.81,134,82,12,0,6,10,0.17,1,1,1,17,1
648.58,234,26,2,0,4,7,15.31,1,1,1,16,0
2028.28,258,293,1,0,2,4,1.72,1,1,1,20,0
7535.11,124,232,8,0,2,4,12.01,1,0,1,18,0
5550.75,650,96,3,0,3,4,29.02,1,1,1,7,0
2273.54,88,25,7,0,4,6,23.86,1,1,1,6,1
1308.76,402,166,4,0,3,4,9.64,1,0,1,12,0
2365.66,165,402,6,0,2,7,10.5,1,0,1,21,0
1076.38,324,37,10,0,3,5,43.75,1,1,1,19,0
10080.56,47,57,12,0,3,8,0.66,1,1,1,19,0
1496.39,250,1,16,0,5,9,7.67,1,0,1,15,0
1658.49,174,2,12,0,2,5,4.36,1,0,1,10,0
197.19,265,41,11,0,2,5,34.01,1,1,1,17,0
1487.07,264,56,17,0,4,7,59.77,0,0,1,0,0
4173.39,310,22,3,2,2,6,22.76,0,0,1,14,1
621.59,397,6,17,0,3,7,10.25,1,1,1,6,0
853.44,464,91,9,0,4,7,45.34,1,1,1,14,0
3994.65,58,32,20,0,3,6,820.85,1,1,0,15,1
412.96,42,62,3,0,2,2,23.61,1,1,1,21,0
5207.22,132,63,8,0,3,8,10.57,0,1,0,13,0
1061.94,208,47,12,1,3,8,10.97,0,1,1,10,1
1225.9,135,11,9,0,2,4,3.34,0,1,0,11,0
587.64,327,57,12,0,2,5,13.01,0,1,1,12,0
2638.71,438,23,24,0,3,6,7.65,1,1,1,10,0
21160.09,298,102,5,0,1,3,68.77,1,1,1,20,0
3950.1,64,12,5,0,1,6,19.12,1,0,1,3,1
761.82,405,20,18,0,1,3,0.47,1,1,1,3,0
5628.63,120,34,11,0,2,3,30.9,1,1,1,7,0
1317.27,29,80,4,0,2,3,14.31,1,0,1,11,0
7147.26,76,76,4,2,1,3,527.52,1,0,0,13,1
4050.83,324,24,10,0,2,5,18.89,1,1,1,10,0
95.28,268,42,17,0,2,9,1511.43,1,0,1,12,1
662.43,182,16,7,0,2,7,13.2,1,0,1,12,0
4648.9,144,88,10,0,3,6,20.43,0,1,1,15,0
2104.13,69,13,4,0,3,6,1.44,1,1,1,10,0
649.53,130,102,13,0,3,8,11.17,1,0,1,6,0
959.5,56,165,24,0,6,10,11.07,1,1,1,18,0
268.75,267,286,7,0,3,6,16.6,1,1,1,18,0
1655.12,319,116,9,0,3,6,980.43,1,1,1,9,0
16492.97,276,15,4,0,2,3,21.5,1,1,1,21,0
4043.77,337,32,7,0,2,10,3.65,1,1,1,14,0
16161.98,202,5,1,0,2,4,27.82,1,1,1,18,0
4369.47,327,10,1,0,3,7,461.79,1,0,1,22,0
5051.7,16,3,13,0,3,7,3.23,1,1,1,0,0
13017.87,170,61,3,0,3,6,7.8,0,1,1,11,1
2636.65,271,45,3,1,7,12,0.41,0,1,0,14,1
1499.33,118,149,5,0,1,7,37.68,1,1,1,9,0
5077.92,162,37,0,0,1,8,15.55,1,1,1,15,0
7737.55,165,61,1,0,2,4,25.71,1,1,1,9,0
1118.83,188,30,1,0,1,2,30.78,1,1,1,17,0
878.69,93,106,12,0,2,2,3.0,1,0,1,9,0
2077.37,166,156,3,0,4,5,21.46,1,1,1,20,0
4152.64,319,33,14,0,2,5,6.3,1,1,1,11,0
4016.2,68,5,2,3,3,9,53.41,1,1,1,19,1
435.21,97,10,15,0,2,5,13.84,1,1,1,14,0
12229.5,177,76,16,0,4,9,0.14,1,1,0,11,0
952.26,267,23,8,0,3,8,7.68,1,1,1,19,0
1387.05,68,92,5,0,3,4,21.99,1,1,1,23,0
733.15,116,83,10,0,3,7,0.87,0,1,1,9,0
26858.26,459,71,35,0,1,3,0.04,1,0,1,18,0
2303.24,191,100,8,0,2,6,5.39,1,1,0,17,0
772.03,257,84,25,0,2,6,1.64,1,0,1,20,0
4289.49,339,60,0,0,3,5,44.37,1,1,1,20,0
3901.58,192,1,2,0,1,5,12.86,1,1,1,16,0
1498.58,70,43,4,0,1,5,7.88,1,1,1,10,0
4190.63,153,54,25,0,2,4,13.44,1,0,1,12,0
792.12,267,194,10,0,1,4,7.79,1,1,1,22,0
1104.43,285,63,11,0,3,5,25.93,1,0,1,18,0
242.2,121,51,3,0,4,5,36.6,1,0,1,11,0
481.09,112,46,4,0,1,6,15.92,1,1,1,12,0
11021.8,111,6,14,0,3,4,0.91,0,1,1,6,0
9334.09,287,33,11,0,2,3,1249.01,1,0,1,18,1
1930.99,128,8,8,0,2,4,12.8,1,1,1,11,0
9536.97,36,3,1,0,4,8,5.61,1,1,1,22,1
1540.6,143,23,15,0,3,8,2.54,1,0,1,6,0
1417.41,263,62,5,0,3,5,24.84,1,1,1,7,0
1913.16,325,120,8,0,4,5,32.1,0,1,1,15,0
1595.72,118,99,6,0,2,5,16.92,1,0,1,17,0
1457.97,175,20,2,0,4,9,11.52,1,0,1,10,1
5672.57,169,2,7,0,3,3,1.95,0,1,1,20,0
2100.93,154,30,3,0,1,3,32.98,1,1,1,12,0
3686.68,153,22,2,0,1,2,16.58,1,0,1,23,0
5071.44,37,27,2,0,2,6,456.38,1,1,1,8,1
2665.6,241,49,3,0,5,11,36.06,0,0,1,15,1
685.21,331,1,1,0,3,4,6.29,0,0,1,9,1
467.38,157,27,3,0,3,8,1495.76,1,1,1,15,1
2098.09,84,49,36,0,4,6,18.35,1,1,1,10,0
1523.47,228,33,11,0,2,3,64.51,1,1,1,13,0
1973.16,529,66,11,0,3,4,73.52,1,1,1,14,0
1779.25,223,12,4,0,2,4,20.87,1,1,1,13,0
23946.41,199,10,35,0,2,6,4.92,1,1,1,8,0
478.08,89,22,29,0,5,11,0.35,1,1,1,8,0
247.16,40,6,1,0,4,5,5.66,1,0,1,7,1
2520.91,164,16,12,0,1,1,0.22,1,0,1,12,0
1240.88,225,5,17,0,3,5,4.6,1,1,1,13,0
2480.13,401,30,14,0,3,6,7.75,1,0,1,10,0
3241.8,194,74,13,0,4,5,868.11,0,1,1,14,1
6529.62,48,20,6,0,2,2,5.15,0,0,1,6,0
400.52,91,1,11,0,3,5,0.2,1,1,1,1,0
1036.17,204,48,2,0,3,5,14.88,1,1,1,16,0
2775.99,203,70,14,0,3,8,9.67,1,1,1,20,0
3906.76,282,29,13,0,4,7,21.64,0,0,1,10,1
16211.07,100,21,4,0,4,8,10.57,1,1,1,17,1
4701.82,409,40,13,0,2,3,16.7,1,0,1,20,0
1708.23,238,6,9,0,4,8,611.0,1,0,1,12,1
742.16,98,61,12,0,1,6,6.71,1,1,1,0,0
1028.35,149,79,12,0,3,7,9.0,1,1,1,20,0
999.54,71,73,19,0,6,8,9.77,1,0,1,15,0
3481.55,280,23,20,0,1,1,1.45,1,1,1,20,0
2337.87,357,110,12,0,2,4,33.31,1,0,1,19,0
481.23,492,176,22,0,2,5,3.33,1,0,1,5,0
1169.23,171,21,7,0,3,6,9.44,1,1,1,16,0
4348.33,209,18,23,0,3,5,17.45,1,0,1,22,0
2570.0,197,73,6,0,2,7,10.45,1,1,1,10,0
3192.77,344,73,8,0,2,5,76.91,1,0,1,15,0
2651.61,107,42,14,0,1,3,11.59,1,1,1,12,0
9195.14,149,154,5,0,4,6,67.13,1,0,1,16,0
2289.4,215,9,3,0,3,7,299.32,1,1,0,1,1
1229.03,332,38,15,0,1,5,2.97,0,0,1,11,0
723.6,386,2,14,0,2,6,6.79,1,1,0,8,0
2320.67,311,3,14,0,2,6,1466.6,1,1,1,7,1
157.48,159,3,6,0,1,3,6.06,0,0,1,13,1
1503.74,256,40,4,0,2,3,4.05,1,1,1,9,0
1471.68,181,53,1,0,2,5,29.24,1,1,1,12,0
461.98,127,1,2,0,4,7,3.88,0,1,1,18,1
714.61,196,60,29,0,1,1,0.26,1,1,1,4,0
4062.92,727,40,10,0,3,8,6.77,1,0,1,13,0
2277.22,105,15,12,0,2,6,48.55,1,1,1,18,0
2001.77,115,1,21,0,1,4,1.63,1,1,1,19,0
2456.14,172,10,14,0,3,6,6.76,1,0,1,20,0
1983.52,324,55,1,0,3,6,15.19,1,0,1,13,0
6265.81,48,64,18,0,2,4,17.49,1,1,1,19,0
2045.56,290,62,3,0,3,8,9.53,1,1,1,8,0
420.64,124,9,32,0,2,7,2.61,1,1,1,13,0
9229.22,276,145,13,0,3,5,2.22,1,0,1,13,0
2618.46,217,31,16,0,1,5,11.93,1,1,1,10,0
1003.0,146,87,6,0,4,8,36.93,1,1,1,14,0
516.25,65,10,11,0,1,5,22.57,1,0,1,12,0
2686.28,331,38,21,0,1,1,581.41,1,1,1,14,0
1608.13,168,44,29,0,1,3,23.92,1,0,1,18,0
8726.74,146,88,16,0,2,5,8.4,0,0,1,19,0
1279.33,110,58,11,0,2,2,15.03,0,0,1,10,0
782.6,230,30,4,3,1,3,42.18,1,1,1,21,1
4428.41,326,19,13,0,4,7,19.77,1,1,1,10,0
4560.93,182,216,2,0,4,6,98.33,0,0,1,20,0
2140.19,109,20,14,0,2,3,30.85,0,0,0,14,1
3555.88,375,8,18,0,4,7,32.03,1,1,1,23,0
1741.17,85,21,4,0,1,5,15.41,1,0,1,19,1
2284.41,162,23,14,0,4,9,35.97,0,1,1,11,1
5796.39,346,8,11,0,4,6,21.01,0,1,1,14,0
3378.94,153,73,26,0,2,5,16.26,0,0,1,12,0
1526.49,61,57,16,0,2,4,28.14,1,1,1,13,0
6990.89,208,22,23,0,2,4,19.03,1,0,1,23,0
169.89,381,297,53,0,2,5,13.9,1,0,1,11,0
14073.84,125,63,12,0,1,2,35.01,1,1,1,20,0
328.34,136,72,7,0,2,6,67.84,1,1,1,13,0
965.75,329,48,8,0,1,6,4.62,1,1,1,21,0
1735.55,14,48,10,0,3,6,10.63,0,1,1,16,0
1561.68,387,1,6,0,2,3,3.77,1,1,1,6,0
4946.38,118,88,9,0,2,7,69.04,1,1,1,11,0
627.76,50,144,3,0,3,6,60.51,1,1,1,16,0
2346.7,157,7,5,0,1,1,13.79,1,0,1,8,0
1014.13,265,95,3,0,2,5,16.63,1,1,1,20,0
2428.77,147,45,14,0,4,9,75.0,0,0,1,6,1
1694.64,76,20,12,0,1,3,6.72,1,0,0,11,1
1984.13,326,152,7,0,3,6,0.76,1,0,1,13,0
1043.23,165,1,7,0,1,5,5.29,1,0,1,15,0
1085.65,44,19,11,0,3,7,50.06,1,1,1,18,0
2409.74,48,130,15,0,2,5,0.79,1,1,1,17,0
4645.78,230,39,8,0,1,5,15.05,1,1,1,0,0
993.98,62,54,0,0,6,11,13.32,1,1,0,19,1
758.42,497,83,9,0,1,2,47.24,0,0,1,12,0
3339.11,192,9,7,0,1,3,26.11,1,1,1,20,0
1750.22,100,14,6,0,2,5,4.34,1,0,1,7,0
4148.48,98,395,11,0,1,6,5.21,1,0,1,19,0
730.85,187,16,1,0,2,3,46.16,1,1,1,0,0
305.08,429,46,10,0,1,3,10.17,1,1,1,3,0
1061.03,116,21,14,0,3,8,1.37,1,1,1,12,0
840.21,151,114,21,0,2,6,10.72,1,1,1,16,0
1671.06,226,195,6,0,2,5,19.33,1,0,1,11,0
956.38,153,9,14,0,4,10,602.38,1,1,1,16,0
3793.4,60,55,1,0,4,5,42.04,0,1,1,15,0
1355.4,188,100,16,0,2,9,49.15,1,1,1,21,0
2101.64,114,103,20,1,1,5,24.69,1,1,1,7,0
2116.74,147,34,4,0,3,7,2.3,1,1,1,9,0
2197.24,465,15,4,0,2,7,10.24,1,0,1,15,0
1764.94,153,29,3,0,3,5,17.09,1,1,1,10,0
3012.73,27,83,14,0,1,8,19.16,1,1,1,10,0
815.94,142,304,0,0,3,6,9.84,1,0,1,8,0
7327.71,169,48,12,0,3,7,16.5,0,1,1,19,0
1427.19,262,13,5,0,2,6,9.23,1,1,0,10,0
487.09,207,2,11,0,3,6,3.78,1,0,1,15,0
2182.17,205,172,23,0,2,4,34.22,1,0,1,3,0
771.87,217,39,12,0,1,2,392.92,1,0,1,23,0
3516.9,286,75,3,0,5,7,8.91,1,1,1,7,0
16475.1,59,64,18,3,2,7,13.95,1,0,1,8,1
823.39,570,132,6,0,2,4,15.75,1,0,1,11,0
2520.9,137,18,3,0,1,3,4.16,1,0,1,16,0
312.47,81,34,30,0,1,4,46.43,1,1,1,10,0
2846.67,230,146,4,0,2,4,5.46,1,1,1,10,0
745.67,148,52,5,0,2,5,25.61,1,0,1,0,0
967.94,310,4,5,0,2,8,12.33,1,1,1,9,0
601.07,118,12,9,0,2,3,8.46,1,0,1,18,0
3759.91,336,16,22,0,2,4,37.61,1,1,1,13,0
4950.8,82,304,11,0,4,8,0.63,1,1,1,16,0
1850.82,500,15,13,0,1,5,2.06,1,0,1,15,0
761.72,174,122,1,0,1,4,13.25,0,0,1,16,0
8861.96,418,4,0,0,3,4,26.03,1,0,1,19,0
853.71,73,12,24,0,3,8,66.09,1,1,1,5,0
208.09,277,123,11,0,3,6,31.39,1,1,1,6,0
2859.46,273,137,3,0,3,7,1.54,1,1,1,23,0
598.98,156,11,32,0,3,6,27.47,1,1,1,10,0
4859.1,28,15,3,0,3,8,6.12,0,1,1,14,1
1235.04,279,45,10,0,6,6,12.87,1,1,1,17,0
3306.72,141,3,2,0,3,4,1514.58,1,1,1,12,1
7342.98,377,174,7,0,3,6,1069.22,1,1,1,6,0
539.77,317,26,10,0,2,8,3.9,1,1,1,6,0
1026.66,376,40,19,0,4,7,2.17,0,1,1,22,0
1676.27,250,6,14,0,4,10,35.22,1,1,1,19,0
8413.15,191,1,2,0,3,6,63.33,1,0,1,21,1
936.0,427,37,12,0,3,9,2.48,1,1,1,9,0
997.74,697,7,20,0,1,2,11.02,0,1,1,23,0
2916.5,180,59,29,0,1,5,36.35,0,0,1,16,0
1015.13,372,94,21,0,3,6,2.42,1,1,1,22,0
2105.96,110,1,6,0,2,5,10.08,1,0,1,13,0
383.16,79,56,21,0,2,5,4.92,1,1,1,16,0
16553.12,112,101,3,2,5,9,4.28,1,1,1,21,1
469.79,105,34,3,0,2,6,97.1,1,1,1,13,1
1310.61,285,192,9,0,4,5,12.77,1,1,1,19,0
1750.26,127,7,7,0,2,6,854.84,1,1,1,14,1
12242.74,84,23,13,0,3,5,81.28,1,0,1,12,0
480.66,85,15,11,0,2,8,26.92,1,1,1,0,0
13143.78,247,334,10,0,3,6,9.08,1,0,1,21,0
3855.19,284,20,11,0,4,8,17.35,1,1,1,0,0
2743.79,258,29,13,0,2,7,83.05,1,0,1,17,0
675.44,277,112,5,0,3,7,34.79,1,1,1,10,0
3200.75,141,159,2,0,3,8,1.77,1,0,1,21,0
877.01,559,166,11,0,2,4,0.21,1,1,1,19,0
6416.71,144,49,19,0,3,5,3.53,1,1,1,4,0
684.67,122,65,8,3,3,9,1.26,1,0,1,19,1
1614.6,280,25,3,0,2,4,408.92,1,1,1,18,0
1037.66,140,56,9,0,3,5,26.77,1,0,1,7,0
673.49,121,21,8,0,3,6,47.45,1,1,1,19,0
3794.55,148,82,16,0,4,7,411.37,0,0,1,15,0
3088.56,202,22,7,0,2,5,48.1,1,1,1,13,0
6057.24,336,126,5,0,3,6,37.82,1,0,1,8,0
304.94,47,9,8,0,2,7,1224.66,1,1,1,0,1
5240.49,337,50,3,0,4,10,4.32,1,0,1,10,1
22146.81,59,44,7,0,1,4,0.12,1,1,1,18,0
1150.97,66,18,1,0,3,9,1483.42,1,1,1,20,1
12029.88,209,1,15,3,2,2,18.06,1,1,1,9,1
1389.69,50,9,15,0,3,6,45.23,1,0,1,6,0
458.33,118,206,3,0,3,7,48.25,0,1,1,19,0
1331.91,314,170,4,0,3,8,5.86,1,1,1,7,0
5157.48,280,7,6,0,2,8,3.2,1,0,1,9,0
781.98,336,28,25,0,2,3,27.75,1,1,1,12,0
991.94,113,37,1,0,1,7,49.79,1,0,1,8,1
3273.25,144,39,12,0,3,6,864.89,0,1,1,19,0
1813.58,61,21,6,0,1,4,35.3,1,1,1,11,0
3244.2,148,146,3,0,2,9,14.79,1,1,1,18,0
2293.49,63,143,16,0,2,4,45.85,1,1,1,18,0
2920.84,713,1,3,0,2,3,2.11,1,1,1,18,0
1173.44,234,62,4,0,1,3,0.91,1,1,1,22,0
2279.54,201,4,5,0,3,7,18.23,1,1,1,9,0
715.25,108,54,27,0,2,4,22.91,1,1,1,18,0
6557.95,101,120,0,0,2,5,724.64,1,0,1,21,1
958.84,130,62,4,0,2,5,8.85,1,1,1,0,0
5590.63,218,37,8,0,4,7,34.42,1,1,1,9,0
1431.38,80,190,9,0,3,5,35.93,1,1,1,22,0
2212.77,62,82,6,0,2,4,27.11,1,1,0,16,0
1102.17,14,17,27,0,4,7,18.1,1,1,1,14,0
654.59,237,29,5,0,2,2,3.69,1,1,1,13,0
315.84,160,85,13,0,2,2,12.78,1,1,1,14,0
629.34,130,1,17,0,2,4,10.47,0,0,1,9,0
1307.79,79,3,2,0,2,5,1164.36,1,1,1,19,1
2234.74,130,117,2,0,2,3,6.06,1,1,1,10,0
4966.05,382,2,8,0,4,7,28.6,1,1,1,19,0
1157.76,97,68,7,0,4,6,13.13,1,0,1,18,0
748.48,255,23,9,0,2,4,7.95,1,0,1,11,0
427.21,279,104,4,0,3,7,18.74,1,1,1,7,0
2922.12,74,112,7,0,1,5,32.81,1,0,1,10,0
7209.79,85,183,11,0,2,9,51.93,0,1,1,12,0
6414.59,166,6,6,0,2,5,16.75,0,1,1,21,0
3677.3,541,32,16,0,4,5,9.83,1,1,1,0,0
3423.93,316,51,2,0,2,4,2.92,1,1,1,5,0
9873.64,166,148,5,0,2,4,2.19,1,1,1,19,0
2520.17,323,18,26,0,1,3,11.51,1,1,1,12,0
3450.0,26,4,10,0,2,4,77.29,0,1,1,2,1
1311.88,157,13,10,0,4,9,1216.74,0,1,1,14,1
463.11,25,41,7,0,1,3,1015.62,1,1,1,9,1
912.47,193,68,24,0,2,8,44.62,1,1,1,8,0
1791.56,271,70,5,0,2,4,14.69,1,1,1,16,0
1921.35,118,4,14,0,3,5,23.22,1,1,1,8,0
12410.35,114,85,27,0,2,7,6.45,0,1,1,19,0
1961.13,169,64,15,0,2,4,1.77,1,1,1,20,0
5877.25,125,31,16,0,3,9,2.72,0,1,1,22,0
1170.19,139,50,33,0,3,3,26.13,0,1,1,21,0
1323.88,343,87,14,0,5,6,24.13,1,0,1,8,0
478.66,280,18,1,0,5,8,41.28,1,0,1,12,1
860.64,220,168,5,0,2,8,13.03,1,1,1,20,0
3062.48,52,8,14,0,2,5,21.96,1,0,1,11,0
1821.76,245,139,7,0,4,8,20.79,1,1,1,13,0
4642.18,165,81,8,0,2,4,40.32,1,1,1,12,0
2167.34,127,64,21,0,2,2,10.25,1,1,1,17,0
1270.98,140,5,8,0,1,4,16.35,1,1,1,7,0
15495.37,387,150,16,0,1,3,16.46,0,1,1,9,0
1645.99,309,21,3,0,2,6,1.12,0,1,1,14,0
5784.87,138,82,9,0,4,7,118.91,1,1,1,11,0
1210.5,441,129,13,0,2,4,60.64,1,1,1,9,0
3676.07,294,16,7,0,5,8,4.39,0,1,1,12,1
4573.42,100,147,9,0,2,3,17.38,1,0,1,13,0
2227.18,98,56,5,0,3,8,30.0,1,1,1,10,0
171.66,191,64,14,0,4,5,0.44,1,1,1,21,0
1841.35,84,147,1,0,3,8,1460.09,1,0,1,16,1
6188.57,472,44,8,0,1,5,48.08,1,1,1,18,0
3064.01,194,34,3,0,2,4,11.27,1,1,0,22,0
2823.8,88,60,35,0,2,4,61.65,1,0,1,16,0
323.03,404,48,5,0,6,7,13.02,1,1,1,20,0
879.67,24,3,13,0,4,9,14.48,1,0,1,7,1
2728.09,195,11,4,0,2,3,15.79,1,0,1,19,0
2725.43,160,1,6,0,5,8,35.19,1,1,1,15,1
6091.6,61,6,13,0,1,4,27.08,1,1,1,17,0
1564.21,425,78,1,0,1,5,7.43,1,0,1,18,0
2713.04,121,1,5,0,2,5,16.07,1,0,1,12,1
1837.89,111,21,3,2,2,3,53.73,1,1,1,11,1
673.88,282,35,21,0,2,8,45.91,1,1,1,9,0
189.47,190,166,10,0,5,7,34.53,1,1,1,16,0
2782.23,91,23,24,0,2,4,819.19,1,1,1,12,1
2151.56,120,91,15,0,3,5,43.23,1,1,1,4,0
974.4,391,31,9,0,2,3,6.79,1,0,1,21,0
358.11,147,6,9,0,1,4,40.35,1,1,1,19,0
3393.92,534,6,29,0,2,4,9.33,1,0,1,12,0
1385.87,83,33,32,0,3,8,63.48,1,0,1,13,0
3155.41,134,3,17,0,3,4,19.87,1,1,1,10,0
11661.51,103,50,12,0,2,5,13.92,1,1,1,4,0
212.42,268,40,6,0,5,11,31.21,1,1,1,20,0
898.21,550,72,11,0,3,5,931.08,1,1,1,18,0
1466.49,181,12,6,0,3,8,54.16,1,1,1,15,0
7745.18,203,53,12,0,4,9,64.42,1,1,1,14,0
351.99,129,11,19,0,2,4,1.12,1,0,1,21,0
12529.75,56,76,15,3,4,6,13.79,1,1,1,20,1
2071.14,148,22,9,0,1,3,955.86,1,0,1,11,0
1642.54,232,57,6,0,1,4,24.74,0,1,1,13,0
1483.17,116,128,9,0,4,5,6.23,1,1,1,14,0
1168.8,61,40,1,0,2,5,16.81,1,1,1,10,0
5157.03,16,12,10,0,1,1,5.74,1,1,1,9,0
621.09,440,130,0,0,2,4,0.08,1,1,1,10,0
2554.0,128,26,17,0,2,6,10.1,1,0,1,15,0
1231.29,225,78,12,0,2,3,3.41,1,1,1,17,0
843.76,331,23,15,0,2,5,8.47,1,1,1,7,0
24003.99,374,21,9,0,4,7,0.46,1,1,1,9,0
2749.16,114,61,67,0,3,6,9.96,1,0,1,19,0
3338.46,219,10,32,0,2,9,86.36,1,0,1,19,0
5640.78,235,121,11,3,3,6,22.03,1,1,1,19,1
436.44,302,29,9,0,2,4,11.48,1,1,1,20,0
10428.44,233,1,6,0,2,5,1.56,1,1,1,13,0
147.09,203,21,1,0,2,5,13.53,1,1,1,6,0
838.18,84,92,3,0,2,4,41.37,1,0,1,14,0
1142.49,264,117,5,0,1,4,15.05,1,0,1,1,0
3234.8,169,50,13,0,4,6,0.34,1,1,1,9,0
2250.07,407,20,20,1,4,9,7.3,1,0,1,18,1
1530.25,265,45,6,0,2,3,39.54,1,1,1,9,0
1786.48,35,108,8,0,2,4,30.93,1,1,1,8,0
679.92,79,22,8,0,1,5,15.6,1,1,1,7,0
404.55,130,29,15,0,2,3,26.63,1,0,1,19,0
3738.77,166,46,0,0,2,4,32.85,1,1,1,11,0
3618.11,590,130,14,0,1,5,48.41,1,1,1,19,0
8817.51,285,52,4,0,6,15,54.29,1,1,1,8,1
820.56,103,13,9,3,3,5,3.92,1,1,1,7,1
3614.88,290,5,17,0,3,6,14.43,1,1,1,19,0
1361.43,197,5,2,0,5,12,40.62,1,1,1,19,0
5946.01,292,180,11,0,3,6,64.9,1,1,1,9,0
5023.9,138,103,5,0,1,3,2.7,1,0,1,19,0
2233.24,622,87,3,0,3,4,4.29,1,1,1,15,0
1287.52,439,41,1,0,3,5,2.14,1,1,1,11,0
4726.46,258,66,5,0,2,5,1024.68,1,1,1,19,1
3452.67,127,8,15,0,3,5,81.88,1,1,1,5,0
911.93,291,58,8,0,4,6,13.03,1,1,1,8,0
479.24,56,99,8,0,2,4,20.48,1,0,1,6,0
1354.88,458,3,20,0,1,5,5.26,0,1,1,15,0
8228.95,399,21,12,0,2,4,54.59,1,0,1,21,0
5690.12,240,7,4,0,4,6,4.89,1,1,1,18,0
594.47,86,18,18,0,5,10,9.53,1,1,1,21,0
562.42,138,88,12,0,5,7,2.96,1,0,1,7,0
6468.4,26,24,4,0,2,6,3.05,1,0,1,9,0
580.78,27,70,4,0,2,5,39.52,1,1,1,21,0
3008.8,151,89,6,0,2,6,9.17,1,1,1,2,0
976.46,80,101,2,0,3,6,7.0,1,0,1,21,1
9109.24,36,123,31,0,4,6,21.32,1,1,1,16,0
836.79,127,54,7,0,4,4,4.96,1,1,1,13,0
5672.37,135,19,7,0,2,4,57.92,1,1,1,9,0
2175.16,65,9,39,0,4,10,71.35,1,1,1,15,0
2326.67,213,42,5,0,2,4,7.18,1,1,1,18,0
252.07,321,6,13,0,3,6,63.72,1,1,1,21,0
199.75,221,144,10,0,2,3,14.0,1,1,1,14,0
1450.17,166,35,9,0,1,3,15.17,1,1,1,9,0
2314.4,175,123,1,0,1,6,6.52,1,0,1,10,0
586.87,144,74,0,0,1,1,7.32,1,1,1,22,0
608.69,126,116,1,0,1,6,21.18,1,0,1,9,0
3169.95,218,129,17,0,1,4,4.98,1,1,1,15,0
3174.34,226,3,9,2,1,6,2.86,1,1,1,19,1
1575.39,176,77,2,0,4,9,4.15,1,1,1,10,0
3944.99,129,15,8,0,3,8,59.41,1,1,1,15,0
558.8,85,272,4,0,2,4,6.7,1,0,1,7,0
1266.57,47,90,6,0,1,2,20.05,1,1,0,5,0
9394.48,85,1,8,0,2,3,30.1,1,1,1,3,0
1935.89,128,157,3,0,2,3,17.29,1,1,1,9,0
2051.47,137,20,5,0,1,8,41.31,1,0,1,8,0
18141.3,705,32,41,0,3,4,5.27,0,0,1,12,0
446.15,301,56,9,0,3,7,33.38,1,1,1,11,0
4009.53,219,148,28,0,1,3,19.21,1,1,1,8,0
9547.04,259,157,16,0,2,6,9.25,1,1,1,10,0
1306.55,614,49,6,0,2,3,43.61,1,1,1,15,0
4271.12,105,22,12,0,2,5,24.87,1,0,1,14,0
677.21,472,19,11,0,1,4,7.36,0,0,1,11,0
909.84,17,27,4,0,2,5,1496.47,1,0,1,13,1
2657.04,150,11,2,0,2,5,1.19,1,1,1,19,0
4018.11,76,66,2,0,3,7,26.91,1,1,0,17,0
5546.58,44,45,8,0,2,2,0.09,1,0,1,16,0
8687.4,398,89,7,0,3,6,44.56,1,1,1,12,0
1690.12,148,5,6,1,1,2,3.55,1,0,1,20,1
5964.69,131,30,1,0,2,2,40.5,0,1,1,14,0
1283.95,150,16,0,0,2,7,3.85,1,1,1,6,0
4456.38,190,45,4,0,2,5,19.45,1,0,1,14,1
2224.95,94,37,8,0,4,6,10.47,0,1,1,15,0
2823.35,43,35,6,1,4,6,354.78,1,1,1,5,1
2761.44,167,22,6,0,2,7,36.75,1,0,1,9,0
363.32,192,77,4,0,6,10,3.69,0,1,1,10,0
587.5,417,39,7,0,2,5,2.28,1,0,1,12,0
2003.28,162,13,1,3,1,3,898.69,1,0,1,19,1
334.53,183,47,8,0,2,4,3.21,1,1,1,13,0
4151.44,80,54,10,0,2,3,51.87,1,1,1,16,0
4322.36,80,1,2,0,3,5,4.24,1,1,1,10,0
2507.82,220,13,10,0,2,7,6.58,1,0,1,8,0
589.26,278,16,9,0,4,5,18.94,1,1,0,11,0
7187.79,336,17,5,0,1,3,512.95,1,1,1,8,0
13866.22,212,16,18,0,1,6,42.54,1,0,1,11,0
2094.51,93,19,2,0,2,8,7.07,1,1,0,19,1
3012.53,48,18,11,0,1,6,8.24,1,1,1,12,0
2212.19,75,129,23,0,1,5,32.61,1,1,0,14,0
3072.88,211,23,2,0,4,7,10.11,0,1,1,9,1
1604.3,53,25,4,0,2,4,8.88,1,1,1,11,0
1746.62,77,18,2,0,1,5,25.95,1,0,1,5,0
4472.57,102,205,3,0,1,2,11.94,1,1,1,15,0
18875.58,245,46,13,3,1,6,23.17,1,1,1,11,1
445.83,380,56,4,0,2,5,74.86,1,1,1,16,0
1629.76,178,79,4,0,6,10,10.94,0,1,1,22,0
555.32,202,24,10,0,3,3,1.09,1,1,1,21,0
8884.16,165,208,2,0,2,4,68.21,1,1,1,11,0
1004.52,151,9,12,0,4,5,1122.79,1,0,1,19,1
427.01,230,36,9,0,3,7,18.03,1,1,1,16,0
3422.71,151,9,0,0,4,8,4.72,1,1,1,11,0
10345.54,453,93,7,0,2,5,28.08,1,1,1,10,0
3510.8,195,6,20,0,3,4,20.69,1,0,1,19,0
2218.97,209,48,4,0,1,3,214.86,1,1,1,5,0
2722.05,169,6,9,0,2,3,51.74,1,1,1,20,0
7441.6,288,36,16,0,2,5,11.55,1,1,1,14,0
754.31,100,19,11,0,2,2,9.15,1,1,1,15,0
1616.72,80,140,11,0,2,6,55.83,1,1,1,18,0
1149.76,263,3,12,0,2,6,6.8,0,0,1,23,0
562.36,194,62,4,0,2,6,21.71,1,1,1,13,0
1301.96,266,71,18,0,4,5,0.98,1,1,1,14,0
5473.76,136,131,5,0,5,7,22.87,1,0,1,14,0
3186.26,185,126,16,0,5,9,19.13,1,0,1,17,0
3443.73,124,226,28,0,2,7,5.35,1,1,1,12,0
2093.26,163,17,9,0,2,5,1.68,1,1,1,13,0
3051.3,49,19,7,0,5,8,11.56,1,1,1,19,0
811.93,26,30,27,0,3,5,28.42,1,1,1,4,0
1326.75,56,46,8,0,4,8,0.91,1,1,1,11,0
2190.76,283,27,7,0,4,8,30.8,0,0,1,15,0
2386.34,278,80,13,0,4,6,4.92,1,1,1,19,0
2490.37,465,1,8,0,5,6,5.93,1,1,1,8,0
1574.46,269,1,4,0,3,6,542.18,1,1,1,20,0
1239.64,130,75,19,0,2,5,1.37,1,1,1,14,0
42521.76,166,128,6,0,2,9,19.26,1,1,1,15,0
4477.35,25,89,7,0,2,4,15.24,1,0,1,14,0
2732.98,131,7,0,0,2,6,134.3,1,1,1,12,0
1431.95,186,163,5,0,3,7,10.19,1,1,1,11,0
1151.45,319,44,12,0,2,3,15.74,1,1,1,21,0
1586.36,176,81,5,0,4,9,4.07,1,1,1,22,0
2423.16,71,13,3,0,3,6,32.31,1,1,1,18,1
275.77,307,47,16,0,1,5,8.76,1,0,1,16,0
376.38,119,24,10,0,6,8,1.38,0,0,1,11,1
956.34,93,220,3,0,3,3,6.52,1,1,1,0,0
2224.17,160,38,9,0,2,8,44.63,1,0,1,15,0
1423.29,118,84,5,0,4,9,18.61,1,1,1,0,0
7927.72,186,55,7,0,3,5,52.46,1,1,1,17,0
410.59,256,5,9,0,3,7,0.97,1,1,1,19,0
852.91,131,46,15,0,1,2,7.64,1,0,1,15,0
8267.54,133,46,3,0,2,3,20.28,1,0,1,4,0
2061.36,257,75,9,0,4,5,17.54,1,1,1,18,0
4380.17,257,23,18,0,3,6,5.51,1,1,1,20,0
14062.22,197,118,9,0,3,6,787.3,1,1,1,10,0
903.43,154,58,18,0,3,6,16.05,1,0,1,16,0
1637.11,354,2,26,0,2,5,34.95,1,1,1,17,0
1376.88,103,73,2,0,5,9,38.93,1,1,1,18,0
256.06,259,142,27,0,2,4,14.12,1,0,1,14,0
1325.58,99,68,10,0,1,4,3.52,0,0,1,19,0
4363.64,182,28,8,0,4,6,10.15,1,1,1,21,0
3104.44,63,53,8,0,1,8,60.8,1,1,1,7,0
3357.94,186,11,3,0,3,5,19.48,0,1,0,7,1
1242.02,367,55,12,0,1,2,15.06,1,1,1,21,0
938.14,296,41,3,0,2,3,10.97,0,1,1,8,0
6433.38,34,1,11,0,2,4,1.18,1,0,1,10,0
1099.58,358,23,10,0,6,8,18.37,1,1,1,14,0
2426.2,116,12,13,0,3,11,8.17,1,1,1,21,0
2128.84,232,29,11,0,2,7,32.31,1,1,1,12,0
7798.74,167,16,7,0,3,10,15.53,1,0,1,11,0
4776.26,109,107,3,0,2,8,34.21,1,1,1,19,0
495.09,215,71,17,0,1,6,1.75,1,1,1,11,0
551.39,112,80,2,0,1,5,22.57,1,1,1,18,0
3225.71,266,26,4,0,2,5,24.48,1,1,1,19,0
1695.38,111,1,6,0,1,3,741.92,1,1,0,19,0
1146.91,102,14,4,0,2,4,43.04,1,1,1,9,0
4992.18,270,84,3,0,4,6,56.44,1,1,1,11,0
2180.83,581,55,13,0,2,2,8.16,1,0,1,2,0
1905.42,315,46,3,0,2,3,14.35,1,0,1,17,0
3943.52,287,19,18,0,3,8,20.85,0,1,1,22,0
1242.51,171,4,9,0,1,4,35.01,1,1,1,19,0
8677.76,256,92,3,0,3,8,64.19,1,1,1,20,0
822.17,131,2,42,0,4,6,10.87,0,0,1,22,0
3487.46,404,3,5,0,3,8,17.37,0,1,1,12,0
7584.28,44,20,12,0,3,4,12.99,1,1,1,11,0
456.1,166,51,1,0,3,5,48.42,0,1,1,12,0
1282.63,140,291,8,0,4,7,30.1,0,1,1,16,0
5665.82,172,5,16,0,1,2,35.76,1,1,1,8,0
5751.66,105,38,1,0,2,8,4.57,1,1,1,14,0
1523.1,192,55,31,0,1,4,0.53,1,1,1,13,0
867.25,103,103,6,0,3,3,1319.79,1,1,1,21,0
4702.91,125,70,4,0,3,5,14.48,1,1,1,11,0
5904.97,238,98,7,0,2,5,12.13,1,0,1,15,0
564.16,698,44,8,0,3,4,29.17,1,0,1,10,0
542.44,124,34,6,0,1,1,3.87,1,0,1,19,0
2264.83,215,57,19,0,3,8,25.18,0,1,1,20,0
3392.63,344,138,11,0,4,6,33.99,1,0,1,8,0
1340.68,224,48,5,0,3,5,3.88,1,1,1,11,0
3566.34,151,55,5,0,4,12,6.9,0,0,1,14,1
888.79,149,24,2,0,2,5,28.26,0,1,1,13,0
218.18,360,54,5,0,2,5,14.82,0,1,0,18,0
1183.34,33,59,13,0,3,8,11.11,1,1,1,11,1
1926.06,190,84,1,0,1,4,40.13,1,1,1,8,0
1372.19,137,50,1,0,1,3,22.17,1,1,1,14,0
567.59,49,13,3,0,4,5,11.31,1,0,1,13,0
294.23,178,52,4,0,1,4,19.61,1,1,1,7,0
1081.29,111,21,6,0,4,6,26.88,0,1,1,23,0
4436.65,77,5,1,0,3,10,21.59,1,1,1,13,1
6349.92,386,104,14,0,3,6,25.23,1,1,1,12,0
5929.61,88,4,8,0,1,3,18.2,1,0,1,18,0
799.58,71,59,27,0,2,7,20.09,1,0,1,11,0
570.37,56,267,5,0,4,7,6.2,1,1,1,5,0
2970.94,209,5,7,0,2,9,0.65,1,0,1,16,0
3412.16,224,14,4,0,2,3,1.66,0,1,1,10,0
2697.74,575,85,2,0,3,7,6.51,1,1,1,13,0
241.27,139,6,25,0,6,10,33.15,1,1,1,8,0
759.85,123,107,11,0,2,3,43.44,1,0,1,7,0
1755.15,69,1,3,0,2,4,6.2,0,1,1,6,0
2943.1,233,132,1,0,5,10,27.99,1,1,1,9,0
3894.45,54,4,9,0,1,2,9.44,1,1,1,17,0
2088.61,110,153,2,0,2,6,9.59,0,1,1,4,0
2516.9,201,119,5,0,4,11,2.02,1,1,1,11,0
1968.18,113,46,8,0,2,4,15.89,1,1,1,11,0
3588.97,111,90,20,0,1,6,12.39,1,0,1,14,0
2472.2,97,4,9,0,1,2,47.38,1,1,0,14,0
1930.89,400,8,8,0,3,12,14.56,1,1,1,7,0
1382.48,106,27,18,0,1,3,12.88,1,1,1,12,0
1961.16,235,46,7,0,5,6,3.56,1,1,1,5,0
2935.38,101,121,0,2,3,7,63.08,1,1,1,23,1
2362.5,122,46,8,0,1,3,7.77,1,0,1,19,0
2646.06,173,65,12,0,3,5,8.63,1,1,1,5,0
6923.81,377,68,5,0,6,11,31.45,1,1,1,20,0
2357.04,26,126,5,0,3,6,354.89,0,0,1,14,1
944.83,350,89,7,0,3,4,72.34,1,0,1,6,0
4374.76,87,226,5,0,2,4,72.09,1,1,1,5,0
461.19,189,1,25,0,3,11,6.91,1,1,1,19,0
613.14,161,13,5,0,2,5,46.34,1,1,1,13,0
2529.68,64,159,11,0,2,4,9.18,1,1,1,10,0
3030.24,112,94,11,0,3,4,10.66,0,1,1,22,0
520.58,161,18,6,0,3,4,75.17,0,1,1,17,0
1232.97,59,219,10,2,1,4,4.43,1,1,1,1,1
986.26,305,122,2,0,6,9,0.33,1,1,1,12,0
1111.34,174,4,15,0,2,4,1.42,1,1,1,9,0
4645.24,115,100,2,0,1,6,0.41,1,1,1,8,0
3664.71,134,92,6,0,3,9,1.08,1,1,1,16,0
1773.8,303,14,9,0,2,4,2.52,1,0,1,11,0
1047.37,348,66,3,3,3,8,3.29,1,0,1,19,1
468.88,92,210,15,0,1,5,6.28,1,1,1,12,0
7481.47,69,67,5,0,6,11,11.59,1,1,1,19,1
3268.59,255,100,8,0,3,5,54.73,1,1,1,18,0
891.88,76,6,10,0,3,7,8.65,1,1,1,12,0
3713.02,225,77,9,0,5,10,5.49,1,1,1,21,1
1685.43,84,13,13,0,6,10,1398.01,1,1,1,21,1
1356.81,84,4,7,0,2,2,1086.85,1,0,1,14,1
2793.95,48,48,7,0,4,5,3.59,1,1,1,19,1
861.35,488,83,4,0,2,3,31.3,1,1,1,10,0
1282.09,349,47,6,0,1,3,58.76,1,1,1,16,0
2041.54,138,160,48,1,1,3,18.09,1,0,1,14,0
1097.24,195,71,10,0,4,10,33.48,1,1,1,13,0
3530.11,191,7,9,0,2,5,1.0,1,1,1,18,0
11720.17,493,163,1,0,2,3,23.9,1,0,1,3,0
850.4,218,9,2,0,2,4,14.68,1,1,1,18,0
342.02,286,85,20,0,3,6,15.07,1,0,1,16,0
244.27,384,9,7,0,4,6,20.43,1,1,1,10,0
1555.47,90,393,8,0,2,7,21.75,1,1,0,12,0
931.54,101,24,25,0,6,11,4.55,1,0,1,1,1
2225.78,349,41,14,0,1,5,2.14,1,1,1,9,0
2064.41,134,37,20,0,4,7,36.83,1,1,1,15,0
363.87,81,6,13,0,1,5,9.32,1,0,0,6,0
294.45,184,40,21,0,4,7,79.36,1,1,1,18,0
2430.7,342,9,1,0,3,7,7.47,1,0,1,21,0
2070.26,525,97,5,0,3,4,593.88,0,1,1,16,0
1181.08,434,190,7,0,3,5,12.75,1,1,1,21,0
344.76,20,99,2,2,1,1,4.13,1,1,1,12,1
2896.88,137,33,0,0,2,5,51.65,1,1,1,9,0
6450.41,66,1,3,0,1,2,24.06,1,1,1,13,0
2387.45,94,2,10,0,3,5,15.85,1,0,1,6,0
774.74,189,40,9,0,2,5,3.28,1,1,1,13,0
1890.42,188,68,21,0,3,5,1.4,1,1,1,18,0
461.22,20,102,6,0,2,5,6.21,1,1,1,6,0
5208.05,94,54,14,0,2,6,21.62,1,1,1,20,0
1962.24,452,229,35,0,1,6,656.94,1,1,1,21,0
308.54,54,40,13,0,2,8,7.79,1,1,1,18,0
1338.53,343,54,4,0,3,7,19.81,1,1,1,17,0
2873.54,116,15,32,0,1,5,4.36,0,1,1,21,0
1295.89,166,24,21,0,3,9,3.71,1,0,1,9,0
1372.11,370,68,20,0,3,4,11.18,1,1,1,3,0
531.44,142,55,14,2,2,4,100.24,1,1,1,13,1
3186.06,470,27,15,0,1,2,1186.07,1,1,1,13,0
945.33,53,7,6,0,4,7,11.74,0,1,1,23,1
209.26,300,25,5,0,2,4,41.32,0,1,1,9,0
1247.31,277,2,30,0,1,6,10.9,1,1,1,21,0
4822.99,438,52,6,0,4,7,1.44,1,1,1,16,0
1227.91,247,23,28,0,3,5,17.32,1,1,1,12,0
10280.3,153,28,1,0,1,4,13.68,1,1,1,9,0
2776.56,89,51,2,0,4,8,457.21,1,0,0,20,1
2537.05,134,52,10,0,2,5,0.63,0,0,1,12,0
1590.18,47,53,3,0,3,7,3.21,1,1,1,21,0
1688.7,290,40,2,0,2,7,11.91,0,1,1,17,0
1389.33,166,40,6,0,2,5,38.79,1,1,1,17,0
1336.39,150,103,13,0,3,4,357.7,1,0,1,16,0
3074.41,127,37,4,0,1,2,25.6,1,1,1,14,0
709.22,267,46,3,0,2,2,1.06,1,0,1,12,0
616.53,149,266,6,0,3,5,1100.4,1,0,1,8,0
588.05,177,11,2,0,2,6,1.11,1,1,1,0,0
13983.8,175,77,13,0,1,2,29.28,1,0,1,13,0
3072.8,245,38,6,0,4,11,7.93,1,1,1,18,0
2451.59,233,106,5,0,2,3,30.22,1,0,1,13,0
627.97,370,31,7,0,2,4,3.33,1,1,1,0,0
3372.27,341,21,11,0,2,5,3.01,1,1,1,7,0
1609.1,125,13,5,0,2,6,20.59,1,1,1,3,1
2239.86,512,123,13,0,1,6,23.31,0,1,1,18,0
680.88,231,76,4,0,3,7,0.85,1,0,1,17,0
2122.33,581,4,15,0,2,5,16.29,1,1,1,15,0
1183.42,211,74,8,0,3,6,10.03,0,1,1,12,0
840.83,134,2,8,0,3,4,2.78,0,1,1,16,0
3767.27,114,12,53,0,6,10,15.76,0,1,1,9,0
388.5,44,53,7,0,3,7,9.39,1,1,1,22,0
3180.44,199,37,4,0,1,6,44.35,1,1,1,8,0
3584.9,206,110,3,0,2,4,37.88,0,1,1,10,0
750.21,168,56,6,0,2,3,32.98,1,1,1,12,0
796.06,219,201,10,0,5,6,14.35,1,1,1,16,0
1446.6,60,115,12,0,1,6,30.01,1,1,1,9,0
2397.15,158,24,9,0,2,6,27.96,1,0,1,19,0
1551.76,73,107,0,0,3,4,13.96,0,1,1,12,0
2789.35,224,122,21,0,1,4,12.62,1,0,1,13,0
10540.49,190,209,31,0,3,5,22.4,1,1,1,9,0
1088.2,339,1,30,0,1,6,1.66,1,0,1,7,0
325.32,137,124,5,0,3,6,22.83,1,0,1,21,0
4129.55,338,4,4,0,3,7,40.77,1,1,1,6,0
9733.36,157,45,15,0,3,7,3.8,1,0,1,6,0
2677.85,264,32,22,0,3,6,12.45,0,0,1,8,0
609.26,97,151,5,0,1,5,14.71,1,1,0,12,0
1597.36,176,31,12,0,2,5,1.49,1,1,1,18,0
590.8,163,54,23,0,3,5,3.12,1,1,1,10,0
3438.72,351,70,12,0,2,7,54.76,0,1,1,11,0
468.11,163,1,6,0,3,7,7.61,1,1,1,21,0
1339.26,164,53,6,0,2,6,11.76,1,0,1,19,0
662.26,554,43,3,0,1,3,4.09,1,0,1,18,0
2052.52,292,54,9,0,3,5,4.65,1,1,1,14,0
1253.45,141,4,5,0,5,9,0.03,0,1,1,13,1
2157.62,247,3,0,0,2,6,8.01,1,0,1,18,0
1848.91,310,11,4,0,4,8,8.49,1,1,1,19,0
674.07,186,122,9,0,1,5,85.85,1,1,1,13,0
3384.21,285,26,14,0,2,5,4.41,1,1,1,20,0
1721.99,175,34,2,0,1,2,21.98,1,1,1,20,0
672.82,353,29,23,3,5,6,0.08,1,0,1,16,1
16999.28,38,75,6,0,2,7,13.68,1,0,1,11,0
2911.52,86,18,4,0,2,6,14.92,1,1,1,9,0
1551.13,129,4,6,0,3,5,760.71,1,0,1,14,1
7444.3,284,28,17,0,1,2,18.03,1,0,1,16,0
11405.1,218,78,10,0,2,3,91.66,1,1,1,18,0
1563.45,100,147,40,0,5,8,14.99,1,0,1,17,0
2559.07,190,3,9,0,2,6,45.83,0,1,1,15,0
673.17,39,99,9,0,5,7,13.36,1,1,1,4,1
1560.57,55,4,2,0,1,1,30.57,1,1,1,11,0
1481.69,48,24,9,0,2,3,83.2,1,0,1,18,0
2175.09,75,1,3,0,4,7,17.2,0,1,1,18,0
2521.88,276,145,11,0,3,7,12.75,1,1,1,19,0
3164.75,223,73,13,0,2,7,47.19,1,1,1,12,0
2293.06,144,27,12,0,3,7,2.66,1,0,1,12,0
538.75,282,28,15,0,2,6,6.96,0,1,1,21,0
707.36,367,61,7,0,2,3,4.03,1,0,1,19,0
1046.9,78,5,6,0,3,7,27.85,1,1,1,18,0
1363.43,345,9,16,0,2,7,3.42,1,1,1,3,0
5170.76,100,112,15,0,3,11,30.47,1,1,1,12,0
565.13,113,13,16,0,2,4,25.72,1,1,1,16,0
1264.69,488,77,10,0,2,6,4.47,1,0,1,6,0
4689.16,195,15,24,0,2,4,8.66,1,0,1,13,0
1339.59,125,5,18,0,3,6,13.11,1,0,1,21,0
2865.26,251,138,22,0,3,6,2.82,0,1,1,19,0
1572.56,304,139,2,0,2,6,26.38,1,1,1,4,0
2337.37,196,55,3,0,2,6,30.94,0,1,1,10,0
1438.75,125,37,8,0,3,7,17.6,1,1,1,18,0
3522.99,217,48,1,0,4,6,10.45,1,0,0,13,1
385.66,262,31,0,0,3,7,4.46,0,0,1,10,1
1257.26,159,84,3,0,3,6,21.35,0,1,1,23,1
2432.25,470,84,14,0,4,5,8.61,1,1,1,14,0
3083.11,211,102,2,0,5,10,9.19,1,1,1,20,0
8046.18,294,44,13,0,3,4,24.78,0,0,1,18,0
1222.89,299,96,9,0,4,6,6.25,1,1,1,10,0
7938.52,57,10,3,0,4,5,10.35,1,1,1,15,1
935.4,252,1,15,0,2,6,2.31,0,0,1,8,0
6827.04,268,62,0,0,4,8,62.56,1,1,1,19,0
4094.78,123,6,15,0,2,6,24.0,1,1,1,8,0
725.27,110,47,29,0,3,7,22.09,1,0,1,16,0
2457.84,56,76,13,0,2,2,10.49,1,0,1,19,0
1717.74,388,31,23,0,5,7,0.95,0,1,1,18,0
3379.84,96,2,19,0,7,12,8.15,1,1,1,19,1
1446.25,58,130,5,0,2,3,15.88,0,1,1,13,0
1329.76,140,2,3,0,3,5,79.77,1,1,1,21,0
7108.84,84,141,8,0,2,3,7.66,1,0,1,15,0
1638.08,57,3,19,0,1,2,24.19,1,1,1,11,0
4131.61,612,79,17,0,5,7,17.79,1,1,1,16,0
1443.24,80,155,2,0,2,2,2.56,1,1,1,21,0
9572.63,101,142,2,0,3,7,4.06,1,1,1,18,0
917.51,190,134,10,0,1,4,49.72,1,0,1,21,0
978.34,56,128,37,0,2,6,2.16,1,1,1,11,0
8304.2,164,42,13,0,3,4,9.98,1,1,1,8,0
1158.7,257,48,15,0,2,4,127.79,1,1,1,15,0
8964.92,203,58,4,0,3,5,1.2,1,1,1,15,0
4410.93,232,135,5,0,2,4,893.28,1,1,1,2,1
1548.98,160,109,5,0,3,6,9.3,1,1,1,15,0
294.92,126,91,2,0,1,2,1222.98,1,1,1,18,0
1773.45,234,67,4,0,2,7,98.01,1,1,1,6,0
2001.46,224,57,7,0,1,5,30.43,1,1,1,12,0
5809.31,77,153,16,0,2,3,11.87,1,1,1,17,0
8852.43,188,12,7,0,1,2,20.35,1,1,1,19,0
911.43,168,12,14,0,2,6,57.14,1,1,1,11,0
4028.63,262,242,8,0,1,4,1.5,1,0,1,10,0
3887.04,216,48,23,0,5,6,754.57,1,0,1,18,0
5289.15,364,39,7,0,3,7,60.92,1,0,1,1,0
2977.06,307,114,12,0,3,8,14.59,0,1,1,5,0
259.17,330,113,2,0,2,3,3.79,1,0,1,18,0
1547.78,266,11,13,0,3,4,35.01,1,1,1,10,0
569.23,321,11,13,0,4,5,53.9,1,0,1,13,0
1476.45,134,95,12,0,1,10,20.44,0,1,1,18,0
4817.47,299,92,7,0,1,6,13.33,1,1,1,21,0
2453.21,168,15,7,0,3,8,31.19,1,1,1,5,1
5699.26,58,110,3,0,2,5,20.68,1,1,1,11,0
2544.66,297,39,4,0,1,1,17.29,1,1,1,23,0
493.57,204,38,10,0,3,4,9.59,1,1,0,11,0
145.35,403,254,7,0,2,6,8.49,1,0,1,20,0
2098.14,186,43,5,0,2,6,6.42,1,1,1,17,0
1459.83,99,8,4,0,1,4,40.97,1,1,1,19,0
680.65,117,19,6,3,2,7,24.31,1,1,1,0,1
330.09,150,24,3,0,2,5,6.32,1,1,1,17,0
867.19,208,190,2,0,2,4,819.58,1,1,1,13,0
1488.48,323,18,11,0,1,2,7.56,1,1,1,13,0
3518.81,205,33,0,0,2,7,74.44,1,0,1,14,0
2183.38,76,83,7,1,1,2,11.47,1,1,1,20,0
9027.83,209,19,1,0,4,5,18.84,1,0,1,15,1
641.88,355,72,24,0,2,5,24.7,1,1,1,16,0
4363.63,189,13,14,0,2,6,5.75,1,1,1,1,0
1895.62,231,16,9,0,4,6,38.79,1,1,1,19,0
3621.59,164,257,9,0,2,6,7.42,0,1,1,10,0
1168.51,164,27,25,0,2,2,15.04,0,1,1,18,0
5279.99,331,78,11,0,2,8,3.53,0,1,1,21,0
2428.98,281,109,3,0,6,9,9.05,1,1,1,11,0
916.49,641,25,18,0,5,6,39.83,1,1,1,12,0
1786.43,127,26,2,0,2,4,16.81,0,1,1,11,0
1422.89,108,88,8,0,2,2,14.22,1,0,1,12,0
2948.87,60,56,7,0,3,5,22.23,1,1,0,11,1
555.7,149,26,4,0,1,3,8.16,1,1,1,18,0
1755.74,170,83,9,0,2,4,6.05,1,0,1,18,0
2684.65,105,119,5,0,1,2,19.62,1,1,1,12,0
1868.75,234,16,0,0,2,4,1.03,1,0,1,19,0
6953.09,285,1,8,0,1,3,19.51,1,1,1,15,0
3920.69,228,19,1,0,2,5,37.61,1,1,1,18,0
1794.57,83,67,3,0,3,7,49.26,1,1,1,17,0
2245.51,110,148,25,0,1,4,29.33,1,1,1,19,0
2430.05,184,119,4,0,2,2,3.53,1,1,1,16,0
2706.2,344,15,8,0,2,9,13.05,1,1,1,16,0
291.3,159,127,18,0,3,6,0.45,1,1,1,13,0
1337.39,33,99,14,0,1,5,38.0,1,0,1,15,0
409.76,148,79,23,0,1,7,9.0,1,1,1,4,0
6491.71,176,69,1,0,4,7,45.91,1,1,1,15,0
1701.3,429,98,15,0,2,2,72.52,1,1,1,7,0
1490.19,32,118,3,0,2,3,2.63,1,1,1,7,0
4432.85,286,102,12,0,1,1,11.66,1,1,1,5,0
2758.18,60,7,20,0,2,4,19.72,0,0,1,23,0
584.86,129,76,1,0,4,8,71.52,1,1,1,11,0
1684.28,223,110,10,0,2,5,1219.67,0,1,0,21,1
1293.15,310,12,7,2,2,3,1516.99,1,1,1,15,1
315.91,111,14,2,0,3,7,9.98,1,0,1,9,0
906.62,132,92,9,0,2,5,7.93,1,1,1,20,0
1504.87,158,25,4,0,4,6,46.07,1,0,1,15,1
1611.71,107,30,20,0,2,5,13.66,1,1,1,11,0
410.66,404,28,8,0,1,5,25.28,1,1,1,18,0
5719.67,203,14,7,0,3,8,23.66,1,1,1,19,0
1632.55,271,167,5,0,3,6,68.28,1,1,1,19,0
1877.23,159,98,20,0,1,1,28.5,1,1,1,22,0
2699.01,32,17,29,0,1,3,9.84,0,1,0,19,0
822.15,158,6,15,0,2,2,27.06,1,0,1,19,0
2853.66,327,27,17,0,1,1,907.81,1,0,1,22,0
1252.54,175,32,3,0,3,5,12.4,1,0,1,12,0
737.61,245,1,33,0,3,3,0.26,1,1,1,16,0
3208.14,139,130,12,0,1,3,23.41,1,1,1,20,0
8035.9,113,114,19,0,1,6,11.13,0,1,1,7,0
3732.48,198,113,11,0,2,5,35.34,1,1,1,9,0
4550.43,98,98,3,0,1,3,8.09,1,1,1,19,0
1074.24,52,79,9,0,3,6,12.4,1,1,1,6,0
365.91,139,60,1,0,1,4,30.72,0,0,1,11,0
8023.56,460,193,10,0,2,4,4.0,1,1,1,14,0
14108.25,240,74,13,0,3,6,7.72,1,0,1,21,0
8457.48,124,59,13,0,3,8,12.74,1,0,1,7,0
1292.35,246,93,5,0,1,2,18.05,1,1,1,13,0
569.85,356,16,4,0,1,12,9.29,1,1,1,17,0
622.86,106,204,24,0,5,12,22.05,1,0,1,9,0
335.72,246,1,12,0,3,6,58.08,1,1,1,16,0
1623.96,137,62,8,0,2,5,7.22,1,0,0,9,0
9006.29,380,4,4,0,2,6,32.04,0,1,1,19,0
1569.23,123,115,34,0,2,3,21.38,1,1,1,8,0
2446.28,134,205,3,0,1,3,11.19,1,1,1,7,0
7155.22,230,31,12,0,1,4,37.03,1,0,1,16,0
1207.01,95,116,6,0,1,5,0.59,1,1,0,13,0
13842.95,91,24,3,0,2,8,18.69,1,0,1,19,1
13254.53,370,10,2,0,2,3,69.95,1,0,1,14,0
1585.87,327,19,2,0,4,5,7.9,1,1,1,11,0
1014.82,277,21,17,0,2,5,3.74,0,1,1,18,0
3630.91,111,59,2,0,3,5,45.21,1,1,1,13,0
1277.26,545,95,6,0,1,2,35.18,0,1,1,9,0
568.75,180,13,11,0,1,2,3.07,1,0,1,13,0
6510.94,195,5,21,0,2,4,48.3,1,1,1,17,0
6102.46,444,15,3,1,4,10,18.72,1,1,1,5,1
2112.26,170,21,17,0,3,7,1.42,0,0,1,7,0
511.39,104,19,3,0,2,4,17.97,1,1,1,7,0
528.73,262,14,14,0,3,7,26.82,1,0,1,17,0
2012.69,198,37,8,0,1,3,6.51,1,1,1,21,0
1096.77,284,116,2,0,3,4,55.98,1,0,1,16,0
1285.51,399,6,3,0,1,5,10.48,1,1,1,9,0
5023.91,414,118,8,0,2,4,11.68,1,0,1,18,0
3763.78,121,41,16,0,2,5,10.3,1,1,1,21,0
7173.45,139,64,18,0,5,8,1.6,1,1,1,14,0
671.41,26,101,10,0,2,5,61.26,1,0,1,14,0
1282.81,103,21,5,0,3,5,10.12,1,0,1,19,0
3862.16,167,185,15,0,3,6,20.13,1,1,0,16,0
2830.13,375,5,17,0,2,9,50.12,1,0,1,7,0
8369.76,163,45,4,0,5,10,40.23,1,1,1,15,0
2753.25,310,17,10,0,1,6,23.48,1,1,1,22,0
11477.1,116,31,5,0,3,8,1.95,1,1,1,20,0
3102.67,79,35,26,0,1,2,11.45,1,1,1,15,0
5230.0,176,147,12,0,2,8,17.13,1,1,1,11,0
1308.3,213,34,19,0,4,9,947.06,1,0,1,14,1
1834.06,104,71,16,0,3,5,35.85,1,1,1,9,0
4496.0,70,181,28,0,3,4,6.41,1,1,1,13,0
9072.27,125,40,23,0,3,9,26.66,0,1,1,9,0
3748.97,260,31,3,0,1,4,5.68,1,1,1,7,0
1663.75,176,216,21,0,4,9,75.63,1,1,1,17,0
7167.66,89,105,29,0,3,7,324.79,1,0,1,7,0
201.95,99,168,5,0,5,8,38.81,1,1,1,12,0
436.05,279,30,4,0,4,6,0.77,1,1,1,8,0
3574.69,155,71,6,0,2,4,1.74,1,0,1,8,0
1833.73,56,17,6,0,6,9,39.95,1,1,1,10,1
3312.68,350,120,18,2,1,3,21.22,1,0,1,9,1
1928.33,59,162,5,0,3,8,1.28,1,1,1,4,0
3200.13,320,18,1,0,4,8,685.1,1,1,1,9,0
800.79,118,6,9,0,5,9,6.67,1,1,1,16,1
3198.66,85,13,4,0,2,6,7.77,1,1,1,18,0
4887.39,193,60,3,0,4,7,49.66,0,1,1,18,0
6127.55,149,19,5,0,1,4,0.72,1,1,1,8,0
13542.04,123,61,5,0,5,8,17.29,1,0,1,11,1
2307.91,200,25,9,0,2,6,32.81,1,1,1,14,0
2377.75,66,149,3,0,2,6,0.12,1,0,1,19,0
394.19,185,36,3,0,2,5,42.54,1,1,1,19,0
1062.72,194,41,4,0,3,8,24.01,1,1,1,12,0
1490.58,117,25,24,0,1,4,22.8,1,1,1,7,0
5168.41,8,4,4,0,4,5,9.79,1,0,1,0,0
981.42,154,40,11,0,3,3,4.58,1,1,0,15,0
4009.17,150,89,1,0,3,6,24.49,1,1,1,20,0
1805.11,140,183,2,0,2,5,64.69,1,1,0,12,0
1514.49,42,4,15,0,3,7,1032.35,1,1,1,15,1
2319.01,187,95,2,0,1,4,1.79,0,1,1,13,0
1222.73,298,18,11,0,4,5,0.56,1,1,0,3,0
1177.28,144,103,1,0,3,6,44.13,1,0,1,15,0
328.72,67,25,14,0,4,5,23.42,0,1,1,19,1
1410.99,228,7,5,0,2,3,10.18,1,1,1,16,0
1118.82,404,56,11,0,2,4,4.41,1,1,1,11,0
1079.25,88,134,6,2,1,3,11.49,0,1,1,17,1
2743.18,91,12,3,0,3,5,0.6,1,1,1,12,0
3493.4,356,1,12,0,3,6,25.19,1,1,1,7,0
2280.6,153,129,3,0,2,3,32.4,1,1,1,12,0
4892.29,39,71,13,2,4,6,1347.42,1,0,1,21,1
3214.93,480,99,60,0,1,3,14.93,0,0,1,10,0
1346.07,18,3,34,0,1,2,1357.02,1,0,1,0,1
1138.13,34,132,11,0,2,3,5.2,1,1,1,14,0
2472.1,71,32,3,0,1,2,12.98,1,0,1,17,0
3209.17,266,136,6,0,2,7,7.11,1,1,1,15,0
7316.19,281,4,13,0,1,5,35.53,1,1,1,9,0
5950.16,58,129,17,0,2,9,51.48,1,1,1,19,0
1052.08,93,67,34,0,1,4,3.85,1,1,1,16,0
1632.71,208,48,3,0,5,6,23.15,1,0,1,13,0
3536.94,401,3,4,0,6,8,22.89,1,1,1,20,0
5260.59,16,69,5,0,2,5,107.79,1,1,1,8,0
4623.79,36,54,9,0,2,3,23.72,1,1,1,17,0
1696.16,118,77,0,0,3,7,17.76,0,0,1,13,0
515.93,50,75,11,0,1,3,9.28,1,1,1,16,0
665.85,343,35,10,0,2,6,4.7,1,1,1,14,0
2374.72,162,13,6,0,2,4,11.94,1,1,1,22,0
2545.86,324,150,0,0,2,4,3.26,0,1,1,16,0
602.64,210,155,2,0,4,10,37.93,0,0,1,10,0
1890.45,261,14,16,0,1,3,15.91,1,1,1,20,0
3398.96,103,59,10,0,3,3,4.59,1,1,1,6,0
571.79,31,13,1,0,2,8,11.87,1,0,1,8,0
5458.87,148,118,7,0,2,6,529.44,1,1,1,10,0
1239.51,300,6,12,0,3,4,2.72,1,1,1,22,0
6358.92,472,277,28,0,5,6,11.65,1,1,1,10,0
1060.55,141,56,12,0,3,5,38.9,1,1,1,10,0
647.67,267,1,2,0,4,4,23.35,1,0,1,7,1
1143.52,102,128,13,0,2,4,2.28,1,0,1,0,0
1643.94,125,69,7,0,3,7,4.31,1,0,1,7,0
1226.01,159,71,3,0,1,5,33.82,1,1,1,9,0
1456.8,421,19,10,0,3,8,28.43,1,0,1,22,0
2524.92,261,24,6,0,2,5,8.69,1,0,1,12,0
1523.58,238,147,1,0,2,3,28.15,0,1,1,11,0
1692.37,407,60,10,2,2,8,14.23,1,0,1,9,1
327.27,93,1,7,0,1,1,25.72,1,1,1,5,0
2674.98,140,23,12,0,3,7,10.81,1,1,1,19,0
1653.74,239,54,9,0,5,7,2.41,1,0,1,9,0
9047.95,112,9,50,0,4,6,24.54,1,1,1,10,0
706.58,135,6,9,0,1,3,66.49,1,0,1,20,0
296.4,198,3,5,0,4,9,669.36,1,1,1,15,1
3354.54,164,59,16,0,3,7,17.86,1,0,1,6,0
2556.84,74,23,5,0,5,5,531.35,1,0,1,8,1
659.56,101,28,12,0,5,8,5.25,1,0,1,15,0
391.6,74,3,9,0,4,6,28.68,1,1,1,20,1
8411.85,267,80,5,0,1,3,4.53,1,0,1,16,0
7436.16,98,87,1,0,3,8,27.95,1,1,1,12,0
150.29,240,106,8,0,4,7,1.99,1,1,1,13,0
1143.42,186,63,8,0,2,4,760.03,1,0,1,19,0
9549.0,166,89,8,0,3,6,50.17,1,1,1,16,0
1123.2,64,51,8,0,2,4,55.65,1,0,1,18,0
1106.98,185,40,11,0,3,7,10.67,1,1,1,14,0
1362.72,224,18,14,0,5,9,41.49,1,1,1,18,0
589.4,268,3,4,0,2,4,13.11,1,1,1,12,0
328.73,73,20,12,0,2,6,13.84,0,1,1,8,0
5179.93,143,69,5,0,4,5,27.09,0,1,1,7,0
286.31,312,156,3,0,1,4,10.11,1,1,1,20,0
2315.25,292,17,31,0,1,6,26.32,0,1,1,10,0
4387.78,159,66,6,0,1,4,20.99,1,1,0,13,0
423.59,62,39,7,0,2,4,0.65,1,0,1,17,0
717.47,278,59,17,0,2,5,11.62,0,1,1,17,0
6082.55,169,1,19,0,1,3,1447.51,0,0,1,23,1
3080.64,85,7,5,0,2,5,2.14,0,0,1,13,1
975.27,147,14,11,0,1,4,39.18,0,0,1,2,0
6016.43,64,134,8,0,3,5,931.3,1,1,1,18,0
6042.27,276,2,9,0,2,3,31.49,1,1,1,9,0
2366.23,41,50,6,0,2,6,24.21,1,1,1,20,0
734.98,326,158,8,0,5,9,5.85,1,1,1,14,0
1195.78,202,63,6,0,1,4,7.08,1,1,1,8,0
2407.6,65,39,8,0,2,4,7.8,1,1,1,5,0
1497.28,137,29,6,2,3,5,18.16,0,1,1,23,1
4623.73,127,58,2,0,1,5,14.52,1,1,0,10,0
391.59,90,39,2,0,3,6,172.8,1,1,1,15,0
405.75,189,73,10,0,4,7,12.59,1,1,1,5,0
2166.51,411,57,5,0,1,4,4.12,1,1,1,15,0
1105.95,96,50,8,0,2,10,15.0,1,1,1,21,0
965.79,178,188,11,0,4,9,35.0,1,1,1,7,0
308.57,170,108,11,0,2,9,27.28,1,1,1,20,0
1843.73,188,56,29,0,2,6,36.93,1,0,1,8,0
1715.13,20,46,6,0,4,8,15.72,1,1,1,17,0
3475.45,340,77,10,0,1,4,21.95,1,0,1,11,0
1937.02,625,97,11,0,2,8,3.0,1,0,1,18,0
1583.5,168,20,7,0,3,7,19.68,1,1,1,9,0
5866.42,264,65,12,0,2,5,421.34,1,1,1,16,0
486.64,219,8,9,0,3,7,22.26,1,0,1,21,0
3091.43,72,33,22,0,4,6,8.73,1,1,1,19,0
339.97,159,167,8,0,3,6,18.77,0,1,1,18,0
781.83,102,23,12,0,3,7,4.47,1,0,1,12,0
537.72,149,10,12,0,2,5,11.21,1,1,0,18,0
3951.86,174,9,3,0,1,5,2.06,0,1,1,12,0
1693.56,182,30,4,0,3,5,53.56,1,1,1,10,0
1783.79,96,15,10,0,5,6,10.76,0,0,1,12,1
597.81,183,33,7,0,3,9,19.99,1,1,1,6,0
1339.84,153,76,2,0,4,7,0.81,1,1,1,20,0
842.64,324,131,5,0,2,5,14.98,1,0,1,10,0
2653.02,256,7,10,0,1,4,32.66,1,1,1,20,0
671.09,288,87,1,0,3,6,4.84,1,1,1,10,0
6834.88,301,6,2,0,4,7,7.28,1,1,1,16,0
338.46,83,28,3,0,4,8,0.44,1,1,1,12,0
807.13,249,340,10,0,2,3,19.25,1,0,1,16,0
9674.03,81,4,20,0,3,4,1.84,0,0,1,16,0
1170.12,380,1,7,0,4,5,11.88,1,1,1,9,0
485.47,246,24,6,0,2,4,7.53,1,1,1,9,0
2250.87,76,181,6,0,3,5,37.32,1,1,1,5,0
1123.95,187,1,4,0,3,5,3.46,1,1,1,14,0
783.78,92,15,15,0,1,4,37.62,1,1,1,14,0
604.34,121,55,6,0,2,3,38.03,1,1,1,20,0
28807.0,207,15,9,0,2,4,11.53,1,1,1,18,0
1405.92,110,3,6,0,1,4,48.39,1,1,1,16,0
263.6,140,3,4,0,3,6,82.33,1,1,1,7,0
8052.27,305,49,4,1,3,3,5.82,1,0,1,9,1
3331.14,149,49,2,0,4,6,492.42,0,1,1,10,1
840.11,84,73,2,0,1,4,6.47,1,1,1,20,0
711.15,36,8,36,0,2,3,6.35,1,1,1,5,0
3545.64,257,41,17,0,3,4,38.31,1,0,1,16,0
1412.45,255,55,3,0,3,6,3.57,1,1,1,11,0
263.49,187,15,1,0,2,5,5.32,1,1,1,22,0
10799.34,574,47,14,1,2,3,0.95,1,1,1,18,0
1171.46,136,73,7,0,2,6,12.66,1,0,1,11,0
8067.28,327,281,26,0,2,3,43.86,1,0,1,12,0
6492.71,102,54,14,0,1,7,6.27,0,1,1,23,0
664.47,267,118,2,0,2,5,5.3,1,1,1,12,0
5080.63,75,107,4,0,4,7,889.45,1,1,1,10,1
942.52,263,169,5,0,3,6,20.94,1,1,1,19,0
279.58,140,77,24,0,2,4,2.61,1,0,1,19,0
1182.52,230,14,50,3,1,4,7.1,1,0,0,7,1
2690.92,192,21,19,0,1,6,11.87,0,1,1,12,0
1138.27,252,92,0,0,1,2,0.82,1,0,1,21,0
1330.02,33,44,6,0,3,6,4.75,0,0,1,14,1
5673.53,152,17,26,0,1,2,244.79,1,1,1,11,0
2011.21,315,64,12,0,4,8,50.16,1,0,1,17,0
777.98,342,142,21,0,3,4,1160.27,0,1,1,10,0
3648.35,223,26,8,0,4,8,11.37,1,1,1,23,0
2203.22,322,54,10,0,5,9,22.62,1,1,1,7,0
145.24,147,52,14,0,2,7,6.5,1,0,1,9,0
2774.85,4,8,10,0,3,6,5.05,1,1,1,20,0
2675.33,106,5,9,0,2,4,1006.21,1,0,1,11,1
1844.79,178,132,7,0,3,8,13.89,1,1,1,22,0
4410.31,194,162,7,0,1,1,8.16,1,1,1,22,0
922.98,215,140,0,0,6,8,18.32,1,1,1,15,0
2531.33,169,30,10,0,4,10,8.08,1,1,1,6,0
377.3,170,20,8,0,2,5,1012.81,1,1,1,11,1
2716.48,273,171,8,0,4,10,18.82,0,1,1,11,0
12747.11,90,128,6,0,3,3,7.99,1,1,1,14,0
668.57,192,102,13,0,4,5,14.0,1,0,1,16,0
845.73,224,24,4,0,2,6,28.61,1,1,1,15,0
888.9,111,61,4,0,2,4,0.25,1,1,1,16,0
2059.05,139,83,12,0,2,6,49.73,1,1,1,16,0
624.51,419,51,3,0,2,5,56.82,1,0,0,5,0
2755.21,187,55,13,0,2,10,8.36,1,1,1,17,0
4216.83,679,84,1,0,3,8,29.68,0,1,1,20,0
3085.12,178,87,18,0,4,5,21.08,1,1,1,6,0
308.46,282,16,4,0,1,6,6.95,1,1,1,20,0
4891.08,53,29,13,0,2,5,1087.18,0,1,1,20,1
4616.39,33,91,6,0,2,4,477.0,1,1,1,7,0
4147.09,81,18,8,0,4,6,0.74,1,1,1,13,0
2625.02,304,148,8,0,3,5,2.15,1,1,0,6,0
2253.39,140,109,7,0,2,9,2.63,0,1,1,20,0
5076.56,51,135,9,0,3,6,16.13,1,1,1,18,0
12375.99,175,21,9,0,3,5,4.81,1,1,1,12,0
697.12,286,6,19,0,1,5,5.66,0,0,1,21,0
5314.13,88,6,3,0,2,3,0.98,1,1,1,8,0
1658.69,297,48,21,0,2,7,24.03,1,1,1,18,0
1588.15,64,21,10,0,2,7,9.87,0,1,1,19,0
388.96,281,18,33,0,4,8,5.01,1,1,1,9,0
1359.96,331,15,12,0,2,7,18.93,1,0,1,18,0
666.96,105,49,26,0,2,5,3.11,1,1,1,1,0
1137.0,360,47,2,0,2,2,20.73,1,1,1,12,0
602.94,403,32,14,0,1,4,3.39,1,1,1,19,0
1154.12,217,8,8,0,1,8,13.95,1,1,1,17,0
1204.58,111,158,20,0,4,8,28.6,1,1,1,10,0
1991.72,702,33,7,0,3,5,21.17,1,1,1,6,0
359.69,99,7,2,0,5,7,9.33,1,0,1,14,1
426.02,437,2,7,0,6,7,13.29,1,0,1,5,0
2596.49,534,9,5,0,2,7,5.43,1,1,1,12,0
814.49,222,21,4,0,6,8,2.36,1,1,1,15,1
5295.06,75,59,41,0,1,7,6.04,1,0,1,14,0
2264.86,210,212,5,0,3,6,13.6,1,0,1,14,0
3316.82,584,19,13,0,1,4,32.32,0,1,1,11,0
7410.79,110,93,10,0,3,5,16.24,1,1,1,9,0
1326.49,161,145,19,0,2,7,19.37,1,1,1,22,0
1017.92,26,29,9,0,4,9,10.55,1,0,1,9,1
4322.99,162,17,4,0,3,8,18.25,1,0,1,18,1
3009.45,259,40,22,0,5,11,6.31,1,1,1,11,0
1499.17,82,136,12,0,1,4,40.75,1,1,1,9,0
7269.61,427,1,9,0,2,6,5.4,0,1,1,8,0
1462.29,57,40,5,0,1,3,13.39,1,1,1,7,0
1868.28,112,85,5,0,3,9,1424.95,0,0,1,14,1
1846.82,379,55,31,0,1,5,10.01,1,0,1,9,0
710.1,153,41,7,0,2,2,24.49,1,1,1,17,0
1953.91,484,48,18,0,3,7,20.58,1,1,1,2,0
7308.26,37,57,1,0,4,5,20.61,1,1,1,16,0
2821.34,133,68,8,0,2,5,13.84,1,1,1,9,0
1865.09,214,26,8,0,1,5,5.28,1,0,1,21,0
1537.99,571,43,6,0,2,7,4.58,0,1,1,8,0
2517.11,188,19,5,0,3,5,8.59,0,1,1,11,0
3826.73,246,248,6,0,4,10,38.58,1,1,1,19,0
3325.05,169,12,22,0,1,4,28.68,1,1,1,13,0
1297.42,157,9,6,0,3,9,58.28,1,0,1,13,1
2501.84,111,18,1,0,1,3,23.73,1,0,1,13,0
2921.75,227,151,15,0,4,7,11.27,1,0,1,10,0
660.37,141,64,15,0,1,3,4.2,1,1,1,19,0
2139.29,256,36,14,0,2,5,4.62,1,1,1,22,0
208.24,186,155,2,0,4,7,5.57,1,0,0,12,0
2929.34,131,138,8,0,1,3,4.87,1,1,1,13,0
3499.39,430,30,12,0,1,3,13.52,0,1,1,21,0
3818.24,103,49,0,0,2,2,9.01,1,1,1,3,0
1217.99,114,141,11,0,3,3,6.26,1,1,1,7,0
2462.78,23,23,2,0,6,9,6.04,0,1,1,16,1
7509.72,146,31,0,0,2,4,7.48,1,1,1,12,0
7433.63,410,94,9,0,3,7,10.7,1,1,1,17,0
1756.06,416,71,6,0,2,2,23.35,1,1,1,22,0
2078.33,123,2,6,0,3,5,28.42,1,1,1,14,0
5491.25,242,7,16,0,2,5,688.25,1,0,1,10,0
403.11,277,112,10,0,1,4,17.22,0,1,1,5,0
1308.88,54,1,11,0,4,6,1.79,1,0,1,18,1
6874.47,351,151,3,0,3,5,23.82,1,0,1,3,0
4794.38,63,19,5,0,6,10,1.84,1,1,1,21,1
2615.64,129,54,2,0,1,3,0.3,1,1,1,14,0
401.08,76,49,5,0,1,2,11.2,1,1,1,14,0
1720.02,213,30,21,0,2,6,5.56,1,0,1,8,0
1002.33,94,1,8,0,3,5,35.0,0,1,1,7,0
2517.54,111,12,10,0,2,3,55.73,1,1,1,19,1
804.85,309,57,33,0,4,8,5.37,1,1,1,11,0
648.25,121,35,4,0,3,4,30.21,1,1,1,19,0
229.32,171,32,8,0,2,5,3.17,1,0,1,2,0
6135.24,62,6,2,0,1,2,1306.8,1,1,1,14,1
1212.25,46,25,8,0,2,4,12.45,1,0,1,16,0
2115.71,194,44,22,0,2,7,4.71,1,1,1,13,0
1804.0,117,4,19,0,1,5,2.16,0,1,1,18,0
621.77,474,4,20,0,1,5,16.47,1,1,1,11,0
513.34,607,40,11,0,1,6,1.08,1,1,1,17,0
661.62,67,49,6,0,3,4,22.13,1,1,1,18,0
877.28,48,17,8,0,2,2,24.8,0,1,1,18,0
2608.7,481,23,12,0,2,4,1050.63,1,1,1,12,0
815.89,231,95,8,0,4,7,17.51,1,1,1,13,0
10368.12,191,122,15,3,4,8,9.26,1,1,1,10,1
5050.04,53,23,8,1,2,4,2.3,1,1,1,5,1
4057.65,579,26,16,0,2,5,2.46,0,1,1,18,0
1604.14,91,106,26,0,3,9,2.92,1,1,1,11,0
8219.63,284,218,2,0,2,5,17.84,1,1,1,16,0
1453.88,274,23,3,2,2,7,788.79,1,1,1,8,1
1752.39,44,93,9,0,1,1,3.77,1,1,0,8,0
2143.03,105,39,13,0,1,4,9.56,0,0,1,21,0
3647.59,56,18,15,0,1,5,25.32,1,1,1,18,0
3418.33,29,68,25,0,5,6,19.19,1,1,1,0,0
1124.25,146,37,4,0,2,4,16.08,0,1,1,11,0
1061.04,63,18,13,0,2,4,13.63,1,1,1,19,0
3428.59,91,6,15,0,5,8,2.64,1,1,1,9,0
3696.85,51,121,11,0,2,3,1386.85,1,1,1,15,1
1220.05,133,126,13,0,4,7,1.56,1,1,1,23,0
369.74,472,4,9,0,1,1,14.04,1,1,1,10,0
1469.51,210,65,3,0,3,9,31.45,0,1,1,11,0
3372.89,115,10,3,1,1,5,1530.76,1,0,1,17,1
10997.43,162,62,19,0,4,9,12.04,1,1,1,20,0
545.69,200,142,6,0,2,4,7.15,0,0,1,15,0
1180.19,202,18,33,0,2,4,2.44,1,1,1,18,0
1224.88,137,25,19,0,2,3,35.72,1,0,1,18,0
7015.0,100,95,27,0,2,6,51.01,1,0,1,9,0
1745.96,282,79,16,0,3,3,17.29,1,1,1,17,0
729.73,70,31,17,0,3,5,481.34,1,1,1,17,0
3161.16,285,113,4,0,3,5,426.18,1,1,1,14,0
1206.36,123,151,1,0,4,7,1524.94,1,1,1,13,1
531.45,353,36,11,0,3,4,3.97,1,1,1,9,0
740.43,79,2,10,0,2,5,724.69,0,1,1,19,1
10239.85,77,42,5,0,1,3,5.65,1,0,1,18,0
2655.02,175,80,4,0,3,5,5.35,0,0,1,9,1
2013.76,91,14,7,0,2,6,1.65,1,1,1,8,0
1408.25,484,6,2,0,3,8,18.85,1,1,1,3,0
2421.52,102,20,6,2,4,5,5.33,1,1,1,13,1
2392.84,84,1,35,0,2,3,6.46,1,1,1,16,0
2421.56,225,75,10,0,2,2,43.1,1,0,1,6,0
2028.08,20,9,17,0,1,7,3.28,1,0,1,9,0
4310.45,503,77,22,0,2,5,1.38,0,1,1,11,0
1850.3,254,16,3,0,3,4,14.47,1,0,1,15,0
679.98,201,290,25,0,4,5,33.04,0,1,1,15,0
980.02,95,45,3,0,1,3,10.08,1,0,1,15,0
249.88,153,2,9,2,4,6,0.19,0,1,1,13,1
13722.84,105,88,1,0,2,9,1.89,1,0,1,7,0
4284.48,120,31,2,0,3,4,22.28,0,0,1,20,0
788.34,301,56,9,0,2,2,33.26,1,1,1,2,0
1363.97,215,181,10,1,2,3,11.01,1,1,1,6,0
956.35,129,43,11,0,2,4,4.32,1,0,1,14,0
8455.29,41,97,4,0,1,4,6.95,1,1,1,5,0
437.08,628,21,25,0,2,4,8.37,1,1,1,7,0
2027.33,73,75,6,0,2,8,18.71,1,1,1,3,0
1622.09,303,6,1,0,1,5,11.13,1,1,1,12,0
4133.33,102,134,14,0,2,5,0.56,1,1,1,10,0
1629.44,190,13,6,0,2,7,227.69,1,1,1,11,0
311.62,85,21,10,0,5,8,9.39,1,1,1,2,1
1406.53,99,190,7,0,1,5,9.8,1,0,1,6,0
683.92,94,10,16,0,1,4,6.1,1,1,1,9,0
1957.81,181,17,7,0,3,8,1.37,1,1,1,17,0
7586.89,95,52,2,0,4,6,9.43,1,1,1,19,0
317.53,176,236,15,0,4,4,22.0,1,1,1,12,0
812.22,381,70,21,0,3,9,0.49,0,1,1,11,0
1040.34,67,7,16,0,1,4,22.42,1,1,1,10,0
1234.44,68,82,4,0,2,7,8.9,1,1,1,8,0
3790.02,435,33,10,0,2,5,33.25,1,0,1,11,0
1519.98,258,292,4,0,3,7,3.54,1,0,1,9,0
2740.25,168,59,12,0,2,6,5.35,0,0,1,9,0
967.03,50,45,11,0,1,3,27.84,1,1,1,21,0
2275.43,42,48,7,0,2,6,38.84,1,0,1,15,0
3935.52,84,61,14,0,2,4,23.5,1,1,1,17,0
869.31,184,78,8,0,3,5,14.09,1,1,1,15,0
3949.55,318,4,21,0,2,7,29.61,1,1,1,7,0
1905.26,181,8,12,0,4,7,11.51,1,1,1,16,0
5143.35,189,21,15,0,3,9,114.41,0,0,1,19,1
1478.2,344,39,4,0,3,4,0.16,0,1,1,17,0
2647.17,224,22,8,0,1,3,1.64,1,0,1,9,0
1736.1,112,14,7,0,4,9,26.59,1,1,1,7,1
1642.19,160,155,17,0,2,6,25.04,1,1,1,11,0
2342.4,323,1,5,0,2,4,9.57,1,0,1,11,0
3092.72,200,167,14,0,2,4,36.93,1,1,1,10,0
518.24,458,142,20,0,2,10,39.04,1,0,1,19,0
7582.77,96,69,8,0,2,7,6.0,1,1,1,15,0
281.56,73,1,12,0,2,3,45.24,1,0,1,10,1
911.59,210,15,9,0,1,3,66.38,1,1,1,20,0
1645.39,178,232,6,0,2,8,8.27,1,1,1,20,0
2730.82,67,141,3,0,4,6,1.89,1,1,1,16,0
8744.43,106,200,16,0,2,4,34.47,1,1,1,12,0
281.94,384,333,4,0,2,7,15.86,1,0,1,13,0
1088.23,230,3,13,0,1,5,16.89,1,1,1,1,0
215.54,111,50,32,0,5,6,29.66,1,1,1,20,0
1866.13,81,107,12,0,2,6,15.04,1,0,1,23,0
2372.46,130,23,15,0,1,3,3.42,1,1,1,9,0
8873.24,313,34,12,0,3,6,7.13,1,0,1,19,0
2039.86,174,20,8,0,2,8,18.42,1,0,1,14,0
5135.98,158,2,3,0,2,6,9.6,0,1,1,7,0
3241.65,323,4,13,0,1,2,11.88,1,1,1,8,0
1169.99,70,1,12,0,4,7,7.62,1,1,1,16,0
441.88,93,44,10,0,2,3,34.27,1,1,1,18,0
2380.35,184,57,15,0,2,4,3.93,1,0,1,14,0
406.63,158,22,5,0,3,3,18.9,1,0,1,21,0
6602.52,135,104,19,0,2,4,63.18,1,0,1,13,0
1537.54,333,131,11,0,2,4,13.79,1,1,1,18,0
5974.03,32,9,14,0,1,6,6.88,1,0,1,20,0
1118.55,75,3,2,0,2,7,8.93,0,0,1,23,0
2365.75,75,23,13,0,1,2,44.48,1,0,1,15,0
2229.09,245,74,1,0,2,2,78.9,1,1,1,12,0
1728.41,121,42,4,0,1,4,5.77,1,0,1,14,0
1173.02,585,40,16,0,4,7,5.88,1,1,1,7,0
2677.01,343,9,8,0,3,3,14.97,1,1,1,14,0
716.11,121,25,3,0,1,3,10.45,1,1,0,11,0
539.46,240,191,12,0,3,5,1165.38,1,0,1,11,0
6265.58,232,24,22,0,4,9,29.43,0,1,1,16,0
3741.22,407,53,2,0,5,9,11.77,1,0,1,8,0
1931.19,139,3,23,0,3,6,1297.42,1,0,1,7,1
9558.08,109,3,36,0,2,8,10.97,1,1,1,9,0
1383.31,221,33,6,0,2,7,7.34,1,1,1,5,0
6786.59,140,55,13,0,1,5,2.33,1,0,1,8,0
2155.06,258,27,12,0,2,4,14.65,1,1,1,1,0
648.88,378,11,6,0,2,7,7.74,1,1,1,0,0
11476.31,83,79,2,0,3,4,3.62,1,1,1,21,0
4869.33,102,9,8,0,2,3,1.33,1,1,1,9,0
1601.95,357,66,9,0,3,8,24.52,1,0,1,12,0
3741.24,167,188,7,0,3,6,33.59,1,1,1,15,0
1207.49,172,38,6,0,4,4,22.61,1,1,1,1,0
4142.89,320,13,3,0,1,5,5.9,1,1,1,0,0
165.49,155,110,11,0,3,9,9.1,1,0,1,9,0
652.1,284,42,16,0,4,5,43.53,1,1,1,12,0
4813.89,89,154,1,0,1,5,63.74,1,0,1,11,0
1408.59,125,76,4,0,2,5,0.77,1,0,1,16,0
2225.07,419,33,13,0,1,5,32.57,1,1,1,8,0
470.23,169,57,9,0,2,8,5.09,1,1,1,12,0
11474.32,85,11,13,0,1,6,1.32,1,0,1,20,0
5946.33,82,29,2,0,3,5,28.09,1,1,1,6,1
1479.29,158,54,3,0,3,5,16.49,1,1,1,9,0
1206.29,290,53,12,2,3,4,61.08,1,1,1,15,1
5062.44,16,53,2,0,1,4,439.57,1,1,1,15,1
13127.58,114,81,8,0,2,4,0.12,1,0,1,18,0
4692.69,233,6,12,0,2,4,21.1,1,1,1,8,0
15863.92,195,4,3,0,2,4,17.44,1,1,1,19,0
718.85,219,9,7,0,1,1,19.56,1,0,1,14,0
796.81,96,94,14,0,3,4,972.35,1,1,0,20,1
550.63,182,4,21,0,4,8,15.27,1,0,1,5,0
2812.31,328,15,4,0,1,4,2.7,1,0,1,20,0
2155.12,122,17,3,0,2,9,22.47,1,1,1,10,0
1553.16,175,62,8,0,1,2,8.33,1,1,1,13,0
4061.3,38,30,4,0,2,3,38.55,0,1,1,10,0
6200.15,230,13,0,0,2,4,14.31,0,1,1,19,0
393.21,98,35,9,0,3,8,3.25,1,0,1,15,0
995.28,61,69,9,0,2,3,53.06,1,1,1,20,0
4105.75,114,92,49,0,3,5,13.99,1,1,1,18,0
1132.59,238,7,6,0,5,6,3.63,1,0,1,9,1
813.86,100,75,0,0,2,4,0.84,1,1,1,10,0
5006.73,71,1,10,0,4,7,869.89,0,1,0,13,1
497.95,264,77,7,0,2,5,6.5,1,1,1,18,0
1337.32,83,64,7,0,2,4,58.53,1,0,1,19,0
2511.52,565,37,2,2,3,5,8.54,1,0,1,6,1
1018.6,319,8,14,0,1,5,0.4,0,0,1,19,0
3956.66,420,86,2,0,3,7,2.18,1,1,1,19,0
1023.64,186,4,15,0,1,6,50.97,1,1,1,20,0
7395.44,97,135,32,0,1,5,34.28,1,1,1,12,0
1594.4,334,89,5,1,1,7,9.84,0,1,1,9,1
3537.83,66,81,23,0,2,4,19.04,1,1,1,3,0
3812.44,34,84,4,0,2,8,14.98,0,0,1,7,0
965.32,219,4,14,0,2,7,28.48,1,1,1,23,0
231.95,56,276,10,0,2,3,53.99,1,1,1,13,0
2593.48,157,117,4,0,4,7,15.12,1,0,1,18,0
1943.58,151,42,6,0,1,6,30.84,0,1,1,14,0
3152.11,283,76,2,0,4,5,80.33,1,1,1,17,0
1441.55,63,80,2,0,1,3,50.28,1,0,1,15,0
1175.65,48,106,5,2,3,7,16.86,1,1,1,12,1
13473.4,143,17,21,0,1,4,4.83,1,1,1,21,0
414.74,12,27,6,0,2,5,34.14,1,1,1,22,0
3766.68,208,96,8,2,2,3,9.65,1,1,1,18,1
1017.8,196,87,14,0,4,9,30.73,1,1,1,20,0
1292.35,198,44,0,0,2,11,6.77,1,0,1,20,0
1316.72,141,30,7,0,3,11,23.51,1,0,1,17,0
809.62,490,207,32,0,4,6,50.82,1,1,1,15,0
3201.02,223,32,2,0,5,8,23.46,1,0,1,17,0
7263.69,264,86,4,0,5,8,21.52,0,1,0,19,1
2892.9,107,31,3,0,3,3,4.2,0,0,1,10,1
2004.97,144,22,11,2,2,8,2.48,1,0,1,18,1
674.22,86,61,4,0,3,4,1.79,1,0,1,10,0
3031.54,182,98,11,2,2,6,4.23,0,1,1,16,1
15620.66,87,239,13,0,1,4,16.3,1,1,1,18,0
1235.59,269,9,6,0,2,4,14.82,1,0,1,18,0
1241.43,163,125,5,0,2,4,3.93,0,1,1,15,0
1031.65,7,44,10,0,4,5,1.32,1,0,1,20,1
1108.3,81,6,6,0,2,3,15.07,1,1,1,21,0
116.13,396,94,22,0,3,5,36.33,1,1,1,8,0
2710.9,413,24,7,0,4,9,65.01,1,1,1,7,0
776.23,242,121,12,0,2,3,25.34,1,0,1,16,0
361.31,144,10,1,0,2,5,10.03,0,1,1,19,0
3839.86,363,74,8,0,4,5,14.52,1,1,1,15,0
612.77,152,21,8,0,2,6,22.81,1,1,1,21,0
1288.62,351,17,14,0,1,7,18.6,1,1,1,18,0
7835.68,181,3,29,0,5,9,7.39,1,0,1,19,0
441.77,134,39,0,0,1,4,31.03,1,1,1,8,0
390.49,268,29,18,0,1,4,1121.66,1,1,1,10,0
2366.83,73,3,17,0,2,4,12.25,1,0,1,11,0
5707.22,87,15,11,3,1,5,24.18,1,1,1,17,1
374.52,52,40,5,3,2,4,3.08,1,1,1,19,1
2718.1,225,99,1,0,4,10,24.68,1,0,1,12,0
3232.46,158,159,3,0,2,5,8.68,1,1,1,13,0
230.64,787,43,1,0,5,7,24.01,1,1,1,17,0
4017.85,230,30,25,0,4,6,18.67,0,1,1,7,0
4344.24,131,185,7,0,1,4,26.13,1,1,1,15,0
1323.74,150,197,11,0,1,5,78.66,1,0,1,10,0
6325.51,195,12,6,0,5,6,28.92,1,0,1,18,1
5633.33,107,45,4,0,4,7,51.83,1,0,1,19,1
2004.44,17,103,5,0,4,6,1.92,1,1,1,5,0
1151.19,52,103,2,3,3,5,11.25,1,1,1,13,1
683.46,118,69,5,0,2,6,9.41,1,0,1,20,0
1741.39,40,38,17,0,3,4,20.22,0,0,1,13,1
3196.33,166,31,17,0,2,4,14.46,0,1,1,13,0
1307.44,317,98,7,0,3,6,19.14,1,0,1,5,0
200.84,88,15,7,0,2,5,34.2,1,0,1,16,0
6429.9,121,33,2,0,4,5,10.35,1,1,1,10,1
2186.86,149,50,16,0,2,3,0.44,1,0,1,10,0
1236.91,133,106,12,0,3,4,6.4,1,0,1,10,0
4260.57,168,28,6,0,2,6,18.2,1,0,1,15,0
8305.21,26,47,10,0,3,6,0.94,1,1,0,17,0
109.74,338,19,10,0,4,5,22.81,1,1,1,14,0
2791.3,141,108,18,0,1,4,16.41,0,0,1,7,0
434.13,81,92,11,0,4,8,44.86,1,1,1,7,0
2978.31,203,102,8,0,3,9,21.04,0,0,1,14,0
2054.79,306,3,13,0,2,5,26.32,0,1,1,20,0
3414.3,71,40,11,0,2,3,5.42,0,1,1,17,0
1097.46,208,8,6,0,3,3,100.93,1,1,1,16,0
277.76,373,67,5,0,1,5,15.22,1,1,1,9,0
1152.43,375,22,13,0,3,4,43.84,1,1,1,18,0
2715.82,273,89,7,0,2,5,56.45,1,1,1,18,0
4991.0,109,4,6,0,4,6,18.73,1,0,1,13,1
560.13,74,43,7,0,4,6,11.5,0,1,1,16,0
5049.58,87,7,4,0,2,5,22.08,1,1,1,20,0
945.89,370,48,13,0,3,4,11.53,1,0,1,18,0
2597.88,242,56,4,3,3,10,11.16,1,0,1,14,1
1085.84,279,37,9,0,1,5,8.17,1,0,1,19,0
2169.32,159,19,3,0,2,2,15.06,1,1,1,19,0
4411.09,29,1,7,0,4,9,303.4,0,1,1,18,1
530.06,206,65,19,0,2,8,1049.5,1,1,1,15,1
916.07,81,122,7,0,4,7,49.73,1,1,1,19,0
2175.39,322,79,4,0,3,7,2.39,1,0,1,17,0
19961.96,88,134,22,0,2,3,1.95,1,0,1,18,0
762.66,191,159,10,0,1,3,20.95,0,1,1,19,0
13906.81,247,35,2,0,2,11,14.82,1,0,1,23,0
13418.95,799,71,12,0,5,8,5.99,0,1,1,6,0
1640.39,155,30,7,0,2,6,6.18,1,0,0,15,1
1341.91,160,151,13,0,3,4,29.17,1,1,1,22,0
905.0,324,49,8,0,1,2,29.22,1,1,1,21,0
1688.84,142,83,12,0,1,3,15.32,1,1,1,20,0
442.87,122,1,30,0,4,8,7.77,0,1,1,4,0
1675.32,99,51,3,0,3,4,9.41,1,1,1,6,0
8077.84,174,81,4,0,1,7,18.35,1,0,1,7,0
981.34,111,17,9,0,1,3,68.53,1,1,1,18,0
1421.23,388,1,2,0,2,2,2.3,1,0,1,16,0
329.92,272,81,15,0,1,5,950.78,1,0,1,19,0
2628.22,184,24,6,0,1,7,5.37,1,0,1,16,0
2355.44,172,33,11,0,3,7,14.84,1,0,1,20,0
1926.97,95,49,2,0,2,4,15.33,1,0,1,20,0
1455.6,158,7,3,0,3,6,755.32,1,1,1,7,1
1349.17,147,6,11,0,5,12,403.06,1,0,1,2,1
2986.63,500,194,1,0,4,7,54.45,1,1,1,13,0
1756.68,141,24,10,0,3,7,8.61,1,1,1,23,0
2477.42,230,17,25,0,1,4,6.64,1,1,1,9,0
2241.68,239,2,0,0,2,5,20.06,1,0,1,17,0
5560.41,79,11,4,0,1,2,46.95,1,1,1,2,1
3558.14,139,33,2,0,1,4,558.51,1,1,1,12,0
2192.64,267,25,6,0,2,3,39.45,1,1,1,19,0
8253.74,72,33,10,0,5,9,3.53,1,1,1,12,0
2752.51,575,73,3,0,3,3,20.44,1,0,1,10,0
6667.25,181,61,3,0,2,3,0.59,0,1,1,15,0
3317.42,110,40,7,0,2,4,18.76,1,0,1,7,1
286.6,60,101,3,0,3,8,21.95,1,1,1,11,0
6666.4,433,116,7,0,5,8,31.95,1,0,1,23,0
2069.74,145,53,2,0,1,3,36.42,1,1,1,18,0
1716.5,227,7,21,0,1,1,10.1,1,0,1,1,0
2395.5,68,31,5,0,3,6,15.72,1,1,1,12,1
1280.51,99,60,2,0,3,5,769.1,1,1,1,11,1
2268.85,312,3,5,0,2,6,8.43,1,0,1,8,0
1000.37,426,1,1,0,1,5,20.25,1,1,1,16,0
6465.74,85,177,10,0,2,3,24.37,1,1,1,23,0
1613.9,223,78,6,0,3,3,5.88,1,0,1,19,0
1233.26,220,9,1,0,2,9,1.75,1,0,1,13,0
717.0,312,35,5,1,1,2,16.94,1,0,1,10,1
2365.57,235,12,3,0,1,7,3.65,1,0,1,22,0
2180.06,262,1,5,0,1,4,31.52,1,0,1,12,0
2666.24,28,29,3,0,2,4,31.51,1,0,1,23,0
647.26,216,62,5,0,1,2,18.62,1,1,1,20,0
364.61,59,184,18,0,2,2,3.97,1,1,1,8,0
3379.87,203,88,6,0,4,12,5.26,1,1,1,3,0
7979.59,340,15,9,0,3,5,7.55,1,0,1,15,1
647.84,193,24,24,0,1,4,34.94,1,0,1,13,0
8861.23,266,44,9,0,1,3,1373.03,1,0,1,23,1
2401.65,303,12,9,2,2,4,2.42,1,1,1,13,1
1795.32,285,107,22,0,2,4,6.92,1,1,1,13,0
1214.94,203,11,3,0,2,4,44.75,1,1,1,19,0
452.81,214,20,1,0,2,2,38.09,1,1,1,20,0
4854.83,332,51,8,0,2,8,35.95,1,0,1,18,0
832.47,636,7,4,0,2,7,36.65,1,1,1,14,0
828.98,93,58,4,0,4,7,12.11,1,1,1,15,0
4875.25,120,173,8,0,3,7,10.57,1,1,1,11,0
275.07,288,70,12,0,4,7,31.35,0,1,1,8,0
394.02,514,100,18,0,1,2,13.15,1,1,1,15,0
1775.55,50,34,8,0,4,8,5.34,1,1,1,12,0
2424.27,59,27,3,0,3,8,8.21,0,0,1,17,1
2935.8,177,23,2,0,1,6,38.59,1,0,1,17,0
1337.02,300,64,18,0,4,5,22.37,1,0,1,15,0
22705.66,178,43,3,0,3,8,18.48,1,0,1,13,1
1439.58,193,38,4,0,3,4,0.39,1,1,1,21,0
1435.42,86,6,6,0,3,4,1500.63,1,1,1,12,1
814.86,167,67,6,0,1,4,10.88,1,1,1,10,0
2046.54,109,77,5,0,1,5,77.2,1,1,1,6,0
3344.13,210,13,4,0,3,6,42.06,1,0,1,8,0
6024.43,146,85,12,0,2,2,76.69,1,1,1,8,0
407.78,92,126,7,0,3,5,7.33,1,1,1,11,0
1413.76,440,11,28,0,2,6,4.06,1,1,1,19,0
2826.24,266,36,5,0,2,8,4.29,1,1,1,14,0
3252.1,212,125,27,0,3,4,2.45,1,0,1,7,0
1819.92,98,40,0,0,4,5,138.94,1,1,1,7,1
3110.14,264,101,16,0,3,8,18.83,1,1,1,11,0
805.16,80,14,11,0,3,8,5.59,1,1,1,14,0
8586.15,95,3,0,0,2,2,15.61,1,1,1,13,0
4878.67,167,3,26,0,3,6,0.18,1,0,1,6,0
471.1,187,215,7,0,5,10,20.62,1,0,1,6,0
617.02,122,10,9,1,3,4,8.44,1,1,1,17,1
634.65,49,120,3,0,1,6,2.23,1,1,1,14,0
3561.62,138,22,2,0,2,6,54.72,0,1,1,16,0
500.33,409,2,3,0,2,7,1516.82,0,0,1,19,1
1298.51,35,16,2,0,3,3,9.21,1,1,1,11,0
2848.95,239,42,3,0,4,8,1.54,1,1,1,21,0
1692.28,149,6,14,0,3,9,1.06,1,0,1,22,0
2342.3,61,153,16,0,2,5,1301.72,1,1,1,8,0
622.78,374,138,5,0,3,4,64.5,1,0,1,22,0
3277.56,105,9,2,0,5,7,4.36,1,0,1,12,1
979.25,460,80,22,0,4,8,23.53,1,1,1,15,0
1306.86,194,37,16,0,2,4,8.76,1,0,1,16,0
2293.26,210,241,38,0,4,8,1016.0,1,1,1,10,0
2004.36,143,3,3,0,4,8,3.42,1,1,1,9,0
1851.92,324,38,10,0,2,5,14.06,1,1,1,22,0
853.52,155,20,4,0,4,7,10.9,1,1,1,13,0
1340.03,336,77,0,0,3,6,48.82,1,1,1,15,0
1811.99,213,7,11,3,1,3,3.81,1,1,1,10,1
457.11,141,59,11,0,6,7,12.77,0,1,1,21,0
1138.5,41,177,10,0,2,6,25.4,1,0,1,14,0
2664.26,393,36,11,0,4,5,23.33,0,1,1,10,0
503.99,188,36,4,0,4,9,7.99,1,0,1,20,0
5747.85,112,41,5,0,5,11,11.2,0,1,1,19,1
6435.68,270,32,14,0,3,6,20.57,1,1,1,15,0
520.53,212,35,2,0,3,4,39.69,1,0,1,23,0
7027.73,213,37,5,0,2,3,26.59,1,0,1,11,0
1566.22,738,374,5,0,2,4,7.1,0,0,1,14,0
2747.69,97,7,4,0,5,7,7.7,1,1,1,12,1
1100.31,278,20,3,0,3,5,0.05,0,1,1,16,0
4550.74,389,14,7,0,2,10,616.25,1,1,1,22,0
2713.77,146,47,9,0,3,4,54.01,1,1,1,17,0
800.99,93,1,4,0,1,3,13.94,0,1,1,13,0
563.86,144,152,0,0,3,5,6.74,0,0,1,18,0
419.77,210,45,3,3,2,5,26.97,1,1,1,8,1
2181.88,352,135,25,0,2,4,0.7,1,1,1,8,0
3205.01,102,25,10,0,1,1,28.87,1,1,0,17,0
3466.73,144,9,17,0,1,5,31.42,1,0,1,8,0
1606.83,276,12,14,0,2,4,6.29,1,1,1,18,0
568.5,307,38,15,0,2,5,30.59,0,0,1,11,0
914.09,327,2,4,0,3,7,6.73,1,1,1,12,0
5723.57,53,91,11,0,3,11,23.95,1,1,1,20,0
1113.62,566,93,13,0,2,5,12.39,1,1,1,19,0
2086.86,124,72,41,0,6,12,9.51,1,0,1,16,0
616.68,556,135,8,0,3,9,20.98,1,0,1,9,0
2531.54,615,47,13,0,1,5,4.42,0,1,1,10,0
1144.03,45,39,17,0,2,5,2.38,1,1,1,12,0
5149.8,270,45,7,0,1,6,9.31,0,1,0,11,0
3918.87,135,12,4,0,5,5,2.57,1,1,1,7,1
1101.35,177,43,4,0,3,4,6.25,1,0,1,11,0
1592.94,308,46,23,0,3,5,17.05,1,0,1,19,0
1041.99,78,86,11,0,1,8,3.29,1,0,1,21,0
437.28,130,25,2,0,2,5,7.94,1,0,1,19,0
767.05,264,5,8,0,2,4,14.62,1,1,1,20,0
2204.41,220,54,4,0,1,5,5.01,1,0,1,9,0
2503.04,306,93,7,0,5,8,23.02,1,0,1,16,0
2097.6,126,209,4,0,2,5,5.75,1,0,1,17,0
1337.11,74,5,14,0,1,3,29.24,1,0,1,6,0
4596.57,604,82,5,0,4,5,9.61,1,1,1,18,0
1926.66,96,54,16,0,6,8,51.76,1,1,1,18,0
3652.82,84,1,5,0,4,7,1016.37,1,1,1,22,1
306.81,103,76,27,0,2,5,16.32,1,1,1,13,0
50.0,197,1,5,0,2,7,6.18,0,0,1,12,0
2401.35,208,92,0,0,1,3,1.53,1,1,1,18,0
434.95,55,76,6,0,2,7,11.77,1,1,1,15,0
1461.98,89,69,11,1,3,5,15.24,1,0,1,13,1
1336.62,330,7,6,0,5,6,18.67,0,1,1,21,0
8843.17,139,150,3,0,3,6,79.33,1,0,1,18,0
2697.27,215,137,15,0,3,3,8.08,1,1,1,12,0
2134.23,94,138,8,0,4,6,34.8,1,1,1,13,0
4175.51,247,26,8,0,2,7,39.73,1,1,1,16,0
2613.64,90,40,7,0,3,5,18.97,1,1,1,15,0
1144.04,69,7,8,0,2,6,21.62,1,1,1,5,0
5278.92,31,3,10,0,3,5,45.45,1,1,1,12,1
596.01,171,3,25,0,3,6,919.97,0,1,1,19,1
2498.0,255,50,4,0,3,4,5.79,0,0,1,16,0
384.69,259,23,11,0,3,7,23.94,1,1,1,20,0
2217.07,193,51,16,0,2,7,16.43,1,0,1,19,0
2192.92,326,53,17,0,3,4,4.39,1,0,1,8,0
9666.82,60,142,5,0,2,4,9.8,1,1,1,19,0
378.05,63,128,9,0,2,4,1.16,1,1,1,14,0
991.39,84,76,21,0,2,6,7.72,1,0,1,15,0
4116.19,131,102,9,0,4,9,1413.08,1,1,1,16,1
2528.34,167,1,17,0,2,4,7.7,1,0,1,3,0
2165.28,345,1,16,0,3,3,9.59,0,1,1,1,1
694.97,139,36,6,0,2,6,76.35,1,1,1,17,1
1001.43,270,63,6,0,3,9,18.92,1,1,1,9,0
6279.47,239,94,16,0,2,7,19.13,1,1,1,18,0
1717.27,344,35,30,0,3,6,42.0,1,0,1,3,0
2631.63,228,168,6,0,3,7,3.32,1,1,1,19,0
1611.32,358,101,5,0,1,2,8.89,1,0,1,12,0
553.86,32,6,9,0,5,5,22.08,1,1,1,13,0
4599.99,142,34,9,0,2,7,15.47,1,0,1,12,0
2990.61,43,316,9,0,2,6,42.0,1,0,1,9,0
18135.69,84,31,13,0,3,4,1.06,1,0,1,14,1
654.86,79,29,9,0,2,4,0.87,1,1,0,10,0
4115.74,358,20,9,0,2,5,17.36,1,1,1,7,0
487.09,148,39,18,0,2,6,14.4,1,1,1,10,0
2116.13,565,78,4,2,1,4,21.58,1,1,1,16,1
4800.65,139,2,13,0,1,2,1.23,1,1,1,19,0
227.66,40,108,10,0,2,5,17.1,1,0,1,14,0
1473.02,131,149,12,0,3,6,6.75,1,1,1,13,0
1029.46,230,91,6,0,1,2,8.07,1,1,1,10,0
896.09,204,148,18,0,3,8,0.31,1,1,1,6,0
2657.69,172,5,4,0,2,3,9.06,0,0,1,10,0
5545.19,214,35,16,0,3,7,26.83,1,1,1,4,0
1582.44,305,4,22,0,5,6,50.02,1,1,1,14,0
2220.5,19,108,11,0,2,9,8.65,1,0,1,7,0
2026.99,187,182,3,0,2,3,5.3,1,0,1,7,0
1811.31,79,21,3,0,1,4,15.84,1,1,0,9,0
608.29,252,45,43,0,2,6,5.48,1,1,1,20,0
5477.72,88,21,12,0,2,5,7.5,1,1,1,19,0
2428.9,89,28,14,0,3,4,16.8,1,0,1,12,0
2683.51,58,38,16,0,3,4,18.02,1,1,1,7,0
807.13,178,93,14,0,1,4,15.51,1,0,1,21,0
1142.28,40,9,19,0,2,6,11.9,1,0,1,19,0
1516.05,58,10,2,0,2,4,1.7,1,0,1,16,1
389.89,180,13,33,0,3,5,1037.89,0,1,1,17,0
334.28,143,3,14,0,5,12,10.32,1,1,1,2,1
991.53,141,61,5,0,3,7,1.9,1,1,1,19,0
3048.85,30,12,9,0,4,6,52.9,1,0,1,6,0
940.92,181,34,8,0,3,8,9.38,1,1,1,19,0
652.75,191,69,7,0,2,7,6.61,1,0,1,13,0
800.56,323,35,20,0,1,6,0.97,1,1,1,8,0
1146.72,237,141,2,0,1,2,8.89,1,1,1,17,0
1269.2,76,87,5,0,1,6,35.03,1,0,1,10,0
15764.59,75,19,7,0,2,4,3.19,1,1,1,23,1
5190.68,339,8,5,0,3,7,20.06,1,0,1,4,0
5038.05,306,134,20,0,1,4,30.09,1,1,1,13,0
5817.24,157,30,7,0,4,7,15.82,1,1,1,11,0
665.93,257,28,5,0,3,9,11.48,1,1,1,9,0
532.53,285,99,12,0,1,4,4.9,1,1,1,10,0
597.72,48,1,9,0,2,3,10.25,1,0,1,6,0
6867.16,66,35,10,0,2,5,23.27,0,0,1,18,0
1046.08,124,75,12,0,3,9,4.54,1,0,1,18,0
517.31,343,113,3,0,3,6,14.86,0,0,1,20,0
1174.98,463,129,2,0,1,2,22.38,1,1,1,9,0
1424.24,190,37,12,0,3,5,13.56,1,1,1,19,0
2364.72,72,112,7,0,2,6,7.86,0,1,1,15,0
2323.78,82,2,13,0,2,5,1.46,1,0,1,6,0
789.83,130,21,15,0,2,6,28.02,0,1,1,15,0
3589.1,129,1,7,0,4,9,48.93,1,0,1,3,1
954.14,79,10,5,0,4,5,27.12,1,0,1,15,1
1546.46,140,77,5,0,2,4,3.41,1,0,1,18,0
3593.11,33,1,14,0,2,5,13.11,1,0,1,11,0
951.63,147,44,2,0,3,6,13.62,1,0,1,7,1
1023.16,94,32,13,0,3,4,16.44,1,0,1,16,0
3267.13,91,7,6,0,4,7,238.92,1,1,1,10,0
766.83,224,69,16,0,3,8,15.14,1,1,1,6,0
1230.54,231,70,1,0,2,5,16.55,1,1,1,20,0
3151.84,123,77,6,0,2,4,0.63,1,1,1,17,0
14102.29,65,86,8,0,2,5,17.14,1,0,1,21,0
3312.32,179,22,22,0,1,5,1.52,1,0,1,10,0
2900.5,120,308,26,0,2,4,17.09,0,1,1,18,0
3074.2,268,4,11,0,1,2,48.51,0,0,1,0,0
618.2,222,62,5,0,6,9,872.51,0,1,1,5,1
2029.61,245,211,3,0,1,5,5.36,0,1,1,17,0
1755.02,23,15,5,0,1,4,0.95,0,1,1,10,0
2493.85,421,19,1,0,1,4,59.84,1,0,1,23,0
2031.46,184,51,5,0,5,9,9.4,1,1,1,16,0
2643.08,29,91,8,0,1,4,22.9,0,1,1,15,0
1324.16,134,23,8,0,3,6,22.69,1,0,1,16,0
1917.18,160,108,7,0,3,4,19.75,1,1,1,8,0
529.63,358,16,12,0,3,7,16.55,0,1,1,16,0
1313.03,234,124,16,0,2,4,24.16,1,0,1,13,0
7265.07,201,17,4,0,1,1,0.46,0,0,1,10,0
2486.94,163,57,2,0,2,5,37.42,1,1,1,17,0
1770.61,143,26,3,0,5,5,69.72,1,0,1,15,0
12041.61,46,23,2,0,2,6,11.42,1,1,1,7,0
463.67,189,26,8,0,3,5,37.09,1,1,1,15,0
596.18,79,41,15,0,4,6,233.15,1,1,1,21,0
10023.74,99,111,4,0,3,8,42.14,0,1,1,13,0
1893.08,240,85,3,0,1,2,12.71,1,1,1,10,0
1418.59,95,35,17,0,4,10,30.83,1,1,1,5,0
545.01,32,19,1,0,2,7,18.62,0,1,1,17,0
2829.05,136,115,3,1,2,2,4.03,1,0,1,17,1
3116.48,28,122,2,0,6,8,17.32,1,1,1,19,0
605.17,171,36,17,0,3,8,5.4,1,1,1,19,0
1571.4,255,71,8,0,6,10,1.97,1,1,1,20,0
1292.69,144,27,14,0,2,3,3.95,0,1,1,16,0
2335.49,40,9,11,0,2,5,49.16,1,1,1,12,0
590.37,275,23,15,0,1,4,6.26,1,0,1,7,0
6322.99,374,68,10,0,2,4,943.01,1,1,1,17,0
4518.0,134,88,11,0,3,8,20.88,1,1,1,19,0
1257.43,99,114,10,0,2,5,22.06,1,0,1,16,0
1456.19,46,1,10,0,1,8,23.19,1,0,1,10,0
1577.47,175,39,6,0,5,10,43.57,1,0,1,19,1
830.22,332,19,11,0,3,3,14.78,1,1,1,12,0
1160.46,48,69,1,0,3,4,10.27,1,1,1,17,0
1379.85,25,16,10,0,2,6,73.33,1,1,1,13,0
9071.28,137,50,8,0,2,5,30.17,1,1,1,22,0
4659.29,48,74,22,0,3,8,0.83,1,1,1,18,0
4603.88,159,88,17,0,5,8,12.28,1,1,1,13,0
2617.37,194,18,35,0,1,4,99.53,1,1,1,7,0
591.51,201,5,15,0,3,6,4.41,0,0,0,19,1
1734.56,236,14,8,0,2,6,0.49,1,1,1,11,0
4771.85,419,54,10,0,2,4,0.86,0,1,1,6,0
513.75,274,2,8,0,3,8,2.39,1,1,1,16,0
3417.12,287,10,0,0,1,4,287.32,1,1,1,10,0
18446.12,58,323,16,0,3,4,12.32,1,1,1,10,0
5228.17,169,28,12,0,2,8,33.84,0,1,1,15,0
7435.56,346,41,25,0,4,9,17.86,1,1,1,7,0
2249.22,108,1,5,0,2,4,0.28,1,0,1,12,0
4759.66,266,53,1,0,1,6,10.66,0,1,1,21,0
881.96,485,23,11,0,3,5,1.07,1,1,1,7,0
4007.26,78,45,21,0,5,10,10.18,1,1,1,10,0
3478.61,47,44,28,0,1,3,296.36,1,0,1,19,0
2416.1,205,205,0,0,3,8,1.76,1,1,1,13,0
6741.3,152,18,3,0,3,5,4.0,1,0,1,15,0
1054.91,396,50,5,0,3,4,25.71,0,1,1,21,0
1499.58,67,28,8,0,1,5,24.56,1,1,1,6,0
1989.15,337,32,6,0,2,6,1408.74,1,0,1,21,1
645.73,147,3,13,0,2,3,59.15,1,0,1,2,1
2268.63,96,69,20,0,3,8,51.79,1,1,1,11,0
324.11,170,13,14,0,1,5,13.0,1,1,1,19,0
5151.04,124,37,5,0,3,7,1.83,1,0,1,16,0
1894.36,163,34,0,0,6,8,9.8,0,1,1,17,1
1073.96,327,37,12,0,4,8,24.85,1,1,1,15,0
784.95,512,28,10,0,4,5,413.11,0,0,1,12,0
1429.99,154,16,17,0,4,6,0.14,1,1,1,7,0
3598.45,215,35,19,0,8,16,772.3,1,0,1,13,1
3126.72,298,2,21,0,2,5,48.66,1,0,1,7,0
892.89,213,16,3,0,3,8,15.8,1,1,1,20,1
775.85,101,92,17,0,2,9,15.41,0,1,1,0,0
3487.35,193,111,9,0,3,4,15.18,1,1,1,7,0
878.01,151,75,0,0,3,8,13.97,1,0,1,5,0
1919.67,29,60,2,0,1,5,33.7,1,0,1,14,0
2046.23,9,100,18,0,2,5,24.41,1,0,1,11,0
2470.22,193,8,4,0,3,3,617.52,1,1,1,13,0
4265.31,86,44,13,0,1,4,91.49,1,1,1,10,0
511.34,302,7,23,0,2,2,20.7,1,0,1,12,0
267.43,98,90,14,1,6,9,45.54,1,0,1,16,1
1025.11,111,44,6,0,5,12,0.48,0,1,1,15,1
10954.75,257,99,1,0,2,6,0.13,1,1,1,20,0
13659.28,130,96,28,0,3,3,6.56,1,0,1,11,0
11284.41,83,37,10,0,1,5,17.62,1,1,1,10,0
1490.73,228,41,28,0,2,4,3.25,1,1,1,17,0
304.26,630,1,22,0,2,10,3.11,1,0,1,21,0
173.64,96,44,21,0,7,8,17.72,1,1,1,14,1
978.44,278,67,15,0,1,3,2.58,1,1,1,8,0
1483.15,248,15,17,0,2,3,16.46,1,1,1,14,0
6638.39,556,258,10,0,4,6,739.51,1,0,1,16,0
4306.18,345,220,5,0,5,8,37.95,1,1,1,9,0
2269.7,162,19,4,0,1,4,17.67,1,0,1,13,0
742.6,224,74,15,0,2,3,3.21,0,0,1,16,0
691.75,39,1,10,0,3,4,50.65,1,1,1,23,0
2331.17,396,65,28,0,3,4,30.05,1,0,1,16,0
3630.23,58,58,4,0,1,5,6.21,1,0,1,19,0
2675.47,222,103,10,0,3,7,22.49,1,1,1,7,0
642.52,222,21,2,0,3,6,0.89,1,1,1,13,0
3465.69,247,126,13,0,4,4,7.23,1,0,1,16,0
2768.08,81,117,0,0,3,7,23.36,1,1,1,12,0
619.76,161,66,11,2,1,6,0.16,0,0,1,12,1
825.24,264,38,10,0,3,5,11.11,0,0,1,15,0
3599.3,249,57,7,0,3,7,5.31,1,1,1,19,0
1430.09,533,78,27,0,3,5,7.93,1,1,1,6,0
8858.63,380,221,13,0,2,4,45.13,1,1,1,13,0
2984.33,149,7,4,0,1,1,1.64,1,1,1,0,0
1111.39,146,22,12,0,2,6,16.0,1,1,1,11,0
1789.68,93,91,10,0,1,6,1462.6,1,1,1,15,1
1926.35,252,31,15,0,2,6,11.98,1,1,1,21,0
872.72,39,66,9,0,1,3,14.1,1,1,1,21,0
725.9,46,8,46,0,4,7,31.67,1,1,1,11,0
3646.01,235,74,11,0,1,4,39.02,1,1,1,16,0
4210.23,321,67,5,0,2,5,0.6,1,1,1,21,0
3306.95,103,52,9,0,1,4,10.91,1,0,1,12,0
8228.16,267,86,4,0,2,6,42.5,1,0,1,19,0
1051.77,423,127,3,0,2,3,14.16,1,1,1,12,0
9645.73,306,106,19,0,3,7,12.96,1,1,1,8,0
734.42,214,8,8,0,4,4,1378.8,1,0,1,9,1
656.76,232,81,26,0,3,5,31.65,1,1,1,14,0
311.08,258,35,7,0,1,5,20.05,1,0,1,17,0
1157.72,184,24,9,0,2,4,22.67,1,1,1,8,0
1092.56,126,127,13,0,3,7,617.48,1,0,1,13,0
3059.29,191,49,17,0,3,6,52.24,0,1,1,18,0
2307.43,121,41,12,0,1,4,43.06,1,1,1,11,0
548.41,311,92,12,0,1,3,27.53,1,1,1,9,0
1220.81,185,48,4,0,1,5,844.44,1,0,1,15,1
1247.05,94,117,15,0,3,6,48.48,1,1,1,8,0
306.13,149,6,1,0,1,5,1116.63,1,0,1,0,1
677.94,98,89,20,0,3,6,6.41,1,1,1,6,0
836.47,432,10,0,0,2,2,8.54,0,1,1,8,0
7582.7,301,15,14,0,4,7,20.92,1,0,1,11,0
2189.55,133,11,3,0,2,4,15.72,0,1,1,7,0
3505.78,116,16,6,0,3,6,4.27,0,0,1,15,1
403.98,131,78,3,2,2,8,2.79,1,0,1,12,1
5968.28,59,63,5,0,2,4,983.8,1,0,1,6,1
6641.56,193,15,5,0,4,7,50.2,1,0,1,10,0
245.1,69,18,4,0,3,3,98.04,1,0,1,15,0
893.09,170,6,24,0,2,5,8.28,0,1,1,12,0
2968.36,299,32,1,0,6,9,91.8,1,0,1,15,1
3444.0,412,28,14,0,3,10,6.48,1,1,1,18,0
917.36,121,9,18,0,4,8,8.47,0,0,0,15,1
1332.08,115,107,0,0,1,2,3.25,1,1,1,6,0
994.88,54,114,3,0,2,5,22.94,0,1,1,5,0
2019.12,257,6,4,0,2,9,1395.02,1,0,1,13,1
5986.0,173,18,17,0,2,4,8.56,1,1,1,11,0
836.28,100,79,8,0,4,5,114.04,1,1,1,1,1
4918.8,110,122,6,0,2,7,1229.44,1,0,1,19,1
827.43,336,4,5,0,1,4,15.12,1,1,1,21,0
774.62,22,139,5,0,1,6,4.31,0,1,1,13,0
4099.39,376,3,14,0,4,5,573.39,0,1,0,6,1
4545.7,91,60,4,0,2,7,11.09,1,1,1,20,0
4236.15,279,1,1,0,1,3,23.39,1,1,1,20,0
485.03,72,158,7,0,3,6,20.73,1,1,1,18,0
1134.62,221,26,3,0,4,4,22.18,1,1,1,6,0
4117.45,151,62,4,0,2,7,26.1,0,0,1,10,0
1884.73,371,12,5,0,2,4,11.47,1,1,1,19,0
617.89,147,23,2,0,1,2,18.56,1,1,1,20,0
2859.26,396,82,12,0,2,3,37.07,1,1,1,7,0
884.65,130,216,1,0,5,6,35.91,1,0,1,6,0
10878.3,269,290,21,0,3,5,15.28,1,0,1,12,0
8474.71,305,99,6,0,2,5,4.3,1,0,1,16,0
3307.99,144,112,8,0,3,4,31.09,1,1,1,20,0
7051.58,176,209,5,0,4,5,44.43,1,0,1,6,0
1929.07,57,2,9,0,3,6,6.74,1,1,1,22,0
3887.17,208,11,2,0,1,4,12.97,1,1,1,0,0
7924.55,280,3,10,0,1,5,0.96,1,1,1,13,0
2311.15,420,41,5,0,1,2,4.79,0,1,1,2,0
1400.82,295,190,12,0,2,5,1.31,1,1,1,9,0
328.78,195,52,24,0,3,8,2.28,1,1,1,19,0
1663.81,139,48,11,0,3,5,24.2,0,1,1,7,0
4119.24,165,105,2,0,1,4,37.3,0,1,0,4,1
4654.7,147,158,17,0,5,7,84.37,0,1,0,16,0
2994.0,317,71,5,0,4,4,7.26,1,1,1,16,0
1052.27,375,135,6,0,1,5,0.72,1,1,1,11,0
250.43,145,11,7,0,3,5,4.84,1,1,1,12,0
1101.89,241,41,21,0,3,4,2.74,0,0,1,9,0
1333.62,158,27,10,0,2,6,37.92,0,1,1,8,0
1322.22,46,24,5,1,2,3,3.8,1,1,1,4,1
3356.17,68,14,18,0,2,7,0.42,1,0,1,10,0
13169.73,96,134,15,0,1,4,7.65,1,0,1,9,0
2045.77,158,35,10,0,3,7,11.98,1,1,0,6,0
1455.74,200,45,10,0,3,7,17.89,1,1,1,20,0
1395.18,424,19,7,0,2,5,16.25,1,1,1,9,0
2047.52,179,197,3,0,4,6,20.45,1,0,1,7,0
789.74,185,56,8,0,2,6,6.85,1,1,1,9,0
2038.97,279,1,24,0,2,8,4.39,0,1,1,12,0
2837.88,72,18,25,0,1,4,635.1,1,1,1,8,0
2229.84,202,440,2,0,1,6,42.15,1,0,1,9,0
2857.04,263,220,14,0,5,11,35.66,1,0,1,20,0
2789.86,131,47,6,0,1,5,33.23,1,1,1,10,0
307.39,168,49,4,0,1,3,49.09,1,0,1,12,0
3418.2,142,139,9,0,1,2,622.07,1,1,1,9,0
924.25,131,73,5,0,2,4,9.97,1,0,1,10,0
604.35,192,161,5,0,6,9,23.59,1,1,1,14,0
599.17,319,39,10,0,1,5,4.64,1,0,1,10,0
2789.29,233,223,16,0,2,3,2.53,1,0,0,18,0
1447.26,362,46,23,0,1,4,4.61,1,1,1,19,0
336.31,130,62,2,0,4,5,38.08,1,1,1,15,0
2916.2,244,5,19,0,1,8,14.24,1,1,1,19,0
428.54,209,56,17,0,3,8,13.99,1,1,1,19,0
2079.37,316,87,36,0,2,9,38.07,1,1,1,12,0
2295.02,253,34,15,0,2,6,1.93,1,1,1,8,0
4383.39,352,41,2,0,1,4,19.75,0,1,1,8,0
10739.51,112,29,8,0,1,3,1.44,1,0,1,8,0
461.89,431,208,10,0,2,4,60.19,1,0,1,4,0
1715.61,130,38,14,0,2,4,9.24,1,1,1,18,0
1371.51,120,8,9,0,2,4,18.75,0,1,1,22,0
2789.87,238,1,5,0,4,8,4.38,1,1,1,4,1
2243.22,32,88,6,0,5,10,20.62,1,1,1,5,0
1270.87,169,47,28,0,3,6,2.49,1,1,1,21,0
1163.4,102,1,24,0,3,5,33.17,1,1,1,14,0
592.03,82,28,12,0,2,4,26.78,1,0,1,8,0
4855.47,101,147,2,0,3,5,28.68,1,1,1,4,0
2861.79,127,177,9,0,3,8,92.46,1,0,1,17,0
4526.79,101,3,4,0,2,3,1344.57,1,1,1,11,1
1325.58,78,7,8,0,6,8,1.27,1,0,1,11,1
937.45,129,1,6,0,4,6,21.55,1,1,1,21,0
615.04,64,121,11,0,1,3,1529.3,1,1,1,17,1
2588.72,243,4,17,0,2,3,8.97,1,1,1,10,0
639.19,121,6,28,0,2,6,290.27,0,1,1,13,0
11483.46,81,15,15,1,1,4,1.66,1,0,1,14,1
489.0,266,149,8,0,3,6,369.48,0,1,1,16,0
2377.16,243,69,6,0,5,7,1332.13,1,1,1,13,1
8663.33,93,57,16,0,2,2,13.66,1,1,1,5,0
3291.47,502,92,6,0,4,5,1075.33,1,1,1,16,0
2155.28,460,70,3,0,1,4,22.48,1,0,1,15,0
686.44,277,82,6,0,1,2,8.35,1,1,1,13,0
454.06,354,4,6,0,1,5,21.1,0,1,1,10,0
3905.14,77,53,10,0,3,5,16.8,1,0,1,20,0
8153.05,227,83,2,1,2,4,97.88,1,0,1,19,1
1165.79,162,50,18,0,1,2,69.9,0,1,1,16,0
578.79,231,1,13,0,2,2,4.45,1,1,1,23,0
154.75,256,14,6,0,1,7,25.83,1,0,1,17,0
678.06,259,197,5,0,3,9,33.58,1,1,1,7,0
1613.79,99,73,3,0,5,8,7.14,1,1,1,9,0
8947.44,642,69,18,0,1,5,60.18,1,0,1,8,0
3544.43,180,64,20,0,2,6,1035.91,1,0,1,9,1
2453.05,72,8,34,0,3,4,7.91,1,1,1,16,0
1211.82,300,1,7,0,2,5,14.35,0,0,1,11,0
1009.12,106,34,1,0,4,6,52.19,1,1,1,21,0
7373.5,179,35,11,0,2,3,20.36,1,1,1,11,0
2209.98,141,100,10,0,2,6,7.0,1,0,1,11,0
220.83,233,12,6,0,4,10,21.61,1,1,1,14,1
921.92,351,19,21,0,3,10,16.78,1,1,1,6,0
766.46,203,4,3,0,3,5,1039.61,1,1,1,8,1
1047.05,126,30,18,0,3,4,1.21,0,1,1,14,0
3174.52,470,17,5,0,1,2,18.67,1,1,1,19,0
1623.85,390,18,4,0,2,5,15.56,1,1,1,12,0
1674.27,650,17,35,0,4,4,9.74,1,1,1,12,0
6724.23,119,15,9,0,3,7,16.16,1,1,1,9,0
901.03,77,23,15,0,1,7,3.99,1,1,1,12,0
11663.27,50,46,18,3,2,4,1.11,1,1,1,14,1
923.98,63,34,22,0,3,6,8.51,1,0,1,18,0
1976.73,143,3,14,0,2,5,879.72,1,1,1,14,1
1364.85,213,33,14,0,3,4,36.89,0,1,1,12,0
2045.54,100,112,5,0,2,4,85.68,1,0,1,13,0
2820.28,76,6,2,0,3,5,15.61,1,1,1,1,1
2790.11,234,173,6,0,4,12,4.67,0,1,1,16,0
851.4,343,22,13,0,4,7,18.22,1,1,1,9,0
588.21,27,1,6,1,2,5,48.02,1,0,1,10,1
22096.44,28,17,23,0,1,2,791.62,1,1,1,21,1
1114.34,175,4,4,0,4,6,17.38,1,0,1,11,0
3638.08,260,50,27,3,1,3,3.82,0,0,1,14,1
362.26,85,22,4,0,2,3,16.17,1,1,1,15,0
1367.02,56,98,5,0,1,2,17.55,1,0,1,20,0
1592.09,324,79,11,0,4,7,2.95,0,1,1,8,0
2901.01,173,37,1,0,1,6,12.49,1,0,1,8,0
118.81,92,49,5,0,1,3,2.41,1,1,1,18,0
2134.83,488,56,3,0,1,6,1.26,1,0,1,14,0
572.64,270,18,7,0,1,2,10.53,1,1,1,8,0
2500.75,161,9,4,0,3,8,30.72,1,1,1,12,0
641.41,308,28,3,0,6,10,11.1,1,1,1,19,0
768.56,49,5,38,0,3,8,769.0,0,1,1,23,1
1375.22,129,22,17,0,1,3,18.14,1,1,1,17,0
631.23,110,48,6,0,2,7,17.15,1,1,1,13,0
1123.79,143,46,13,0,2,5,27.56,1,1,1,18,0
548.19,392,7,11,0,1,4,7.02,1,1,1,10,0
289.12,438,1,10,0,1,5,1209.89,0,1,1,7,0
5003.82,202,5,11,0,2,7,1.19,1,0,1,20,0
494.7,115,2,3,0,6,9,13.42,1,1,1,13,1
1512.2,70,30,15,0,2,6,51.62,0,1,1,12,0
3838.71,406,29,6,0,1,3,9.31,1,0,1,11,0
977.56,242,16,9,0,2,3,767.26,1,1,0,10,1
792.22,102,14,17,0,5,8,10.75,1,0,1,18,0
2267.06,109,30,10,0,3,10,0.0,1,0,1,21,1
5529.95,196,5,1,0,3,5,3.18,1,1,1,7,0
561.54,47,14,3,0,1,4,12.21,0,1,1,7,0
1555.97,153,31,4,0,3,7,0.87,1,1,1,9,0
319.74,98,5,1,0,1,5,12.57,1,1,1,16,1
1220.24,314,110,28,0,3,4,13.6,1,1,1,22,0
1870.96,191,67,8,0,2,2,4.74,1,1,1,15,0
769.22,118,28,8,3,2,9,10.29,1,0,1,14,1
1144.83,89,9,17,0,6,7,11.95,1,1,1,19,0
442.2,473,12,2,0,2,5,22.45,1,1,1,6,0
1952.92,420,7,8,0,2,3,1529.84,1,1,1,7,1
5196.26,12,10,2,0,3,6,29.73,1,1,1,9,1
603.57,441,32,17,0,4,7,1.1,1,0,1,17,0
970.03,82,16,13,0,3,8,17.05,1,1,1,12,0
2988.56,218,129,11,0,2,3,43.15,1,0,1,17,0
6075.93,197,194,15,0,3,5,0.45,0,1,1,11,0
406.19,71,70,4,0,1,3,13.86,1,1,1,18,0
1527.24,284,99,2,0,2,4,4.3,1,1,1,12,0
2399.78,91,17,16,0,3,7,705.32,1,1,1,22,1
1632.62,196,65,6,0,2,7,36.24,1,1,1,15,0
151.9,560,3,10,0,4,6,9.96,1,1,1,23,0
2984.21,146,193,32,0,2,6,25.31,1,1,1,20,0
8261.29,166,66,21,0,1,4,55.96,1,0,1,17,0
2031.77,161,22,19,0,2,4,314.02,1,1,1,16,0
644.77,102,88,3,0,1,4,66.86,1,1,1,10,0
1082.33,37,1,6,0,3,5,31.52,0,1,1,11,0
10613.83,147,28,15,0,1,5,1.98,1,1,1,10,0
4491.59,56,135,14,0,3,4,69.67,0,1,1,8,0
3429.01,262,18,2,0,4,7,7.29,1,1,1,10,0
2582.24,148,66,3,0,1,2,2.5,1,1,1,10,0
933.43,45,26,14,0,1,2,35.92,0,0,1,2,1
1479.45,422,29,9,0,3,9,13.27,1,1,1,0,0
1672.5,127,82,19,0,5,8,13.64,1,0,1,4,0
3132.46,169,144,0,0,4,8,5.89,1,1,1,9,0
8175.68,174,10,8,0,4,5,54.41,0,1,1,16,1
5532.19,332,19,5,0,2,3,26.28,1,1,1,10,0
437.3,164,40,18,0,3,6,0.73,1,0,1,13,0
2261.98,133,57,10,0,2,5,30.62,1,1,1,19,0
3777.29,117,37,6,0,4,5,16.47,1,1,1,17,1
3357.19,107,98,21,0,2,5,543.21,1,1,1,19,0
963.69,61,87,13,0,3,5,3.39,1,1,1,7,0
33326.54,125,31,5,0,2,4,903.14,1,0,1,23,1
504.17,143,2,8,0,3,4,25.69,1,1,1,7,0
612.05,333,12,4,0,1,2,4.63,1,1,1,12,0
2283.8,325,40,3,0,3,6,248.66,1,1,1,18,0
15014.97,119,157,8,0,2,6,17.78,1,1,1,14,0
783.53,57,50,18,0,3,9,3.11,1,1,1,9,0
1385.99,87,45,7,0,2,5,30.17,0,1,1,18,0
5309.72,201,77,14,0,4,4,1.36,0,1,1,12,0
1776.03,97,9,4,0,4,6,36.87,1,0,1,12,1
1293.87,176,9,2,0,3,4,3.44,1,0,1,11,0
3183.17,33,25,3,0,2,4,1.81,1,1,1,14,0
2374.44,362,316,1,0,2,7,27.39,1,1,1,15,0
5066.67,159,125,11,0,3,8,24.91,1,0,1,19,0
6577.89,141,68,3,0,1,2,17.99,1,1,1,21,0
2457.75,262,29,3,0,2,7,12.1,1,1,1,15,0
2420.51,129,48,12,0,3,8,0.44,0,0,1,20,0
2239.73,39,21,5,0,2,10,22.59,1,1,0,21,0
2948.73,151,67,23,0,1,4,5.1,0,1,1,11,0
1910.6,160,32,10,0,2,3,29.18,1,1,1,14,0
1806.94,190,7,0,0,3,8,12.44,1,0,1,18,0
5982.7,495,14,3,0,2,5,3.0,1,1,1,7,0
8234.73,239,56,1,0,1,5,57.39,0,1,1,14,0
400.39,178,71,31,0,6,8,3.53,1,1,1,15,0
1826.25,276,6,4,0,2,6,11.35,1,1,1,13,0
908.06,41,99,4,0,3,7,27.5,1,1,1,8,0
1324.82,347,104,6,0,3,7,12.87,1,1,1,11,0
2704.08,261,77,9,3,4,6,12.48,1,1,1,21,1
3531.36,363,69,3,0,2,3,31.09,1,1,1,10,0
1616.27,130,15,7,0,2,7,7.5,1,1,1,11,0
266.84,215,151,5,0,3,6,7.2,1,1,1,23,0
688.8,135,18,6,0,1,3,24.95,1,1,1,13,0
4431.53,474,12,6,0,5,8,5.48,1,0,1,19,0
116.7,141,61,14,0,2,3,4.12,1,0,1,20,0
5927.91,77,27,23,2,3,4,59.4,1,0,1,9,1
3044.92,89,162,0,0,3,7,8.17,1,1,1,11,0
6742.43,192,36,28,0,3,7,39.94,1,1,1,16,0
1482.42,255,10,14,0,2,4,18.72,1,0,1,10,0
230.12,89,189,5,1,2,4,30.65,0,1,1,12,0
2780.43,244,43,8,0,1,4,8.51,1,0,1,15,0
6468.2,345,43,3,0,2,7,372.77,1,1,1,20,0
4558.38,318,29,21,0,2,8,27.92,1,1,1,11,0
931.98,242,108,8,0,3,9,30.53,0,1,1,11,0
1971.92,259,20,16,0,3,5,451.4,1,1,1,14,0
1061.21,226,1,11,0,3,4,6.4,1,1,1,5,0
796.9,45,41,1,0,2,2,56.17,1,1,1,18,0
4700.33,288,156,29,0,4,5,4.61,1,0,1,18,0
545.92,126,19,13,0,2,4,601.9,1,1,1,9,0
739.65,334,18,8,0,3,6,5.99,1,0,1,8,0
599.43,107,80,6,0,3,4,3.7,1,0,1,19,0
407.38,137,89,7,0,1,2,8.61,1,1,1,23,0
2093.13,203,34,9,0,2,6,46.09,1,0,1,20,0
5776.21,576,107,2,0,1,8,18.06,1,0,1,12,0
1502.86,209,11,2,0,1,2,36.72,1,0,1,14,0
401.12,209,27,3,0,2,4,28.23,1,0,1,0,0
4187.86,80,31,11,0,4,8,13.74,1,1,1,12,0
9756.62,66,22,7,0,5,7,3.16,1,0,1,22,1
947.43,122,14,8,0,2,4,10.43,1,1,1,15,0
1120.41,254,24,3,0,3,5,31.04,1,1,1,15,0
3028.01,209,1,3,0,2,4,11.35,1,1,0,14,0
9153.34,170,72,1,0,3,5,35.92,1,1,1,1,0
1075.1,131,69,12,0,2,5,12.06,1,0,1,8,0
477.02,288,35,8,0,5,6,56.78,0,1,1,6,0
3399.62,416,23,10,0,5,7,4.48,1,1,1,10,0
4020.12,276,34,28,0,3,6,23.49,0,1,1,17,0
1819.16,366,165,17,1,2,6,1096.72,0,0,1,21,1
1034.7,160,55,3,0,3,3,3.85,1,1,1,18,0
4887.22,256,78,2,0,4,4,8.36,1,1,1,12,0
3065.71,504,15,28,0,3,7,3.95,0,1,1,5,0
838.46,365,5,9,0,4,8,7.07,1,1,1,0,0
1899.02,456,5,5,0,3,6,4.51,1,1,0,10,0
467.92,371,38,25,0,3,5,7.09,1,1,1,4,0
3589.94,428,75,21,0,3,3,48.83,1,1,1,13,0
1390.98,128,89,1,0,6,8,5.35,1,1,1,20,1
1169.45,105,76,7,0,3,8,9.24,1,1,1,6,0
1749.57,155,146,11,2,2,5,3.25,1,1,1,18,1
1882.41,138,3,10,0,1,5,17.02,1,1,1,11,0
4424.58,117,116,18,0,5,8,1090.07,1,0,1,12,1
3265.25,429,64,10,0,2,8,15.82,1,0,1,5,0
1546.25,68,11,10,0,3,4,8.12,1,1,1,11,0
3880.3,367,68,9,0,5,7,2.73,1,1,1,8,0
2699.27,268,43,2,0,3,4,26.45,1,0,1,20,0
1180.15,6,26,4,0,2,4,29.32,1,0,1,15,0
1596.04,132,17,25,0,3,8,33.9,1,1,1,18,0
1558.96,120,37,4,0,2,8,52.48,1,1,1,19,0
2996.68,99,16,30,0,1,4,16.0,0,1,1,9,0
1252.6,97,5,3,0,1,2,84.97,1,0,1,9,0
1223.65,108,112,13,0,4,5,3.27,1,1,1,18,0
12948.79,101,53,6,0,6,8,42.66,1,0,1,2,1
4627.33,132,27,17,0,2,6,5.85,1,1,1,12,0
845.05,107,35,11,0,3,4,1.84,0,1,1,19,0
3200.11,119,120,3,0,2,6,30.24,1,1,1,12,0
2035.2,550,23,9,0,4,7,21.44,1,1,1,14,0
2674.59,251,28,8,0,1,4,78.12,1,0,1,8,0
2074.22,396,87,4,0,4,7,0.71,1,1,1,20,0
5941.06,70,13,17,0,3,5,58.79,0,0,1,19,0
2554.52,115,64,9,0,2,5,14.16,1,1,1,12,0
1699.2,93,34,3,0,4,9,18.97,0,0,1,16,0
5126.56,582,41,6,0,1,2,26.82,1,1,1,8,0
2283.09,311,92,4,0,1,3,23.69,1,0,1,8,0
2041.58,162,298,8,0,1,3,61.63,1,1,1,16,0
2475.07,341,106,4,0,2,4,103.11,1,0,1,10,0
1646.47,158,10,0,0,3,5,18.03,1,1,1,7,0
1824.8,161,15,3,0,3,7,11.36,1,1,1,11,0
1005.57,106,31,5,0,2,3,19.61,0,1,1,13,0
853.06,146,76,9,0,2,6,34.8,1,1,1,18,0
666.09,170,42,28,0,1,3,12.87,1,0,1,19,0
449.45,90,139,4,0,4,6,46.41,1,1,1,16,0
750.16,374,2,15,0,1,7,18.28,0,0,1,21,0
1518.89,356,17,7,0,1,2,1231.28,0,1,1,18,1
2004.44,116,14,3,0,9,13,840.32,1,1,1,19,1
1378.43,35,81,9,0,6,10,12.23,1,1,1,11,0
171.45,156,37,24,0,1,4,8.1,1,0,1,3,0
8730.57,162,1,8,0,5,8,23.37,1,1,1,8,1
5358.72,314,89,11,0,4,6,37.11,1,1,1,10,0
2823.58,190,26,2,0,3,9,34.25,1,1,1,7,0
12179.27,44,18,9,0,4,4,16.35,1,1,1,22,1
680.37,152,12,4,1,3,6,38.79,1,1,1,8,1
11939.71,197,175,12,0,4,8,3.63,1,1,1,19,0
688.69,111,170,1,0,2,3,3.1,1,1,1,23,0
2295.57,327,4,3,0,1,4,1.52,1,0,1,16,0
505.81,327,15,12,0,4,6,819.87,1,1,1,20,1
1834.81,183,62,13,0,1,4,58.75,1,0,1,9,0
2660.23,369,66,5,0,3,9,19.67,1,0,1,8,0
1548.91,26,32,15,0,2,4,17.15,0,0,1,16,0
3691.83,224,50,4,0,2,3,18.47,0,1,1,1,0
1996.23,233,72,12,0,1,3,3.05,1,1,1,7,0
1072.33,137,180,10,0,2,5,30.64,1,0,1,21,0
1025.76,28,77,1,0,2,2,1.75,1,0,1,19,0
4068.03,146,7,33,0,3,4,10.14,1,0,1,15,0
940.36,122,75,19,0,2,5,18.77,1,0,1,17,0
4516.1,411,4,12,0,3,7,7.36,0,1,1,16,0
6140.81,276,41,34,0,1,6,62.15,1,1,1,13,0
340.8,179,44,17,0,4,7,4.25,1,1,1,19,0
5613.48,162,90,4,0,1,2,8.61,1,1,1,8,0
14191.84,428,1,16,0,2,6,1329.79,0,0,1,8,1
2326.23,34,124,9,0,1,4,20.03,1,1,1,20,0
3291.45,36,65,16,0,4,6,1426.76,1,1,1,10,1
5100.05,551,1,22,0,2,6,8.01,1,1,1,12,0
1372.68,145,10,12,0,2,6,38.95,1,1,1,10,0
2169.56,66,2,13,0,2,5,4.98,1,1,1,15,0
485.8,37,87,13,0,1,6,7.58,1,1,1,14,0
2076.91,437,11,12,0,4,5,17.09,0,1,1,12,0
2975.34,86,2,4,0,3,7,40.83,0,0,1,13,1
3029.53,75,8,6,0,3,7,9.08,1,1,1,14,1
5247.07,218,49,1,0,1,8,18.44,1,1,1,19,0
833.14,290,41,22,0,3,3,52.5,1,0,1,14,0
1061.45,212,16,13,0,1,3,1.62,1,1,1,20,0
12034.19,212,171,11,0,4,8,32.46,1,0,1,16,0
1555.69,94,115,8,0,4,7,2.49,1,1,1,14,0
2208.42,219,22,24,0,1,6,7.95,1,0,1,12,0
1690.86,390,38,9,0,3,5,1.21,1,0,1,22,0
794.98,230,43,8,0,1,3,27.61,1,0,1,3,0
9168.5,102,84,5,0,2,3,9.86,1,1,1,19,0
1066.67,298,33,1,0,1,3,69.61,0,1,1,17,0
585.65,107,47,13,0,1,4,45.64,0,0,0,7,0
1152.01,183,31,3,0,2,5,27.0,1,1,1,12,0
244.27,189,86,17,0,2,4,817.7,1,1,1,19,0
942.67,556,48,5,0,3,8,4.22,1,0,1,6,0
686.68,236,105,2,0,1,3,1.22,1,1,1,11,0
3352.39,84,3,6,0,1,4,8.5,1,0,1,5,0
922.04,77,140,5,0,4,7,4.27,1,1,1,11,0
4393.16,188,102,15,0,2,3,11.5,1,0,1,8,0
7320.87,421,102,9,0,3,5,12.91,1,1,1,9,0
3948.83,28,9,2,0,3,6,16.96,1,0,1,16,1
1457.7,190,18,3,0,3,11,67.17,1,1,1,12,0
2082.06,388,235,1,0,1,6,16.93,1,0,1,3,0
393.47,268,180,7,0,1,2,16.09,1,1,1,9,0
1581.64,484,15,14,0,2,6,6.46,1,0,1,7,0
764.76,150,34,12,0,2,8,44.82,1,1,1,9,0
3620.35,78,10,10,0,1,5,109.16,1,1,1,23,0
23688.68,149,18,0,3,3,5,13.96,1,0,1,7,1
2980.43,87,12,5,0,1,4,15.15,1,1,1,16,0
246.87,539,5,33,0,3,7,36.72,1,0,1,16,0
1259.88,200,51,16,1,1,3,8.47,1,0,1,2,1
2043.65,228,16,17,0,3,6,42.08,0,1,1,12,0
1973.09,80,291,5,0,1,6,26.09,1,1,1,7,0
870.6,115,43,24,0,3,11,15.22,1,1,1,7,0
2310.67,322,26,7,0,4,5,865.8,1,0,1,15,1
521.91,172,146,2,0,4,6,3.14,1,1,1,13,0
702.81,134,58,2,0,1,3,2.05,1,1,1,21,0
3448.86,194,8,11,0,1,4,31.21,1,1,1,23,0
654.8,136,41,32,3,1,5,24.8,1,1,1,20,1
3097.07,20,34,4,0,1,4,623.35,1,1,1,10,1
459.68,60,86,22,0,3,6,1344.13,1,1,1,6,1
10559.97,186,71,7,0,1,3,857.77,1,1,1,19,0
833.58,324,27,35,0,1,4,6.39,0,1,1,17,0
1445.68,123,38,11,0,2,4,22.64,0,0,1,15,0
2516.47,429,43,25,0,2,9,29.96,1,1,1,19,0
1027.26,318,32,12,0,3,5,28.21,1,0,1,17,0
2086.84,348,6,10,0,2,5,23.65,1,1,1,13,0
3214.27,51,141,5,0,2,4,29.51,1,1,1,6,0
4724.95,308,66,3,0,4,5,4.26,1,1,1,7,0
3989.8,118,38,7,0,4,7,5.14,1,0,1,8,0
1522.62,445,50,4,0,2,4,0.07,0,1,1,10,0
1561.45,150,14,13,0,1,4,17.92,1,1,1,16,0
18941.46,114,45,6,0,3,9,31.66,1,1,1,14,1
4674.55,117,82,2,0,1,5,34.23,1,1,1,18,0
719.23,278,45,11,3,4,6,0.73,0,0,1,5,1
1998.17,48,39,0,0,3,7,2.93,1,1,1,17,1
1293.18,205,37,7,0,3,6,23.47,1,1,1,21,0
1579.19,166,86,24,0,1,2,2.35,1,1,1,15,0
528.74,94,83,4,0,4,7,4.63,1,1,1,20,0
1197.6,344,83,5,0,1,3,0.95,1,1,1,4,0
11065.15,264,16,6,0,2,6,0.09,1,1,1,16,0
3226.25,99,57,20,0,3,6,5.64,0,1,1,12,0
149.73,70,90,13,0,2,4,1488.72,1,1,1,16,1
6104.15,158,49,2,0,3,8,2.96,1,1,1,11,0
5375.62,269,90,10,0,3,9,15.01,0,1,1,4,0
1262.33,233,115,24,0,1,4,64.43,0,1,1,17,0
3704.35,273,11,21,0,2,5,0.52,1,1,1,10,0
765.55,32,21,5,0,1,5,22.48,1,1,1,9,0
1129.74,89,55,4,0,3,3,22.23,1,1,1,15,0
8091.31,220,20,23,0,4,5,16.79,1,0,1,14,0
1377.84,99,170,9,0,2,2,9.86,1,1,1,13,0
278.74,348,12,2,0,3,13,792.51,0,0,0,11,1
1697.13,148,26,12,0,1,3,19.21,1,1,1,13,0
1671.39,73,310,26,0,3,5,10.08,1,0,1,19,0
5993.13,67,12,16,0,2,4,63.63,1,0,1,11,1
1834.15,196,35,10,0,3,6,5.72,0,0,1,13,0
1186.09,79,22,11,0,2,7,12.03,1,1,1,9,0
5141.27,35,99,25,1,2,5,51.56,1,1,1,19,1
2040.17,101,21,17,0,2,5,20.26,1,1,1,9,0
854.04,547,10,2,0,4,9,3.69,1,0,1,10,0
5738.75,23,162,2,0,1,3,14.78,1,1,1,17,0
2194.4,118,22,20,0,2,3,10.67,1,1,1,12,0
1813.34,117,81,11,0,4,4,3.75,1,1,1,15,0
2160.1,102,20,40,0,2,3,14.95,1,1,1,20,0
619.76,160,11,4,0,4,9,26.26,1,0,1,20,0
1066.72,214,97,13,0,1,2,17.52,1,0,1,7,0
1814.53,303,3,11,0,2,4,48.28,0,1,1,21,0
1488.22,673,24,16,0,1,6,4.66,1,1,1,21,0
6453.83,273,90,33,0,2,6,7.6,1,1,1,10,0
2247.12,347,43,5,0,2,5,14.26,1,0,1,12,0
4250.98,122,70,15,0,4,9,16.93,0,1,0,6,1
1825.11,163,4,3,0,3,9,968.71,1,0,1,12,1
5199.35,151,83,11,0,2,6,1.24,1,0,1,13,0
2690.62,106,11,32,0,1,3,21.26,1,0,1,20,0
1832.47,180,99,4,0,2,2,0.55,1,0,1,19,0
1784.18,56,49,28,0,1,4,776.04,0,1,1,10,0
696.15,117,80,5,0,2,5,17.36,1,1,1,14,0
3001.64,378,14,17,0,3,8,5.27,0,1,1,10,0
1736.79,197,30,0,0,1,2,12.1,1,1,1,12,0
1094.45,382,97,10,0,2,8,88.33,1,0,1,12,0
5466.87,199,145,0,0,3,4,17.0,1,1,1,10,0
517.9,151,15,5,0,1,5,8.94,1,0,1,8,0
1185.01,81,94,17,0,3,5,528.65,0,1,1,17,0
5052.91,172,6,6,0,4,8,59.86,1,0,1,7,0
2478.78,107,33,5,0,1,6,19.33,0,1,1,12,0
1723.55,64,167,9,0,1,4,13.98,1,0,1,17,0
2323.9,88,174,5,0,2,7,9.71,0,1,1,10,0
2163.35,241,21,10,0,3,4,35.98,1,1,1,6,0
396.76,371,12,19,0,2,7,2.08,1,0,1,9,0
1275.05,254,9,8,0,5,8,730.79,1,0,0,8,1
9104.48,84,39,9,0,1,3,61.44,1,1,1,13,0
935.12,197,5,13,0,4,6,4.07,1,1,1,17,0
1315.14,140,26,29,0,2,6,25.55,1,1,1,1,0
1051.93,220,1,14,0,2,5,43.34,1,1,1,8,0
1657.37,117,18,11,0,2,5,6.72,1,0,1,18,0
1009.16,290,138,11,0,3,5,24.22,1,1,1,7,0
2941.7,290,35,0,0,2,3,49.27,0,1,1,11,0
2202.42,267,4,8,0,4,6,9.14,1,0,1,12,0
3918.83,189,62,2,0,5,7,53.05,1,1,1,4,0
632.11,296,186,36,0,2,6,75.31,1,0,1,11,0
1286.47,54,37,3,0,2,3,8.46,1,1,1,17,0
1442.71,135,58,3,0,1,3,60.53,1,0,1,11,0
2851.63,351,151,12,0,3,9,2.26,1,1,1,13,0
817.93,84,32,3,0,2,7,26.32,0,1,1,21,0
4517.23,305,65,6,0,2,6,0.44,1,1,1,22,0
5921.92,205,34,12,0,2,2,1.01,1,1,1,11,0
672.58,162,196,8,0,2,3,1.67,1,0,1,14,0
1106.69,137,42,8,0,2,6,48.86,1,0,1,11,0
1062.17,84,130,2,0,2,4,5.72,1,1,1,8,0
25144.29,306,42,2,0,2,6,12.77,1,0,1,12,1
1176.27,195,66,5,0,5,9,72.86,1,1,1,21,0
9678.14,352,29,11,3,1,8,7.53,1,1,1,9,1
509.47,257,149,7,0,2,6,33.16,1,0,0,18,0
672.06,178,62,7,0,5,10,6.24,1,1,1,16,0
909.96,125,1,4,0,6,10,38.54,1,1,1,18,1
776.12,78,1,9,0,2,3,101.87,1,0,1,12,0
1383.13,64,67,3,0,2,3,1.0,1,1,1,15,0
890.0,342,7,5,0,4,7,25.24,1,0,0,23,1
796.84,146,75,14,0,1,7,12.47,1,0,1,9,0
5758.73,242,23,16,0,2,6,31.52,1,0,1,2,0
6147.46,83,46,1,0,1,8,6.06,1,0,1,6,0
4671.78,102,11,7,0,2,5,1.05,1,1,1,12,0
3053.36,137,16,11,0,1,4,0.54,1,0,1,16,0
1983.75,163,34,17,0,3,4,3.79,0,0,1,11,0
1099.89,45,65,30,0,3,7,1045.91,1,0,1,10,0
697.04,51,10,4,0,3,7,2.46,1,1,1,17,0
2599.3,98,19,19,0,1,3,18.74,0,1,1,10,0
559.12,197,13,7,0,3,6,48.02,1,0,1,18,0
669.2,232,119,2,0,3,7,15.01,0,0,1,19,0
5726.81,239,62,3,0,4,6,122.84,1,0,1,11,1
12096.23,312,37,10,0,2,4,16.7,1,0,1,16,0
2679.26,56,176,2,0,3,4,842.71,0,0,1,15,0
5466.85,178,79,3,0,4,8,22.67,1,1,1,10,0
1413.96,206,161,25,0,1,5,3.44,0,1,1,18,0
474.53,488,54,6,0,4,7,10.41,0,0,1,17,0
3334.81,326,8,17,0,2,7,22.22,1,1,1,20,0
3194.83,151,67,6,0,1,4,11.09,1,0,1,9,0
1942.38,140,13,3,0,2,5,12.71,0,1,1,19,0
1418.88,75,25,7,0,1,8,4.98,1,1,1,0,0
4732.51,116,42,3,0,5,6,8.2,0,1,1,15,1
674.7,230,10,25,0,1,4,18.67,1,0,1,21,0
833.99,202,1,24,0,1,8,5.85,1,0,1,9,0
659.77,96,23,29,0,4,9,8.46,1,1,1,19,0
1968.39,80,104,15,0,2,5,44.26,0,1,1,9,0
609.18,258,1,4,0,4,8,11.04,0,0,0,10,1
912.11,216,6,10,0,1,7,18.38,0,0,1,13,0
892.69,102,98,23,0,4,7,0.98,1,0,1,22,0
1393.25,261,21,10,0,1,2,28.0,1,1,1,16,0
408.55,163,167,8,0,1,3,0.22,1,0,1,9,0
1972.79,149,28,1,0,2,7,24.87,1,1,1,17,0
6293.7,39,95,4,0,1,4,5.34,1,1,1,20,0
2070.39,187,17,2,0,2,4,622.05,0,0,1,2,1
8444.93,102,3,17,0,2,4,37.42,1,1,1,10,0
6863.67,156,127,17,0,1,3,5.6,1,1,1,17,0
3935.27,219,157,18,0,3,6,66.22,1,1,1,2,0
1948.25,104,73,16,0,1,3,19.69,1,0,1,13,0
1849.19,83,88,0,0,3,8,61.67,1,1,1,14,0
3880.81,72,1,3,0,4,9,38.32,0,0,1,15,1
1222.1,415,84,19,0,1,4,51.24,1,1,1,19,0
275.19,115,38,11,0,4,6,9.06,1,1,1,8,0
2957.22,128,36,2,0,1,4,3.89,1,1,1,17,0
583.43,198,46,22,0,4,6,612.22,1,1,1,21,0
690.81,289,18,16,0,2,6,30.59,1,1,1,12,0
1808.45,214,71,12,0,3,8,1.87,0,1,1,11,0
1643.98,96,21,10,0,3,7,4.44,0,1,1,18,0
440.51,91,49,5,0,3,7,2.13,0,0,1,23,1
2133.44,129,8,13,0,2,5,269.66,0,1,1,13,0
4751.14,349,67,16,0,3,3,10.0,1,0,1,13,0
585.03,194,12,10,0,1,2,47.79,0,0,1,19,0
6454.18,166,11,11,0,3,3,55.77,1,1,1,11,0
379.87,132,1,5,0,2,4,39.68,1,0,1,9,0
15022.8,234,7,3,0,1,1,20.45,1,0,1,23,0
1198.4,202,15,16,0,4,6,6.62,1,0,1,22,0
2091.46,322,15,10,0,1,6,102.82,1,1,1,14,0
272.59,32,23,14,0,1,4,21.23,1,0,1,10,0
1699.12,383,3,14,0,3,6,11.06,1,0,1,15,0
2272.15,221,164,12,0,2,3,1.04,0,1,1,20,0
1658.78,187,7,3,0,4,9,17.54,1,1,1,7,0
1029.59,142,72,6,0,2,7,5.1,1,1,1,14,0
701.65,26,45,28,0,1,4,38.86,1,1,1,10,0
5600.03,188,48,12,0,4,6,13.32,0,0,1,13,0
1864.61,187,6,7,0,2,4,25.28,1,0,1,14,0
8440.12,509,16,15,0,1,8,19.83,1,0,1,10,0
1067.97,78,90,10,0,2,2,18.7,1,0,1,16,0
1170.52,118,37,2,0,2,2,0.72,1,1,1,15,0
4087.11,209,36,12,0,3,6,8.59,1,1,1,12,0
356.75,372,47,18,0,4,8,11.85,1,1,1,23,0
537.29,202,34,15,0,2,7,783.35,0,1,1,7,1
5418.02,153,98,9,0,4,7,66.55,1,0,1,19,0
560.07,65,82,14,0,1,7,885.03,1,1,1,22,0
293.23,182,22,7,0,3,6,16.04,1,1,1,8,0
11713.85,91,100,5,0,5,8,26.72,1,1,1,11,1
448.62,21,43,17,0,1,4,9.37,1,1,1,16,0
2173.56,102,59,20,0,1,3,0.29,1,1,1,1,0
1937.37,190,120,1,1,4,8,19.79,1,1,1,11,0
108.78,153,38,13,0,2,4,1.66,1,1,1,7,0
1383.93,204,84,31,0,3,9,9.33,1,1,1,19,0
2831.08,128,59,10,0,1,3,73.8,1,1,1,14,0
2576.81,181,33,11,0,5,9,33.32,1,1,1,19,0
4462.75,86,93,1,0,2,5,11.74,1,1,1,15,0
1227.22,96,6,11,0,2,12,2.63,1,0,1,13,1
3686.76,323,52,0,0,3,7,16.42,1,1,1,15,0
907.48,503,2,2,0,2,3,23.4,1,1,1,5,0
441.22,466,10,7,0,2,9,27.85,0,0,1,10,0
493.87,109,54,4,0,5,10,3.51,1,0,1,12,0
419.01,229,22,11,0,2,4,14.83,1,1,1,18,0
4962.11,123,18,5,0,2,6,60.33,1,0,1,17,0
397.59,183,187,9,0,3,5,26.37,1,1,1,6,0
2378.06,183,27,17,0,1,3,19.1,1,1,1,16,0
1385.86,152,49,2,0,4,7,35.29,1,1,1,10,0
1631.66,147,45,35,0,2,4,29.65,1,1,1,8,0
7069.94,30,3,2,0,3,5,18.79,1,1,1,11,1
1166.28,116,67,8,0,3,9,14.37,1,1,1,20,0
3332.91,232,43,8,0,1,3,25.51,1,1,1,13,0
1877.25,289,28,14,0,1,5,5.31,1,1,1,3,0
1553.06,153,4,11,0,4,5,9.54,0,1,1,16,0
18033.19,403,20,2,0,1,3,37.47,0,1,1,12,0
427.8,188,129,8,0,1,2,18.94,0,1,1,9,0
6562.53,359,11,22,0,4,4,6.52,1,1,1,20,0
3485.64,190,14,18,0,4,6,16.63,1,0,1,16,0
1119.32,10,13,7,0,2,6,2.88,0,1,1,17,0
9221.74,369,132,5,0,3,5,42.03,1,1,1,19,0
284.83,144,72,12,0,1,3,6.41,1,1,1,8,0
1073.02,139,128,15,0,1,3,18.41,0,1,1,11,0
539.97,64,147,3,0,1,2,32.06,1,0,1,13,0
2730.07,298,157,13,0,2,9,10.6,0,1,1,9,0
594.03,1200,39,21,0,1,3,26.61,1,0,1,16,0
2787.96,69,38,13,0,3,4,11.95,1,1,1,12,0
1500.51,366,105,9,0,1,5,36.59,1,1,1,23,0
1119.51,142,24,15,0,1,4,22.01,1,0,1,16,0
2666.83,288,1,3,0,3,7,26.67,0,1,1,7,0
1382.13,84,24,3,0,1,5,43.36,1,0,1,19,0
608.72,384,75,10,0,2,2,76.16,1,1,1,8,0
29773.47,250,7,12,0,2,6,2.55,0,0,1,17,1
1110.8,138,92,16,0,2,4,27.45,0,1,1,20,0
196.84,336,101,10,0,3,7,1.42,1,0,1,23,0
778.91,188,6,5,0,3,8,8.59,1,1,1,11,0
509.14,472,6,5,0,2,4,0.27,1,1,1,23,0
4130.47,107,13,10,0,4,5,56.27,1,1,1,15,1
2494.02,317,26,13,0,4,5,4.35,1,0,1,21,0
2693.81,268,45,1,0,2,6,12.86,0,1,1,16,0
1248.85,50,39,5,0,3,8,7.41,0,1,1,15,0
1367.38,63,115,3,0,3,5,83.31,1,0,1,11,0
1247.71,133,9,7,0,3,7,1315.23,1,1,1,9,1
1667.04,218,71,0,0,1,6,29.28,1,1,1,20,0
4168.59,284,47,14,0,2,4,17.71,0,0,1,2,0
2530.26,215,80,13,0,3,5,82.48,1,0,1,5,0
2981.29,313,25,5,0,1,3,21.07,0,1,1,11,0
2979.64,149,38,23,0,3,7,1450.23,1,0,1,22,1
4378.42,289,1,0,0,1,1,50.93,1,0,1,2,0
2411.85,186,7,2,0,3,7,7.55,1,1,1,14,1
2588.54,132,28,9,0,5,10,6.25,1,1,1,11,1
5936.09,65,39,9,0,3,4,13.18,1,1,1,9,0
929.79,34,5,5,0,3,4,4.09,1,1,0,8,0
768.36,146,104,10,0,6,6,10.23,1,1,1,23,0
552.29,195,175,9,0,1,4,42.01,1,0,1,19,0
2170.94,104,54,7,0,1,1,17.21,1,1,1,9,0
283.23,125,3,8,0,1,6,1068.81,1,0,1,10,1
2870.25,13,80,7,0,2,3,39.2,1,1,1,19,0
1621.01,134,14,5,0,4,7,76.22,1,1,1,9,0
5623.11,78,79,13,0,4,5,27.27,1,0,1,13,1
923.42,99,34,4,0,3,7,15.99,1,1,1,1,1
1475.4,257,3,15,0,2,5,13.21,1,0,1,20,0
5553.61,158,19,12,0,4,7,5.71,1,0,1,9,0
7209.36,215,33,0,0,2,5,23.24,1,1,1,21,0
915.85,42,79,33,0,2,4,18.71,1,0,1,10,0
2168.48,350,8,4,0,2,6,16.48,1,1,0,15,0
2427.02,179,20,13,0,3,5,0.46,1,1,1,21,0
2627.15,282,5,9,0,1,5,17.15,1,1,0,16,0
1390.51,69,57,26,0,3,11,858.91,1,1,1,7,0
6511.88,236,38,0,0,3,6,9.99,1,1,1,16,0
273.23,135,158,14,0,1,4,29.64,1,1,1,5,0
1186.63,536,80,20,0,4,8,3.51,1,1,1,20,0
2829.71,109,90,20,0,3,6,3.48,1,1,1,13,0
2856.14,185,10,5,0,2,5,19.99,1,1,1,18,0
6993.66,74,18,7,0,3,5,50.28,1,1,1,16,0
5992.27,183,43,21,0,3,6,7.79,1,1,1,12,0
1358.94,165,1,41,0,6,9,654.24,1,0,1,11,1
6633.39,330,122,16,0,4,12,2.11,1,0,1,20,0
885.33,190,90,10,0,3,6,43.29,1,1,1,15,0
4586.57,138,3,4,0,3,5,425.67,1,1,1,13,1
11053.72,163,113,18,0,2,3,33.11,1,1,1,0,0
6093.29,41,1,21,0,2,8,5.42,1,1,1,14,0
2009.76,199,7,10,0,4,7,25.67,1,0,0,19,1
1297.53,301,3,20,0,1,2,14.14,1,0,1,15,0
392.06,187,39,5,0,2,2,48.0,1,1,1,2,0
2466.46,49,91,6,0,3,8,461.97,1,1,0,7,1
592.76,215,11,15,0,2,4,3.82,1,1,1,11,0
818.0,221,88,19,0,3,4,10.14,1,0,1,7,0
549.63,233,12,3,2,3,6,9.26,1,0,1,7,1
1140.94,163,279,23,0,6,9,7.22,1,1,1,13,0
1758.17,196,115,14,0,2,5,18.85,1,1,1,9,0
2377.05,220,80,7,0,2,8,957.07,1,1,1,10,0
991.77,88,53,8,0,3,7,2.59,1,1,1,18,0
5267.36,99,16,9,0,3,6,47.78,1,1,1,9,1
1468.2,236,7,9,0,4,8,9.41,1,1,1,18,0
822.44,98,37,15,0,5,7,610.98,1,1,0,16,1
2267.18,157,30,10,0,3,6,30.57,1,1,1,21,0
12881.57,234,67,17,0,3,5,29.6,1,0,1,20,0
2527.94,313,11,4,0,2,5,9.13,1,1,1,10,0
1257.83,112,49,13,0,3,6,8.27,0,1,1,12,0
392.5,96,70,46,0,1,3,26.71,1,0,1,19,0
1451.84,234,21,9,0,1,3,31.89,1,1,1,13,0
2286.84,323,90,5,0,3,4,3.45,1,0,1,11,0
1227.11,48,33,7,0,5,11,280.94,1,1,1,9,1
341.93,174,10,2,0,3,10,8.07,1,0,1,18,0
772.35,411,12,5,0,2,5,2.47,1,1,1,9,0
7742.95,90,19,14,0,1,4,58.09,1,1,1,16,0
7585.55,240,10,13,0,1,5,531.22,1,1,1,12,0
744.98,161,49,15,0,3,3,12.73,1,0,1,17,0
3543.1,164,178,7,0,2,4,3.28,1,1,1,10,0
556.37,149,135,2,0,2,3,5.11,1,1,1,12,0
7363.69,204,23,1,0,1,4,20.88,1,1,1,8,0
2310.54,332,120,29,0,3,10,71.68,1,1,1,15,0
4673.4,93,184,18,0,2,5,4.62,1,1,1,9,0
325.35,99,20,7,0,5,8,1.26,1,0,1,17,1
3560.43,200,141,6,0,3,7,8.34,1,1,1,19,0
1794.22,207,357,13,0,2,4,8.13,1,1,1,11,0
4238.35,148,95,9,0,3,5,27.23,1,0,1,19,0
4513.68,303,29,6,0,3,8,40.7,1,1,1,11,0
1930.98,107,56,10,0,4,6,11.16,1,1,1,10,0
991.45,101,27,4,0,1,2,0.56,1,1,1,10,0
3943.0,186,330,21,0,1,3,0.52,1,1,1,9,0
1702.49,91,4,18,0,3,6,7.96,1,1,1,8,0
755.38,627,134,7,0,1,1,0.02,1,0,1,21,0
720.43,60,4,17,0,3,6,13.77,1,1,1,19,0
412.75,385,2,4,2,3,5,31.08,1,0,1,12,1
1085.41,103,168,9,0,2,4,5.49,1,1,1,16,0
5446.3,59,121,33,0,2,4,1382.53,0,0,1,2,1
2159.93,197,26,33,0,1,3,0.84,1,1,1,18,0
1064.47,146,189,9,0,2,5,2.94,1,1,1,13,0
4043.46,518,118,10,0,3,5,1.69,1,1,1,7,0
786.45,216,139,3,0,4,8,304.57,1,0,1,16,0
1988.93,143,54,34,0,1,3,21.35,0,0,1,20,0
1510.76,162,190,2,0,2,3,0.08,1,1,1,8,0
3940.77,28,99,4,0,1,4,38.58,0,0,1,2,0
373.45,23,168,7,0,5,10,7.65,1,0,0,15,1
772.63,47,19,5,0,4,8,26.8,1,1,1,4,1
351.34,149,45,11,0,3,4,4.78,1,1,1,17,0
1394.66,171,121,5,0,1,7,13.85,1,1,1,13,0
6071.9,221,52,7,0,3,9,9.61,0,1,1,12,0
1090.68,261,96,19,0,2,4,6.53,0,0,1,22,0
1084.98,30,216,6,0,1,2,377.99,1,0,1,21,0
4323.08,203,97,10,2,1,5,17.52,1,1,1,10,1
5263.49,349,22,27,0,2,5,1235.54,0,1,1,14,1
1654.79,128,7,15,0,4,6,50.17,1,1,0,18,0
3585.72,603,19,14,0,2,3,4.3,0,0,1,16,0
615.88,163,65,4,0,4,4,37.63,1,0,1,10,0
7172.25,108,1,4,0,1,7,1218.17,0,0,1,19,1
15501.72,284,12,14,0,3,6,134.75,1,1,1,17,0
3044.88,220,23,11,0,1,3,12.17,1,1,1,13,0
224.9,359,124,4,0,3,4,18.18,1,1,0,13,0
1034.6,259,3,4,0,3,7,14.58,1,1,1,16,0
3336.99,172,3,2,0,2,3,0.68,1,0,1,9,0
1186.21,266,48,13,0,1,2,5.48,1,1,1,8,0
6452.34,43,11,6,0,3,5,8.85,1,0,1,8,1
3255.68,232,16,5,0,1,2,5.61,1,0,1,5,0
892.05,158,12,29,0,2,5,13.92,1,1,1,15,0
1867.33,64,52,0,0,4,6,6.97,1,0,1,23,0
739.64,254,3,17,0,2,7,1.82,1,1,1,20,0
1506.31,328,168,2,0,2,3,103.6,1,1,1,16,0
1038.37,136,7,18,0,1,1,2.87,1,1,1,10,0
5853.31,90,181,3,0,4,5,14.03,1,1,1,9,0
15003.1,300,90,4,0,2,6,3.6,1,1,1,16,0
432.17,88,105,3,1,1,4,27.1,1,0,1,15,1
264.22,172,11,21,0,4,7,5.49,0,0,1,14,0
1414.92,167,66,2,0,2,6,21.66,1,0,1,19,0
396.07,85,101,7,0,1,4,11.45,1,1,0,16,0
1893.56,60,48,27,0,2,4,25.95,1,1,1,19,0
3823.56,278,48,1,0,2,3,68.1,0,1,1,11,0
8055.75,210,10,2,0,2,3,6.44,1,1,1,22,0
2211.43,123,32,21,0,3,6,33.08,1,1,1,10,0
1490.47,127,9,12,0,2,3,6.65,1,1,1,9,0
250.04,221,216,9,0,2,5,95.43,0,1,1,7,0
1856.01,115,69,7,0,2,4,25.94,1,0,1,19,0
1941.64,146,2,22,0,3,6,33.13,1,1,1,13,0
3425.34,107,38,7,0,3,5,1.96,0,1,1,4,0
890.26,137,60,8,0,7,11,0.8,0,0,1,17,1
1170.22,144,6,14,0,4,7,15.35,1,0,1,16,1
412.4,227,65,16,0,3,3,13.37,1,0,1,5,0
182.86,104,11,6,0,4,12,11.26,1,0,1,8,1
596.75,311,31,6,0,1,4,1.0,1,1,1,20,0
376.03,223,58,26,0,1,5,3.73,1,0,1,20,0
2531.87,159,27,11,0,1,4,0.06,1,1,1,12,0
1076.93,139,28,1,0,5,9,23.49,1,1,1,0,1
1055.49,125,111,4,2,4,9,36.33,0,1,1,8,1
675.59,278,22,13,0,1,2,61.57,1,0,1,11,0
71.34,115,63,5,0,2,5,0.63,1,1,0,9,0
8170.71,31,113,0,0,2,6,23.52,1,1,1,20,0
664.96,112,9,7,0,2,6,6.04,1,1,1,7,0
1197.01,366,2,1,0,3,6,18.99,1,1,1,6,0
422.04,73,104,8,0,3,5,83.93,1,0,1,14,0
4778.73,423,48,12,0,1,3,20.92,1,1,1,9,0
2086.89,120,105,7,0,3,4,17.1,1,1,1,19,0
791.27,115,14,15,0,4,7,17.11,1,0,1,9,0
1221.42,471,107,18,0,5,6,27.52,1,1,1,13,0
9683.51,187,6,38,0,1,2,6.85,0,1,1,19,0
1680.81,266,128,9,0,1,3,13.03,0,1,1,18,0
1507.59,84,103,3,0,1,2,828.34,1,1,1,16,0
705.3,129,50,42,0,1,4,16.96,1,0,1,12,0
271.9,23,56,7,0,2,6,7.39,1,0,1,12,0
1540.65,108,25,7,0,3,7,3.23,1,1,1,19,0
2503.6,132,13,14,0,3,8,10.94,1,1,1,14,0
5429.4,124,36,9,0,1,2,2.48,1,1,1,16,0
190.85,146,64,2,0,2,3,3.1,1,1,1,10,0
586.93,129,388,25,0,2,6,72.15,1,0,1,11,0
1011.57,28,101,6,0,1,5,14.19,1,1,1,19,0
1801.76,105,34,5,0,4,7,18.2,1,0,1,13,1
1563.94,174,81,1,0,2,4,14.52,1,1,1,10,0
1600.88,201,6,10,0,1,3,47.96,1,1,1,17,0
2719.21,352,32,3,0,4,9,16.68,1,1,1,7,0
732.68,24,33,21,0,1,4,22.96,1,0,1,21,0
4601.52,109,404,6,0,4,4,25.63,1,0,1,18,0
2789.04,274,29,3,0,3,7,2.42,1,0,1,16,0
1313.13,167,5,10,0,1,6,2.21,1,1,1,12,0
8963.43,112,4,2,0,2,8,17.22,1,1,1,14,1
8573.37,293,71,3,0,4,7,0.07,1,1,1,19,0
4595.79,164,20,2,0,1,4,51.2,0,0,1,19,0
88.36,250,121,4,0,2,5,30.29,1,1,1,21,0
8768.71,151,39,20,0,3,5,7.26,0,0,1,20,1
4002.84,25,24,3,0,1,6,25.28,1,0,1,0,0
13445.62,357,85,7,0,4,7,9.28,1,1,1,10,0
6232.07,139,32,3,0,3,9,3.25,1,1,1,12,0
8763.43,46,80,6,0,5,7,32.8,1,1,1,9,1
4353.15,106,75,3,0,5,7,31.61,1,1,1,0,1
6965.28,78,77,12,0,1,4,47.79,1,1,1,10,0
13281.45,16,116,7,0,2,8,10.78,0,1,1,10,0
2245.21,126,113,7,0,1,3,26.56,1,1,1,13,0
375.32,26,65,9,0,4,9,3.11,1,1,1,19,0
1329.47,126,188,21,0,2,5,17.34,1,1,1,5,0
2670.3,185,1,5,0,2,5,2.39,1,1,1,17,0
1948.64,183,159,5,0,3,10,3.8,1,1,1,18,0
519.8,96,9,25,1,2,3,56.12,1,1,1,20,1
353.87,59,14,8,0,3,7,15.3,0,1,1,22,0
861.64,266,102,14,0,2,6,12.66,1,1,1,13,0
4055.14,207,30,10,0,1,5,41.23,0,1,1,7,0
8780.95,110,33,0,0,3,6,18.76,1,1,1,15,1
4521.36,40,18,6,0,3,4,55.61,1,0,0,19,1
5205.27,70,15,5,0,3,7,6.47,1,1,1,19,1
1667.67,430,6,7,0,2,7,51.34,1,1,1,19,0
316.69,252,13,24,0,4,7,13.68,1,1,1,20,0
1146.86,187,50,17,0,4,9,25.72,1,1,1,18,0
1395.82,78,73,3,0,4,8,9.7,1,1,1,10,0
1099.87,79,80,13,0,2,8,48.12,1,1,1,12,0
1909.69,273,27,2,0,2,6,5.34,1,1,1,10,0
2811.35,381,153,23,0,1,2,6.65,1,1,1,19,0
4242.95,275,23,7,0,3,7,33.18,1,1,1,12,0
1369.06,123,7,12,0,3,6,56.76,1,0,1,18,0
269.41,88,174,16,0,2,7,21.09,1,0,1,17,0
1115.57,72,46,1,0,2,6,1.87,1,1,1,19,0
1888.83,116,213,7,0,4,10,130.29,1,1,1,2,0
6141.4,79,30,2,0,3,8,54.31,1,0,1,13,1
1024.74,163,84,6,0,3,4,1.56,0,1,1,6,0
3018.59,40,6,2,0,3,6,5.28,1,1,1,20,1
2416.53,150,115,3,0,2,6,1038.53,1,1,1,11,1
1889.18,501,11,7,0,2,5,12.28,0,1,1,8,0
4584.94,276,4,8,0,2,5,0.19,1,1,1,18,0
933.7,165,6,11,0,1,5,6.95,1,0,1,10,0
1017.2,498,48,13,0,4,5,8.03,0,1,1,12,0
1786.65,206,20,14,0,4,5,5.59,1,1,1,11,0
953.23,75,194,15,0,4,7,54.01,1,1,1,7,0
3004.94,264,114,0,0,2,2,1.52,1,0,1,18,0
886.08,60,97,5,0,3,7,39.02,1,0,1,7,0
2267.21,30,99,23,0,1,5,13.25,1,1,1,5,0
1635.7,202,132,1,0,4,9,11.65,0,1,1,20,0
2241.56,226,120,6,0,2,4,1.49,1,1,1,12,0
1141.68,264,158,38,0,4,7,4.73,1,0,1,20,0
1288.08,224,163,22,0,4,6,4.71,0,1,1,20,0
1990.24,196,21,2,0,3,9,10.5,1,1,1,11,0
2212.93,99,14,12,0,3,3,5.48,1,1,1,16,0
1800.46,179,61,15,0,4,8,132.06,0,1,1,11,0
9950.34,265,7,23,0,3,5,5.0,1,0,1,9,0
671.33,196,14,26,0,2,9,8.69,0,0,1,20,0
1695.61,237,88,18,0,2,2,23.68,1,1,1,20,0
374.79,423,62,2,0,4,6,7.18,0,0,1,21,0
2623.02,233,63,11,0,2,5,1112.83,0,1,1,5,1
592.74,288,180,19,0,3,7,39.4,0,1,1,20,0
1368.8,43,66,6,0,4,10,9.63,1,1,1,12,0
1246.3,198,33,1,0,3,4,1250.35,1,1,1,13,1
2394.41,485,19,4,0,1,3,30.88,0,1,1,17,0
1040.24,173,24,3,0,6,11,29.86,1,1,1,6,0
996.94,175,19,7,0,5,8,42.29,1,1,1,20,0
7599.64,130,2,4,0,3,6,30.12,1,1,1,4,1
2403.22,123,18,3,0,1,2,1316.17,1,1,1,21,1
1031.69,412,108,11,0,3,5,18.46,1,0,1,14,0
1406.93,25,78,6,0,2,8,23.72,0,1,1,0,0
9370.81,190,58,19,0,1,4,26.74,1,1,1,19,0
1429.15,133,139,17,0,1,3,0.12,1,0,1,17,0
907.53,34,18,5,3,3,6,1.36,1,1,1,20,1
911.42,264,51,6,0,2,8,234.31,0,1,0,8,0
1044.06,148,1,12,0,1,5,7.63,1,1,1,18,0
997.75,187,133,5,0,3,4,28.5,1,1,1,0,0
502.88,116,35,6,0,1,3,19.3,1,0,1,8,0
587.46,209,11,5,0,1,7,0.89,0,1,1,14,0
788.93,228,16,21,0,2,7,0.17,1,0,1,15,0
3266.82,69,113,12,0,2,7,4.39,1,1,1,17,0
1234.92,69,6,21,0,5,10,667.84,1,1,1,11,1
1469.74,116,155,7,0,3,8,86.44,0,1,1,17,0
6438.74,379,28,23,0,1,2,5.91,1,0,1,18,0
6601.2,120,17,17,0,1,7,19.52,1,1,1,18,0
1363.59,118,24,5,0,2,6,12.37,1,1,1,11,0
962.12,101,31,17,0,2,5,40.29,1,0,1,13,0
761.71,429,47,9,0,1,4,0.98,0,1,1,20,0
3614.74,176,53,11,0,6,8,0.26,1,0,0,20,1
1473.35,304,35,13,0,2,5,2.97,1,0,1,11,0
1228.45,322,35,16,0,3,7,23.61,1,1,1,18,0
801.38,75,20,2,0,2,4,21.59,1,1,0,16,0
837.43,92,29,5,0,1,5,0.11,1,0,1,17,0
2490.05,186,37,9,0,2,7,3.21,1,1,0,7,0
485.2,73,54,6,0,3,4,18.42,0,1,1,14,0
4889.61,90,8,10,0,5,12,4.75,1,1,1,18,1
1060.14,124,86,13,0,2,4,21.19,1,1,1,7,0
1556.76,93,68,1,0,2,6,18.46,1,1,1,23,0
474.86,61,21,5,0,3,7,43.0,0,1,1,13,0
1785.82,102,36,1,0,3,6,8.78,1,1,1,10,0
1302.03,163,176,5,0,2,6,22.11,1,0,1,14,0
1719.72,79,1,6,0,1,1,11.37,1,0,1,11,0
7877.05,106,100,4,0,4,9,42.3,1,1,1,13,0
2159.64,132,43,11,0,2,4,11.92,1,1,1,12,0
816.76,437,57,3,0,3,5,517.35,1,1,1,8,0
887.74,87,69,6,0,2,6,788.28,1,1,1,6,0
3278.47,350,36,4,0,3,6,36.78,1,1,1,8,0
6625.58,24,12,8,0,2,8,36.83,1,1,1,21,0
2396.87,257,144,2,0,3,7,1.98,1,1,1,23,0
3600.09,227,80,8,0,2,4,4.62,0,0,1,21,0
3326.71,256,49,7,0,3,4,15.61,1,1,1,22,0
7473.09,237,35,3,2,4,5,20.68,1,1,1,13,1
257.34,289,41,4,0,1,4,15.19,1,1,0,19,0
3523.53,122,104,0,0,3,5,0.69,1,1,1,11,0
4835.48,354,1,20,0,2,6,1.58,1,1,1,20,0
474.03,91,120,5,0,3,7,906.57,0,1,1,12,1
745.71,28,2,10,0,4,7,12.03,0,1,1,13,0
772.18,34,57,16,0,3,6,10.15,1,1,1,18,0
872.37,175,24,20,3,1,3,3.02,1,0,1,16,1
1116.87,214,68,6,0,1,4,1.01,0,1,1,8,0
2304.46,266,5,3,0,1,4,1.57,0,1,1,21,0
4297.01,170,48,2,0,3,4,5.25,1,1,1,10,0
5331.12,97,115,9,0,3,3,6.0,1,0,1,2,0
782.25,261,40,14,0,1,3,4.02,1,1,1,17,0
776.89,158,5,8,0,2,5,5.09,1,0,1,5,1
6740.04,93,2,5,0,3,9,16.29,1,0,1,13,1
3452.12,205,58,4,0,1,3,14.32,1,0,1,10,0
1964.25,155,4,4,0,3,6,18.33,1,0,1,17,0
2902.53,746,4,1,0,3,3,76.72,1,1,1,12,0
1754.95,605,33,18,0,5,11,12.74,1,0,1,8,0
3055.15,87,14,11,0,2,10,30.98,1,1,1,2,1
1291.98,32,13,0,0,3,6,7.73,1,1,1,23,1
2365.64,73,39,9,0,3,5,39.01,1,0,1,8,0
399.2,38,19,14,0,1,3,56.07,1,0,1,23,1
908.88,226,14,3,0,2,4,5.26,0,1,1,16,0
918.73,332,43,3,0,4,7,41.61,1,1,1,15,0
1243.41,74,20,8,0,4,7,33.54,1,0,1,11,1
715.86,315,5,4,0,4,7,6.64,1,1,1,17,0
1060.46,56,68,15,0,3,5,27.21,1,1,0,20,0
397.66,308,52,5,0,2,6,18.11,1,1,1,11,0
3129.73,84,14,2,0,2,6,14.24,1,0,1,13,0
1664.84,166,52,2,0,1,3,15.39,1,0,1,5,0
328.58,266,186,6,0,3,5,27.38,1,1,1,23,0
784.6,122,188,5,0,1,4,8.98,1,1,1,16,0
2531.59,52,45,11,0,1,8,14.59,1,1,1,21,0
1050.45,529,6,16,0,1,6,12.1,1,1,1,9,0
900.6,53,36,6,0,3,5,29.56,1,1,1,11,0
1678.08,434,1,12,0,2,4,24.59,1,0,1,11,0
2549.36,223,32,39,0,2,6,11.56,1,1,1,15,0
429.94,335,144,14,0,3,9,13.93,1,1,1,0,0
3134.2,239,37,4,0,2,4,33.93,1,0,1,20,0
812.17,54,47,9,0,3,5,15.74,1,0,1,15,0
1775.92,40,10,14,0,4,7,17.5,1,1,1,18,1
1745.12,96,1,5,0,2,4,60.98,1,0,1,18,0
1067.35,22,301,10,0,6,13,3.23,1,1,1,8,0
649.59,170,24,14,0,2,4,15.3,1,0,1,15,0
1358.74,177,19,7,0,3,6,9.56,1,1,1,18,0
9185.03,134,50,33,0,1,4,1195.48,1,1,1,7,0
463.28,73,82,0,0,2,7,18.45,1,1,1,8,0
9821.34,194,17,12,0,2,2,0.65,1,0,1,3,1
1394.48,84,44,7,0,3,5,21.99,1,1,1,14,0
1873.14,161,24,19,0,2,6,6.53,1,0,1,18,0
609.9,81,39,19,0,4,7,3.6,1,1,1,22,0
836.09,118,10,15,0,1,2,19.63,1,1,1,11,0
1093.45,696,42,3,1,7,11,7.77,1,1,1,6,1
635.43,282,2,22,0,1,3,9.94,0,1,1,21,0
1467.16,57,109,11,0,6,9,25.1,1,0,1,5,0
1203.49,441,59,10,0,3,5,2.42,1,1,1,2,0
11507.81,237,170,31,0,1,3,17.43,1,1,1,11,0
563.42,128,54,11,0,3,5,66.92,1,1,1,10,0
2003.58,144,12,6,0,3,6,0.83,1,1,1,17,1
2316.58,194,39,3,0,3,6,5.04,1,1,1,9,0
619.98,436,65,5,0,3,8,32.14,1,1,1,13,0
3593.3,221,28,10,0,2,3,38.81,1,0,1,20,0
1214.0,96,48,7,2,1,5,11.18,1,1,1,7,1
149.55,128,10,10,0,2,4,3.66,1,1,1,17,0
3497.66,97,90,12,0,2,5,12.84,1,1,1,16,0
591.74,198,144,11,0,2,9,312.89,1,1,1,19,0
634.11,233,22,2,0,2,8,5.63,0,1,1,18,0
3597.17,235,94,37,0,1,2,1.66,1,0,1,15,0
1277.73,359,5,9,0,2,4,5.29,1,0,1,8,0
4526.81,226,16,13,0,2,3,828.62,1,0,1,5,1
6064.25,70,37,7,0,3,4,10.47,1,0,1,8,0
948.68,371,29,2,0,3,5,15.92,1,1,1,11,0
3996.85,145,57,8,0,3,5,10.64,1,0,1,9,0
849.41,159,49,4,0,3,7,9.84,1,1,1,11,0
16867.03,122,5,6,0,2,5,19.63,1,1,1,12,1
904.19,88,8,11,0,4,5,8.96,1,1,1,16,0
5044.67,93,3,6,0,2,3,4.45,1,0,1,13,0
4203.99,291,182,7,0,2,2,58.65,1,0,1,15,0
2480.18,170,62,6,0,5,6,1111.18,1,1,1,18,1
924.69,125,116,7,0,5,7,3.6,1,1,1,15,0
1554.02,363,46,13,0,2,3,23.75,1,1,1,7,0
209.85,227,12,20,0,2,5,1.52,1,1,1,12,0
2262.94,136,59,17,0,3,6,8.39,1,0,1,8,0
2564.75,391,42,1,0,4,7,1.24,1,1,1,18,0
2066.27,341,31,7,0,4,6,343.02,1,1,1,13,0
92.45,126,27,14,0,5,8,3.0,1,0,1,22,0
509.98,105,63,13,0,3,6,12.28,1,0,1,9,0
855.69,247,57,14,0,1,3,32.89,1,1,1,14,0
2420.33,120,9,18,0,3,4,14.33,1,1,1,6,0
2414.72,172,101,22,0,2,7,60.09,1,1,1,21,0
1525.04,150,60,4,0,2,8,309.75,1,0,1,9,0
3412.65,176,46,11,0,5,9,0.8,1,1,1,18,0
647.91,412,82,2,1,2,3,2.71,0,1,1,15,0
3328.36,173,10,38,0,4,7,43.45,1,1,1,1,0
2906.61,267,151,11,0,1,5,17.63,1,1,1,22,0
2637.42,182,18,12,0,1,8,1076.06,0,1,1,21,1
1507.13,170,18,11,0,3,6,31.68,1,1,1,18,0
11279.52,73,101,4,0,4,9,46.12,0,1,1,21,1
2960.74,39,24,1,0,2,5,14.85,1,1,1,18,0
686.54,93,106,7,0,3,7,4.17,1,1,0,10,0
2317.64,29,23,14,0,4,6,21.57,1,1,1,12,1
3837.14,96,48,20,0,1,3,8.21,1,1,1,8,0
1004.14,172,15,15,0,4,5,4.49,1,1,1,20,0
5373.7,113,78,16,0,5,7,4.12,1,1,1,12,0
2649.25,34,10,15,0,2,2,31.61,1,0,1,7,0
173.73,801,137,4,0,3,6,0.99,1,1,1,11,0
2439.8,155,27,6,0,2,5,35.55,1,1,1,11,0
1204.68,152,38,2,0,1,5,39.24,1,1,1,20,0
3093.88,345,1,5,0,1,3,5.2,1,1,1,6,0
4648.1,311,223,4,0,2,4,0.67,1,1,1,18,0
2197.69,152,100,9,0,3,6,50.0,1,1,1,7,0
9559.13,163,35,1,0,5,9,17.36,1,1,1,16,0
1512.16,483,151,17,0,2,13,477.26,1,1,1,11,0
3377.25,154,160,9,0,2,4,3.96,1,0,1,9,0
4043.81,299,45,8,0,1,6,7.57,0,0,1,15,0
1640.33,106,15,18,0,7,16,31.67,0,0,1,19,1
3939.36,80,40,16,0,1,2,2.5,1,0,1,11,0
997.57,229,23,10,0,5,9,1.52,1,0,1,18,0
1184.92,297,35,7,0,2,3,25.06,1,1,1,12,0
486.63,61,145,14,0,2,4,15.76,1,0,1,2,0
2301.71,222,19,19,0,2,4,63.99,1,1,1,6,0
2503.02,110,109,3,0,1,3,5.09,1,1,1,13,0
5879.71,19,164,11,0,2,7,6.61,1,1,1,13,0
3988.38,65,98,14,0,3,4,3.38,1,1,1,18,0
1359.95,123,44,9,0,2,4,311.19,1,0,1,18,0
556.59,295,49,12,0,2,4,935.14,1,1,1,20,0
2787.36,248,102,2,0,3,7,11.52,1,0,1,10,0
5490.38,58,2,9,0,2,7,23.85,1,1,1,11,0
3847.52,231,79,0,0,1,5,19.26,1,1,1,17,0
5348.0,86,45,1,0,1,7,1359.2,1,0,1,7,1
1462.8,217,30,3,0,2,6,845.39,1,1,1,19,1
1133.86,92,87,1,0,2,4,42.68,1,1,1,11,0
865.32,460,18,8,0,4,8,52.96,1,0,1,8,0
1709.75,99,135,13,0,3,4,11.47,1,1,1,13,0
1671.39,129,69,9,3,6,7,18.85,1,1,1,12,1
2223.14,86,56,7,0,2,8,16.18,1,0,1,13,0
1588.75,233,44,14,0,4,9,35.95,1,0,1,7,1
1581.88,83,14,0,0,3,4,15.89,1,1,1,6,1
831.56,34,57,4,0,2,5,9.9,1,0,1,20,0
4636.05,207,77,24,0,1,2,0.75,0,0,1,12,0
1951.82,201,1,14,0,4,8,79.72,0,1,1,6,0
1518.62,71,27,4,0,4,9,13.92,1,0,1,18,1
856.26,87,107,3,0,2,2,6.79,1,0,1,7,0
477.27,138,60,5,0,2,7,500.52,1,0,1,20,0
6687.29,241,57,12,0,1,6,85.19,1,1,1,5,0
3148.37,535,15,13,2,1,4,30.51,1,1,1,9,1
356.41,240,59,10,0,3,7,16.29,1,1,1,19,0
3878.26,259,92,5,3,4,7,33.96,1,0,1,19,1
4548.17,412,30,9,0,4,7,4.08,1,0,1,19,0
2047.5,268,12,4,0,5,11,7.55,1,1,1,16,0
8938.39,448,4,18,0,3,6,7.2,1,1,1,13,0
2245.58,176,42,0,0,1,3,1.67,1,1,1,17,0
438.42,202,69,6,0,1,4,17.98,0,1,1,17,0
2604.95,87,10,3,0,2,4,38.61,0,1,1,11,0
2309.76,73,32,4,0,3,4,11.22,1,0,0,11,1
989.01,112,50,5,0,4,7,7.82,1,0,1,9,0
3208.5,275,10,1,0,1,6,3.69,1,0,1,16,0
341.15,284,18,8,0,2,6,12.85,1,1,1,16,0
4868.62,165,56,5,0,3,9,26.64,1,0,1,12,0
751.36,328,77,9,0,2,5,1265.06,1,1,1,5,0
675.23,122,60,1,0,3,7,23.56,0,1,1,18,0
1613.52,67,75,7,2,6,8,7.29,0,0,1,17,1
2787.7,241,52,0,0,3,8,4.95,1,0,1,17,0
2130.1,196,108,3,0,3,7,10.44,1,1,1,15,0
860.35,200,105,25,0,3,7,18.38,1,1,1,16,0
1089.98,460,95,0,0,1,6,9.46,1,1,1,16,0
582.28,199,51,24,0,2,4,16.54,1,1,1,10,0
1444.21,304,308,3,0,5,5,35.49,1,1,1,12,0
5297.66,8,2,7,0,2,4,20.52,1,1,1,22,0
1800.35,195,13,3,0,2,8,5.29,1,0,1,9,0
4270.19,53,99,11,0,5,7,9.77,1,1,1,20,0
7749.64,144,105,8,0,1,2,9.96,1,1,1,1,0
1004.24,116,102,2,0,4,7,24.29,1,1,1,7,0
1500.31,402,123,3,0,2,2,4.78,1,0,1,3,0
15854.25,417,32,4,0,3,6,1.66,1,0,1,17,0
7664.41,441,161,11,2,6,10,3.65,1,1,1,12,1
339.54,187,14,8,1,2,6,32.72,1,1,1,13,1
2662.84,24,165,17,3,3,5,6.9,1,1,1,11,1
1809.06,222,48,6,0,2,4,5.47,1,1,1,0,0
4131.74,126,10,6,0,2,4,2.4,1,0,1,16,1
858.36,181,79,17,0,2,4,25.49,1,1,1,12,0
780.86,78,21,6,0,2,5,0.43,1,1,1,11,0
919.59,397,14,6,0,2,4,0.58,0,1,1,5,0
1020.52,271,11,10,0,1,7,5.69,0,1,1,23,0
4086.01,143,1,9,0,1,4,55.59,1,1,1,17,0
554.91,93,86,11,0,1,3,20.03,0,1,1,11,0
970.09,293,39,4,0,4,5,5.01,1,1,1,14,0
302.17,330,231,6,0,2,6,25.35,1,0,1,20,0
4949.88,125,34,11,0,3,3,8.66,1,0,1,20,0
6444.81,96,111,10,0,2,6,1070.86,1,1,1,17,0
1303.65,188,206,8,0,3,5,9.37,1,1,1,8,0
1342.18,216,1,4,0,1,3,12.03,1,1,1,4,0
2844.73,68,6,2,0,2,9,0.33,1,1,1,8,0
7898.93,310,25,11,0,2,5,9.08,0,0,1,21,0
2720.61,147,122,17,1,1,3,0.15,1,1,1,6,0
900.06,359,109,3,0,4,7,7.47,1,0,1,17,0
358.23,363,27,3,0,2,6,5.47,1,1,1,9,0
592.81,344,13,8,0,4,7,31.7,1,1,1,20,0
1945.39,50,97,9,0,1,1,30.37,1,1,1,14,0
938.87,63,54,2,0,3,8,30.32,0,1,1,20,1
2197.26,283,1,2,0,3,8,6.52,1,0,1,19,1
1040.1,282,97,12,0,3,4,22.76,1,1,1,7,0
627.57,73,188,2,0,1,3,2.25,1,0,1,17,0
557.22,161,2,19,0,2,3,6.6,1,1,1,18,0
8624.43,321,20,11,0,1,5,40.32,1,1,1,10,0
4398.36,27,102,3,3,1,2,21.68,1,1,1,9,1
10203.83,239,52,10,1,4,4,9.41,1,1,1,16,1
3102.46,279,272,4,0,3,4,27.16,1,1,1,12,0
1176.16,215,148,27,0,3,5,2.18,0,0,1,4,0
6790.91,246,11,17,0,4,7,334.32,1,1,1,8,0
1749.23,167,67,9,0,5,8,17.89,1,1,1,10,0
2254.86,145,63,9,0,3,7,26.93,1,1,1,23,0
1732.25,184,7,5,0,7,9,4.34,1,1,1,17,1
94.93,310,5,14,0,1,3,7.38,1,1,1,17,0
8997.8,116,50,1,0,3,4,14.07,1,1,1,21,0
2954.26,133,30,14,0,2,4,10.75,1,1,1,9,0
2514.48,68,47,7,0,3,7,75.06,1,1,1,23,0
1699.73,146,16,7,0,1,8,1.53,1,0,1,15,0
2129.04,70,48,6,0,3,6,89.02,1,1,1,17,0
994.98,341,29,15,0,4,7,0.82,1,0,1,9,0
3349.54,157,131,6,0,2,5,36.23,1,1,1,14,0
489.26,80,21,12,0,2,4,1.28,0,1,1,15,0
2177.8,313,122,4,0,4,7,31.21,1,1,1,9,0
3170.27,82,29,14,0,2,5,36.21,1,1,1,16,0
1482.27,60,51,13,0,3,6,32.99,1,0,1,13,0
2619.84,32,20,15,0,3,10,948.42,1,1,1,10,1
670.93,39,99,10,0,3,4,26.71,1,1,1,8,0
688.26,154,111,15,0,1,3,2.82,0,1,1,20,0
2290.94,166,99,4,0,2,7,7.75,1,1,1,21,0
3563.68,248,61,23,0,1,5,17.05,1,0,1,11,0
277.31,186,21,6,0,3,5,11.52,1,1,1,13,0
3047.33,180,60,6,0,3,8,35.23,1,0,1,8,0
1050.27,76,192,16,0,2,4,12.86,1,1,1,14,0
1490.99,322,62,16,0,3,7,10.0,1,0,1,19,0
473.66,208,187,4,0,3,4,5.32,1,1,1,10,0
771.54,148,21,24,0,2,2,30.54,1,1,1,8,0
4751.07,193,112,8,0,2,5,108.51,1,1,1,10,0
1868.45,264,76,14,0,5,6,555.92,1,1,1,15,0
1233.02,70,102,6,0,1,4,876.98,1,1,1,11,0
1609.23,100,74,15,0,1,5,1.05,1,1,1,10,0
2948.97,25,39,24,0,1,7,21.62,1,1,1,7,0
2808.75,162,69,5,0,3,10,21.83,1,1,1,14,0
1677.35,227,161,9,0,2,3,5.66,1,1,1,10,0
5393.55,212,32,8,0,2,4,915.14,1,1,1,17,1
4771.72,266,181,8,0,5,10,7.36,1,1,1,14,0
2733.59,252,3,11,1,5,8,5.88,0,1,1,18,1
1909.53,169,1,11,0,2,8,8.65,1,1,1,17,0
3488.83,240,40,18,0,2,5,1.3,1,1,1,20,0
2475.67,421,113,2,0,3,6,11.41,1,1,1,14,0
5222.86,306,17,1,0,1,1,4.98,1,1,1,18,0
4445.12,291,70,12,0,4,8,21.51,1,1,1,16,0
653.11,126,47,9,0,4,5,10.01,1,1,1,19,0
610.35,136,20,29,0,2,5,23.09,1,1,1,20,0
896.73,329,20,11,0,4,8,20.34,1,1,1,18,0
4798.88,67,4,6,3,3,5,152.88,1,0,1,18,1
373.79,180,46,6,0,3,5,17.01,0,0,1,20,0
2683.18,304,35,2,0,3,7,18.86,1,1,1,16,0
2598.12,182,20,1,0,1,5,52.85,0,0,1,3,1
5782.83,155,211,10,0,2,4,35.5,1,1,1,19,0
2165.35,265,102,16,0,3,5,5.72,1,1,1,9,0
471.91,227,44,9,0,1,4,33.67,1,1,1,15,0
692.73,290,44,5,0,3,7,3.05,1,0,1,19,0
554.47,535,12,1,0,2,6,48.5,1,1,1,7,0
1055.8,143,62,3,0,1,1,14.13,1,1,1,7,0
1505.83,249,184,4,2,2,5,5.38,1,1,1,11,1
563.72,144,137,8,0,2,8,6.34,1,1,1,19,0
7868.81,69,5,6,0,4,6,3.81,1,0,1,13,1
480.45,157,3,28,0,4,7,13.5,1,0,1,19,0
6947.27,53,195,4,0,7,8,4.0,1,0,1,9,0
5914.5,79,13,16,0,3,7,0.51,1,1,1,18,0
4439.52,243,47,26,0,2,8,14.95,1,1,1,11,0
903.46,228,4,4,0,2,3,2.16,1,1,1,13,0
2546.44,370,111,22,0,2,4,8.1,1,0,1,20,0
504.03,330,7,11,3,2,7,20.53,1,1,1,23,1
4495.84,99,61,2,0,6,10,5.14,1,1,1,17,1
1679.1,267,3,25,0,4,6,10.33,1,1,1,23,0
1200.72,227,10,0,0,3,6,1.66,1,1,1,13,0
531.79,123,43,1,0,3,7,15.09,1,1,1,21,0
151.79,195,2,8,0,1,2,32.41,1,0,1,12,0
639.99,93,13,6,0,1,4,40.43,1,1,1,14,0
5501.62,351,8,32,0,5,8,5.2,1,1,1,8,0
1208.54,235,2,9,0,2,4,1.61,1,0,1,14,0
1526.41,375,212,4,0,1,6,7.81,1,0,1,19,0
3482.67,57,35,4,0,2,6,17.06,1,1,1,20,0
11000.2,174,117,10,0,2,7,65.17,1,0,1,15,0
6802.22,94,26,0,0,3,6,8.48,1,1,1,5,0
683.8,37,2,24,0,2,4,6.0,1,1,1,20,0
259.16,107,71,3,1,2,3,11.09,1,1,1,22,1
19141.5,105,2,2,0,1,3,389.78,0,0,0,7,1
17483.13,267,48,13,0,2,3,50.31,0,1,1,17,0
2183.0,201,8,2,0,7,10,4.99,1,1,1,16,1
507.51,299,66,18,0,4,6,6.36,1,1,1,5,0
4737.32,118,133,5,0,1,6,11.78,0,0,1,20,0
1622.98,318,187,10,0,2,5,45.89,1,1,1,17,0
1614.88,153,45,3,0,6,11,9.93,1,0,1,9,1
4422.49,99,45,11,0,2,5,9.86,0,1,1,12,0
2525.96,39,2,7,0,1,3,38.27,0,0,1,8,1
552.35,65,88,1,0,4,8,5.8,1,1,1,14,0
1306.7,109,187,10,0,4,8,9.86,1,1,1,18,0
3502.22,192,34,34,0,2,3,0.64,1,1,1,20,0
3011.68,96,94,4,0,4,6,38.57,1,1,1,12,0
2349.64,556,95,9,0,1,7,4.56,1,1,1,12,0
4598.21,258,92,35,3,2,5,72.34,0,1,1,9,1
1259.26,77,85,16,0,3,4,0.79,1,0,1,13,0
2161.74,123,14,2,0,4,9,22.51,0,1,1,19,1
61.83,135,83,17,0,3,4,25.34,1,1,1,6,0
1153.26,211,9,16,0,1,5,20.8,0,1,1,10,0
3881.21,40,74,2,0,3,9,2.87,1,1,1,16,0
1223.66,446,1,19,0,2,4,1194.36,1,1,1,10,0
1134.3,533,150,1,0,3,7,15.53,1,1,1,21,0
638.13,228,105,4,0,4,7,18.65,1,1,1,14,0
4931.34,368,68,7,0,1,9,8.69,1,1,1,15,0
3128.98,198,5,22,0,1,2,10.99,1,0,1,16,0
4127.45,138,104,17,0,3,6,1.69,1,1,1,16,0
321.75,80,124,5,0,3,7,93.21,1,1,1,3,0
1540.02,224,69,31,0,3,5,4.31,0,1,1,12,0
1366.34,174,223,6,0,2,3,2.48,1,1,1,7,0
1365.71,457,5,16,0,5,5,4.36,1,1,1,8,0
976.5,273,73,12,0,3,7,72.86,1,0,1,17,0
1279.08,88,44,5,0,4,6,49.96,1,1,1,15,0
4228.68,252,9,4,0,5,11,0.14,0,1,0,12,1
266.97,118,64,8,0,2,4,10.44,1,0,1,8,0
10692.47,87,96,21,0,2,9,34.28,1,0,1,17,0
2933.18,111,10,6,0,4,8,100.44,1,1,1,20,1
1733.1,99,94,15,0,1,1,31.4,0,1,1,19,0
4477.56,214,5,12,0,3,7,22.96,1,0,1,15,0
423.34,269,53,7,0,2,6,43.32,1,1,1,8,0
930.11,54,96,25,0,2,4,27.61,1,1,1,12,0
1601.87,106,9,10,0,5,11,32.5,1,1,1,17,0
7083.76,249,50,5,0,1,4,6.17,1,1,1,21,0
1725.9,277,33,14,0,2,6,21.5,1,1,1,11,0
2835.73,202,56,18,0,5,10,43.6,1,0,1,10,0
1002.67,162,33,13,0,3,8,14.55,0,1,1,9,0
2941.99,91,17,2,0,2,4,46.4,1,1,1,13,0
9674.41,61,17,9,0,5,7,50.21,1,1,1,20,1
4892.83,137,120,2,0,3,6,13.57,1,1,1,18,0
1666.61,139,10,18,0,2,3,7.24,1,0,1,14,0
3552.8,159,7,15,0,3,4,1.03,1,1,1,21,0
3221.22,217,6,7,0,2,3,31.84,1,1,1,19,0
3000.66,209,4,4,3,6,11,15.36,1,0,1,1,1
5496.98,244,1,30,0,3,8,27.91,1,1,1,11,0
5456.04,168,10,7,0,3,8,686.43,1,1,1,21,1
1592.15,89,12,6,1,2,7,33.24,0,0,1,12,1
3435.37,466,18,15,0,3,5,2.77,1,1,1,16,0
1232.63,70,7,26,0,1,4,16.47,1,1,1,18,0
718.33,90,5,10,0,1,4,27.37,1,0,1,13,0
1380.92,207,46,10,0,1,4,3.22,1,0,1,15,0
1675.26,117,76,5,0,3,9,17.87,0,0,1,11,1
343.24,373,59,12,0,2,3,66.41,0,0,1,17,0
4274.12,170,48,5,0,1,7,446.12,1,1,1,10,0
113.6,241,34,3,0,3,5,0.71,1,1,1,23,0
27304.78,150,60,14,0,3,4,873.0,1,1,1,8,1
8118.33,49,139,6,0,2,7,23.07,1,1,1,15,0
1392.69,602,59,20,0,4,7,17.22,1,1,1,7,0
1825.17,199,3,7,0,4,7,83.33,1,0,1,22,0
2447.87,89,50,16,3,5,6,31.03,1,1,1,13,1
1003.09,162,44,8,0,1,6,7.7,0,1,1,10,0
2192.11,273,36,0,0,4,8,36.28,1,1,1,17,0
1565.56,39,50,7,0,4,4,29.33,1,1,1,3,1
1645.38,170,66,23,0,5,6,12.99,1,1,1,21,0
2167.78,136,2,3,0,3,3,47.69,1,1,1,20,0
486.13,71,39,8,0,4,11,3.84,1,1,1,11,0
1881.02,278,101,6,0,2,9,13.23,1,1,1,11,0
2129.09,93,45,11,0,1,6,50.76,1,1,1,17,0
2056.68,353,4,6,0,2,6,11.28,1,1,1,18,0
1457.05,119,89,6,0,2,9,17.16,1,1,1,11,0
5641.23,251,170,23,0,1,5,19.97,1,1,1,16,0
1269.46,204,114,1,0,3,6,55.41,1,1,1,22,0
2269.53,190,27,6,0,1,2,2.82,1,0,1,20,0
6616.34,163,45,7,0,2,4,4.1,1,0,1,19,0
1670.08,183,53,16,0,1,7,497.33,0,1,1,19,0
2240.52,250,75,3,0,5,9,4.67,0,1,1,15,0
1641.91,362,65,14,0,4,6,16.57,1,1,1,16,0
6231.48,117,13,13,0,1,4,12.76,1,1,1,14,0
1397.27,544,111,8,0,2,4,36.7,1,0,1,15,0
6524.73,299,113,5,0,2,6,22.22,1,1,1,16,0
1630.13,227,31,9,0,1,3,941.21,1,1,1,20,0
765.51,216,8,3,0,2,5,18.04,1,1,1,16,0
3566.62,28,56,5,0,1,4,11.48,1,1,1,20,0
1333.19,530,26,1,0,3,6,2.85,1,1,1,19,0
3362.7,261,81,1,0,1,3,0.85,1,1,1,7,0
117.99,85,22,19,0,1,3,18.26,0,1,1,7,0
1817.48,52,18,17,0,3,8,6.14,0,1,1,17,0
1141.84,265,121,1,3,4,10,14.86,0,0,1,19,1
624.37,121,57,13,0,2,6,38.78,1,1,1,17,0
1039.77,159,5,9,0,4,9,35.97,1,1,1,23,0
1018.71,155,70,8,0,2,4,26.52,1,0,1,20,0
1723.33,159,83,28,0,1,5,8.32,1,0,1,20,0
460.67,45,16,15,0,3,6,8.91,1,0,1,17,0
2480.64,331,205,6,0,2,2,37.52,1,1,1,14,0
7088.4,118,27,4,0,1,4,4.34,1,0,1,9,0
2394.5,141,169,17,0,3,5,9.83,1,1,1,20,0
4060.2,100,20,11,0,3,5,1.35,1,0,1,13,0
5402.2,283,56,0,0,1,2,2.47,1,1,1,6,0
6226.0,98,43,6,0,1,4,8.7,1,1,1,8,0
11732.74,78,290,17,0,3,6,4.68,1,1,0,14,0
1097.51,254,31,6,0,4,8,21.48,1,1,0,18,0
881.4,137,11,5,0,4,6,1.73,1,1,1,16,0
3957.89,213,107,11,0,2,5,22.4,1,1,1,21,0
3671.17,112,2,13,0,2,4,23.33,1,1,1,12,0
3927.17,79,129,2,0,2,6,15.06,1,1,1,10,0
11959.51,127,7,17,0,3,6,7.94,1,0,1,6,0
1828.72,300,50,14,0,3,6,47.09,1,1,1,1,0
2768.76,126,74,6,0,3,6,50.32,1,1,1,20,0
678.31,316,24,10,0,1,3,22.35,1,0,1,14,0
15295.61,120,111,29,0,1,4,34.48,1,1,1,18,0
1291.37,226,54,37,0,2,5,23.19,1,0,1,6,0
1328.47,154,30,19,0,4,9,34.39,1,0,1,9,0
1278.25,122,23,2,0,4,6,37.18,1,1,1,12,1
948.71,85,7,22,0,4,6,0.38,1,1,1,10,0
871.8,117,61,15,0,1,1,30.51,0,1,1,0,0
1070.94,179,27,16,0,2,4,3.66,1,1,1,10,0
461.37,46,23,2,1,3,5,15.41,1,1,1,6,1
824.42,80,179,5,0,4,8,0.2,1,1,1,14,0
12695.0,223,19,3,0,4,6,12.5,1,1,1,16,1
3773.11,62,125,17,0,1,4,8.18,1,0,1,17,0
4563.77,168,221,8,0,4,9,26.55,1,1,1,21,0
5867.65,262,103,8,0,2,7,53.59,1,0,1,22,0
11317.83,363,1,2,0,1,1,13.96,1,1,1,18,0
307.53,37,121,6,2,2,9,10.24,1,1,1,10,1
528.54,173,14,13,0,2,4,859.12,1,1,1,19,0
809.39,452,26,34,0,3,4,13.09,1,1,1,12,0
1130.34,375,286,24,1,3,4,21.04,1,1,1,15,0
1338.67,51,31,15,0,2,5,1199.89,1,1,1,16,1
1156.35,196,63,22,0,1,6,15.62,0,1,1,10,0
2251.4,105,22,23,0,1,5,4.49,0,0,1,0,0
1873.0,107,27,6,0,3,7,21.07,1,1,1,9,0
877.58,114,54,10,0,6,10,13.49,1,1,1,10,1
205.3,259,177,0,0,2,4,12.18,1,1,1,18,0
669.9,209,19,0,0,3,5,790.87,0,1,1,23,1
1043.94,209,17,3,0,1,3,1505.4,1,1,1,2,1
1412.22,202,1,8,0,2,3,10.99,1,0,1,7,0
584.25,88,13,9,0,2,6,2.15,1,0,1,17,0
1106.76,80,18,1,0,1,4,48.21,1,0,1,20,0
583.48,68,3,8,0,2,6,2.63,1,1,1,12,0
1594.29,156,49,20,0,4,5,5.41,1,0,1,13,0
618.26,36,8,17,0,1,6,4.71,1,0,1,21,0
773.63,206,42,2,0,1,1,14.03,1,1,1,11,0
488.49,404,12,7,0,3,7,16.03,0,1,1,10,0
1550.76,215,164,9,0,4,8,24.85,1,1,1,8,0
760.18,232,22,16,0,3,5,0.22,0,0,1,13,0
4477.34,100,5,3,0,2,5,5.95,1,1,1,13,0
2713.11,123,108,14,0,2,3,0.95,1,1,1,9,0
1686.06,152,30,8,0,3,9,0.6,1,1,1,9,0
814.45,147,102,0,0,2,3,1.76,1,1,1,4,0
2645.25,206,22,20,0,1,2,4.98,1,0,1,11,0
3607.25,380,41,2,0,2,8,13.67,0,1,1,12,0
2085.34,149,35,20,0,2,6,47.51,1,1,1,10,0
8988.51,329,48,4,0,2,5,10.86,1,1,1,21,0
2863.03,165,30,9,0,3,7,6.92,1,1,1,0,0
4507.99,60,41,3,0,2,6,8.24,1,1,1,17,0
2066.4,178,68,0,2,3,7,4.69,1,0,1,6,1
3553.42,187,32,10,0,2,6,12.01,1,1,1,14,0
815.02,62,69,23,0,2,5,12.46,1,0,1,7,0
1143.22,355,75,6,0,1,7,14.79,1,1,1,13,0
2564.1,237,82,2,0,1,4,10.09,1,0,1,11,0
2545.54,294,38,12,0,1,2,0.64,1,1,1,12,0
3003.74,304,1,10,0,4,6,26.76,1,1,1,19,0
5433.79,85,84,3,0,1,5,3.14,1,1,1,17,0
434.86,304,143,15,0,2,6,2.71,1,0,1,14,0
682.35,45,63,3,1,6,8,1.11,1,1,1,20,1
2274.63,170,44,6,0,3,3,31.53,1,1,1,18,0
876.24,121,49,6,0,3,11,41.85,1,1,1,9,0
52985.22,62,61,9,0,4,8,2.44,0,1,1,13,1
3028.19,231,391,18,0,4,4,33.6,1,0,1,12,0
1671.82,252,3,19,0,2,4,63.58,1,1,1,15,0
1079.8,82,1,10,0,3,8,50.25,0,1,1,10,1
1118.61,164,199,19,0,1,4,6.74,1,0,1,7,0
1863.37,225,34,4,0,2,6,12.35,1,1,1,20,0
2022.28,24,56,3,0,1,6,18.87,1,0,1,17,0
1145.16,247,84,4,0,1,3,72.16,1,0,1,10,0
1375.88,73,81,7,0,2,6,13.19,1,1,1,5,0
6934.64,76,62,5,0,4,7,318.15,1,1,1,7,1
7219.24,244,38,8,0,1,2,1.24,1,1,1,13,0
2326.3,71,51,6,0,5,10,41.66,1,1,1,16,0
472.83,307,78,3,0,1,3,40.2,1,1,1,21,0
3097.97,139,114,1,0,3,7,20.91,1,1,1,22,0
8555.1,112,8,3,0,1,4,41.8,1,1,1,15,0
7113.72,272,19,7,0,1,4,0.98,1,1,1,12,0
3768.48,167,30,8,0,6,9,11.9,1,0,1,8,1
7498.24,181,65,6,0,1,6,28.63,1,1,1,16,0
1907.19,64,30,9,0,1,5,1.11,1,1,1,17,0
3388.37,501,16,3,0,1,5,8.89,1,1,1,13,0
915.27,420,2,4,0,2,7,13.78,1,0,1,16,0
2421.8,172,110,12,1,2,5,98.05,1,0,1,15,1
6833.1,125,32,13,0,1,7,15.97,1,0,1,18,0
1002.83,215,23,8,0,2,5,1.92,1,1,1,5,0
763.99,48,45,31,0,4,6,10.94,1,0,1,21,0
1993.18,200,7,2,0,3,6,761.41,1,1,1,12,1
1441.35,16,30,2,0,3,9,9.38,1,0,1,14,1
3460.43,133,83,15,0,5,11,0.76,1,1,1,8,0
1149.11,67,79,0,0,1,6,1.95,1,1,1,17,0
10081.32,248,88,34,0,2,9,19.62,1,1,1,8,0
497.86,107,37,18,0,2,2,6.48,1,0,1,23,0
6334.3,60,27,11,0,3,9,11.38,1,1,1,17,0
841.47,310,106,15,0,3,7,57.01,1,1,1,21,0
300.07,938,11,10,0,1,2,0.6,0,1,1,17,0
2293.59,153,77,12,0,2,8,32.58,1,1,1,12,0
1401.63,213,131,34,0,1,3,26.76,1,1,1,9,0
596.09,95,20,11,0,1,4,24.39,1,1,1,16,0
336.51,111,13,7,0,4,7,23.95,0,1,1,20,0
1792.99,382,43,1,0,2,6,25.17,1,1,1,11,0
4797.44,237,14,2,0,3,7,21.55,1,1,0,19,0
3245.27,240,122,23,0,2,2,28.23,1,0,1,18,0
1913.53,102,16,6,0,1,3,4.23,1,1,1,19,0
2918.57,81,22,32,0,1,2,0.48,1,1,1,10,0
1759.5,429,131,19,2,2,5,7.14,1,1,1,11,1
432.8,154,13,13,0,1,2,4.39,1,0,1,8,0
436.64,229,129,5,0,1,5,16.04,1,1,1,11,0
1475.62,86,14,23,0,2,3,7.15,1,1,1,20,0
1539.71,35,145,3,0,2,3,3.42,0,1,1,1,0
4234.34,132,22,11,0,1,4,7.26,1,0,1,18,0
3855.69,435,16,7,3,2,6,45.57,1,1,1,15,1
3311.42,215,38,5,0,2,4,10.79,1,1,1,14,0
1366.1,214,27,4,0,3,4,25.96,1,1,1,18,0
454.57,126,13,11,0,3,3,30.19,1,1,1,19,0
2730.04,156,24,10,0,4,7,1498.56,1,0,1,21,1
3056.94,175,74,17,0,3,7,6.72,1,1,1,20,0
165.91,195,106,7,0,3,5,4.43,1,1,1,5,0
784.98,62,103,9,0,3,6,3.46,1,1,1,2,0
905.92,343,84,5,0,2,5,2.66,1,1,1,21,0
2035.2,241,1,10,0,5,9,12.18,1,0,1,12,0
809.68,181,33,6,0,1,5,288.54,1,0,1,20,0
1740.39,278,11,22,0,2,4,12.41,1,1,1,18,0
1464.79,317,4,14,0,2,2,5.69,1,0,0,20,0
1542.02,278,79,10,0,2,3,5.66,1,1,1,14,0
883.25,288,94,15,0,6,7,10.57,1,1,1,12,0
954.34,111,101,5,0,2,6,22.07,0,1,1,18,0
613.84,160,132,4,0,3,5,73.32,1,1,1,16,0
2644.05,307,53,4,0,1,6,17.99,1,0,1,14,0
3200.63,140,376,4,0,1,3,11.62,1,0,1,19,0
836.63,267,39,3,0,1,7,1.54,1,1,1,14,0
8272.07,105,128,52,0,3,6,19.96,1,1,1,9,0
1320.02,95,7,1,0,1,5,25.08,1,1,1,8,0
8351.41,197,9,3,0,2,4,8.91,1,1,1,21,0
951.34,379,53,10,0,4,12,12.86,1,1,1,15,0
238.27,243,7,2,0,3,4,8.48,0,1,1,21,0
2703.22,185,4,7,0,1,8,16.49,1,1,1,8,0
2318.2,241,13,10,0,6,7,2.69,1,1,1,12,0
1871.31,210,92,5,0,3,8,11.71,1,0,1,13,0
951.24,96,157,12,0,2,3,7.68,0,1,1,19,0
1746.6,143,24,14,0,2,3,22.19,1,1,1,9,0
1084.35,63,220,1,0,2,6,13.0,1,1,1,11,0
1336.29,215,99,2,0,2,7,6.05,1,1,1,12,0
4194.93,318,15,3,0,2,4,11.37,1,1,1,5,0
2173.77,348,52,6,0,4,7,2.71,1,0,1,12,0
3327.42,136,240,9,0,4,7,0.58,1,1,1,14,0
1433.87,92,113,9,2,2,4,0.15,1,1,1,9,1
1284.32,224,27,7,0,3,10,66.79,1,0,1,11,0
570.5,59,21,5,0,2,6,10.4,1,1,1,15,0
1248.83,48,102,6,0,3,7,1145.9,0,1,1,11,1
65.29,254,47,5,0,2,4,2.7,1,1,0,12,0
1002.02,182,10,11,0,6,9,20.49,1,1,1,6,0
1665.91,231,23,19,0,2,3,33.81,0,0,1,17,0
3176.94,56,65,3,0,5,8,18.29,1,1,1,9,0
1382.05,465,9,22,0,3,6,8.64,1,0,1,18,0
2559.77,53,71,14,0,3,6,58.92,1,1,1,6,0
204.43,374,74,16,0,2,6,22.53,1,1,1,11,0
1708.14,379,18,13,0,4,8,3.87,1,1,1,20,0
337.14,303,30,6,0,2,4,5.41,1,1,1,8,0
540.07,242,164,5,0,2,7,12.2,1,1,1,21,0
1499.42,220,82,22,0,4,7,73.37,0,1,1,19,0
6478.63,72,93,8,0,3,3,255.06,1,1,1,9,0
2620.73,93,43,9,0,4,6,3.39,1,0,0,8,1
1841.31,128,14,2,0,5,11,1341.69,1,0,1,16,1
1773.07,179,53,10,0,2,4,38.94,1,1,1,8,0
885.69,133,88,1,0,3,5,13.86,1,1,1,9,0
1049.44,150,1,2,0,2,5,10.8,1,0,1,8,0
2772.14,72,7,12,0,1,3,10.17,1,1,1,3,1
452.43,402,38,1,0,1,2,1231.15,1,0,1,12,0
3271.66,203,34,5,0,1,5,24.4,1,1,1,20,0
1225.98,462,241,12,0,2,8,23.51,0,0,1,19,0
4128.04,58,5,3,0,2,3,1.26,1,1,1,7,0
4727.22,62,23,14,0,3,5,675.44,1,1,1,13,1
339.31,312,101,9,0,1,5,3.98,1,1,0,19,0
1010.72,126,56,11,0,5,9,670.94,1,1,1,14,1
768.52,342,49,4,0,2,6,16.94,1,1,1,9,0
295.09,287,81,4,0,4,6,13.93,1,0,1,18,0
643.85,157,2,6,0,2,5,25.98,1,0,1,17,0
20769.81,80,176,26,0,4,10,5.96,1,1,1,9,0
3325.95,84,12,4,3,5,9,3.68,1,0,1,17,1
12299.18,105,5,6,0,1,3,12.36,1,1,1,6,0
4142.68,174,24,13,0,4,10,47.7,1,1,1,13,0
861.05,244,72,4,0,3,5,3.44,0,1,1,14,0
1234.26,82,15,4,2,3,5,89.76,0,0,1,15,1
3256.59,91,3,10,0,4,7,62.94,1,1,1,18,0
2800.37,85,3,20,0,4,9,804.82,1,0,1,6,1
1015.01,619,17,19,0,2,5,13.95,1,1,0,3,0
399.42,118,8,11,0,1,7,9.08,1,0,1,16,0
48424.5,212,27,14,0,2,3,32.57,1,1,1,7,1
1570.03,299,11,2,0,3,4,9.68,1,1,1,15,0
1305.4,92,25,7,0,2,5,9.71,1,0,1,14,0
2025.02,233,35,5,0,1,7,8.79,1,1,1,9,0
1418.38,232,81,7,0,2,5,32.38,1,1,1,21,0
2044.13,82,15,2,0,3,6,15.68,1,1,1,9,1
6548.21,118,38,15,0,1,5,30.37,1,1,1,20,0
1596.31,233,101,15,0,1,4,6.26,1,1,1,17,0
565.26,148,257,4,0,4,4,6.71,1,0,1,18,0
1538.18,321,48,10,0,1,6,0.79,1,1,1,9,0
1136.37,61,33,7,0,2,8,5.14,1,1,1,13,0
7509.31,341,59,16,0,5,9,31.92,1,0,1,13,0
5832.02,156,39,14,0,2,3,57.2,1,0,1,11,0
2013.29,136,10,3,0,2,7,34.25,1,1,1,22,0
503.34,249,36,5,0,3,5,13.67,0,1,1,20,0
530.65,142,232,2,0,3,8,19.56,0,1,1,20,0
1835.59,183,61,4,0,3,5,3.21,1,1,1,18,0
2530.88,282,19,40,0,2,3,0.78,0,0,0,11,0
1243.12,208,176,45,0,3,7,13.38,1,1,1,22,0
1118.6,305,29,8,0,3,4,2.11,1,1,1,12,0
999.45,131,29,5,0,5,8,4.75,1,1,1,19,0
1766.24,211,57,11,0,1,4,9.66,1,1,1,20,0
166.87,416,50,23,0,1,6,2.39,1,1,1,12,0
601.05,49,20,23,0,1,6,7.75,1,1,1,8,0
965.79,218,37,11,0,2,6,0.51,1,0,1,8,0
6048.12,270,24,28,0,3,6,9.02,1,0,1,17,0
801.26,391,80,7,0,4,7,1.38,1,1,1,20,0
2165.63,215,7,14,0,2,4,2.89,1,1,1,8,0
2267.75,234,83,10,0,3,6,10.95,0,1,1,14,0
6620.44,108,10,0,0,2,5,12.74,1,1,1,19,0
6390.56,353,21,10,0,6,8,2.29,0,0,1,11,0
1707.01,252,24,8,0,4,6,18.31,0,1,1,18,0
1123.85,104,278,8,0,3,6,15.62,1,0,1,17,0
930.91,95,53,12,1,4,5,11.03,1,1,1,16,1
1420.75,143,90,2,0,2,5,3.65,1,1,1,11,0
1171.41,175,48,14,0,3,4,16.19,1,1,1,18,0
3145.18,162,245,5,0,1,4,1.85,1,0,1,19,0
2752.62,167,11,1,0,2,5,389.85,1,1,1,19,0
3267.57,141,55,1,0,2,4,34.3,1,1,1,8,0
6369.55,167,95,1,0,2,6,6.72,1,0,1,13,0
11647.76,311,59,5,0,2,4,44.01,1,1,1,1,0
2048.09,249,136,14,0,4,8,4.96,1,1,0,11,0
5428.75,55,55,14,0,2,3,0.1,1,1,1,7,0
1271.99,331,105,5,0,3,6,23.77,0,1,1,12,0
5913.58,214,11,13,0,3,12,4.19,1,1,1,13,0
5226.56,81,18,4,0,5,8,8.57,1,1,1,17,0
4956.31,183,35,3,0,5,9,23.08,1,1,1,11,1
1986.38,104,114,0,0,4,5,21.85,1,1,1,17,0
926.71,104,33,20,0,2,6,15.23,1,1,1,18,0
448.3,141,59,3,0,1,5,7.59,1,1,1,12,0
1737.08,329,30,4,0,3,8,21.03,1,1,1,13,0
8375.05,24,98,10,0,1,6,64.83,0,1,1,18,0
1326.31,117,13,6,0,3,5,1.62,1,1,1,17,0
3964.47,258,54,23,0,2,6,9.33,1,1,1,13,0
4204.67,558,51,13,0,2,7,5.05,1,0,1,0,0
1361.46,724,30,3,0,2,4,13.0,0,1,1,18,0
6743.57,145,73,5,0,2,6,54.05,1,1,1,16,0
98.63,71,1,6,0,3,5,1174.62,0,0,1,15,1
532.32,224,110,1,0,1,3,34.73,0,0,1,19,0
723.69,250,25,12,0,4,6,44.87,0,1,1,19,0
796.55,317,94,16,0,5,10,1.15,0,1,1,20,0
2530.73,224,21,3,0,2,2,1.77,1,1,1,19,0
2416.41,65,12,12,0,1,4,39.88,1,1,1,13,0
2681.12,27,29,17,0,1,3,13.18,1,0,1,14,0
3281.58,347,95,4,0,3,4,38.28,0,1,1,19,0
699.17,291,72,11,3,1,3,50.33,1,1,1,19,1
534.76,83,30,17,0,1,6,14.3,1,1,1,12,0
2687.37,80,166,5,0,3,5,6.23,1,1,1,13,0
962.73,481,31,6,0,4,6,17.12,1,0,1,19,0
375.98,319,25,6,0,1,3,8.67,1,1,1,18,0
4775.93,142,9,0,0,3,5,1223.17,1,0,1,19,1
7296.15,95,4,4,0,2,5,5.22,1,0,1,17,0
8579.76,139,25,13,0,1,4,6.71,1,1,1,12,0
2179.84,118,5,8,0,3,7,65.94,1,1,1,16,0
3381.02,251,37,26,0,6,7,14.33,1,1,1,23,0
7114.34,200,117,15,0,3,7,9.88,1,1,1,17,0
952.02,108,38,11,0,2,2,14.72,1,1,0,19,0
5489.97,265,39,2,0,2,4,2.19,1,1,1,0,0
2381.29,99,17,23,0,1,4,4.1,1,1,1,11,0
4508.46,111,10,13,0,3,5,20.55,0,0,1,10,0
2177.85,151,15,6,0,3,6,5.78,1,1,1,13,0
6609.46,322,50,14,0,3,6,20.48,1,1,1,18,0
2260.91,102,53,5,0,2,4,7.29,1,0,1,19,0
409.94,287,14,9,0,3,5,30.19,0,1,1,6,0
7722.76,479,30,21,0,2,8,2.25,0,0,1,19,0
700.97,122,50,10,2,3,6,29.1,1,1,1,10,1
6330.02,302,85,5,0,3,7,3.09,1,1,1,19,0
1652.03,344,23,4,0,1,1,4.37,1,1,1,11,0
5860.62,763,18,4,0,3,6,19.37,1,1,1,21,0
5623.83,231,78,9,0,1,7,8.95,1,1,1,12,0
2779.82,155,43,8,0,2,7,30.98,1,0,1,15,0
3006.51,415,116,3,0,3,3,45.4,1,1,1,8,0
2759.01,268,14,8,0,7,8,23.94,1,0,1,8,1
241.33,254,88,2,0,1,4,27.51,1,1,1,13,0
2035.16,235,10,5,0,3,6,1.87,1,0,1,13,0
592.25,493,52,5,0,2,5,29.23,1,1,1,14,0
2145.63,118,20,2,0,5,7,7.22,1,1,1,17,0
576.55,305,6,14,0,1,4,7.27,0,1,1,17,0
552.83,236,57,9,0,2,3,12.39,1,1,1,15,0
8999.59,360,42,22,0,2,5,0.72,1,1,1,12,0
5268.22,113,39,12,0,5,8,28.15,1,1,1,22,0
1800.57,70,53,6,1,2,5,15.54,1,0,1,11,1
2174.97,493,27,12,0,3,4,14.57,1,1,1,11,0
1411.04,45,66,8,0,3,7,3.23,1,0,1,9,0
3196.71,106,8,4,0,1,7,5.68,1,0,1,13,0
919.61,55,75,13,0,2,3,10.49,1,1,1,16,0
4884.1,327,52,8,0,2,3,6.59,1,1,1,10,0
1403.76,85,39,5,0,3,5,371.2,1,1,1,22,1
1188.15,218,8,11,0,3,5,20.18,1,1,1,7,0
1847.73,85,19,5,0,2,2,12.75,1,1,1,13,0
1001.1,66,20,7,0,3,8,55.8,1,1,1,21,0
2511.62,470,15,5,0,1,7,26.81,1,1,1,15,0
1056.42,267,184,2,0,5,5,32.21,1,1,1,9,0
2888.59,135,148,11,0,2,5,0.64,1,1,1,21,0
6099.77,187,47,10,0,1,5,7.34,1,0,1,13,0
880.67,68,13,7,0,2,9,661.96,0,1,1,19,1
1586.72,554,145,8,0,2,4,13.86,1,1,1,14,0
2867.89,103,83,4,0,2,5,3.73,1,1,1,11,0
1169.28,287,2,6,0,2,5,18.72,1,1,1,10,0
2876.47,57,40,10,0,1,5,2.33,1,0,1,14,0
3150.76,202,55,11,0,1,5,0.03,0,1,1,17,0
5341.5,238,4,6,0,5,7,54.68,1,1,1,21,0
986.35,171,3,12,0,1,5,21.34,1,1,1,7,0
704.31,282,37,3,0,2,8,21.28,1,0,1,9,0
1329.32,138,1,38,0,6,9,22.58,1,1,1,11,0
686.94,106,2,3,0,1,3,18.03,1,1,1,13,0
3179.56,177,10,6,0,1,2,22.26,0,0,1,7,0
565.8,71,144,7,0,1,3,2.0,0,0,1,18,0
18639.09,73,87,8,0,4,9,17.11,1,0,1,14,1
6607.28,103,35,10,0,2,6,35.0,1,1,1,19,0
1830.92,426,39,5,0,2,2,845.95,1,1,1,19,0
4304.41,161,69,3,0,2,5,12.36,1,1,1,15,0
351.85,591,38,22,0,5,7,4.89,1,1,1,10,0
22547.36,152,3,9,0,2,6,8.66,1,1,1,12,1
1002.03,107,80,5,0,2,3,26.45,1,1,1,17,0
1602.79,458,3,10,0,3,6,21.48,1,0,1,11,0
282.61,103,39,11,0,1,3,61.99,1,1,1,17,0
2940.36,148,118,13,0,1,2,5.32,1,1,1,14,0
598.04,66,7,12,1,1,1,5.52,1,1,1,2,1
2001.51,377,73,14,0,4,5,31.38,1,0,1,6,0
1049.14,166,2,21,0,3,5,1391.38,0,1,1,9,1
615.39,366,298,18,0,5,9,30.31,1,1,1,15,0
808.87,242,68,10,0,4,12,14.72,0,0,1,4,1
2266.04,163,208,14,0,4,5,5.56,1,0,1,19,0
501.95,217,66,1,0,3,9,0.12,1,1,1,10,0
855.07,402,16,15,0,3,9,1.02,1,1,1,17,0
3509.66,185,156,9,0,3,7,4.23,0,0,0,17,0
24403.45,150,59,1,0,4,7,5.96,0,0,1,20,1
2914.89,33,51,10,2,2,3,2.13,0,1,1,14,1
722.52,235,33,14,0,1,4,35.7,1,1,1,8,0
1252.49,167,20,6,0,6,8,5.55,1,1,1,11,0
1866.07,441,45,3,0,1,5,9.4,1,1,1,13,0
1274.84,65,27,7,0,1,3,15.22,1,0,1,22,0
4460.69,239,115,14,0,2,9,0.13,1,0,1,4,0
2247.27,49,1,10,0,3,8,11.0,1,0,1,10,1
4482.12,142,45,6,0,1,8,32.95,1,1,1,7,0
1320.22,421,108,11,0,1,6,11.26,1,1,1,18,0
6805.59,416,1,4,0,3,4,1.41,1,1,1,14,0
1530.75,232,19,15,1,3,5,3.32,0,1,1,17,1
684.58,234,3,7,0,1,5,9.03,1,1,1,7,0
15951.7,309,54,12,0,1,3,1.76,1,0,1,20,0
291.49,167,22,12,0,2,4,17.24,1,0,1,11,0
863.73,154,192,3,0,3,9,0.16,1,1,1,14,0
965.81,66,57,14,0,2,5,64.82,0,1,1,18,0
22210.19,187,49,10,0,3,5,6.27,1,1,1,9,1
11013.3,72,149,4,0,2,3,26.35,1,1,1,11,0
8054.03,134,15,9,0,3,8,4.37,0,1,1,11,1
1298.99,322,49,1,0,3,5,12.78,1,1,1,16,0
20459.0,222,46,11,0,1,3,11.35,1,1,1,19,0
2613.26,99,5,16,0,2,4,423.94,1,1,1,21,0
4804.28,128,161,20,0,1,10,6.68,1,1,1,11,0
2163.96,194,72,13,0,4,10,42.61,1,0,1,12,0
1720.78,257,131,21,0,2,6,26.15,1,1,1,6,0
1405.6,89,242,4,0,4,7,49.67,1,0,1,5,0
1466.1,385,39,29,0,4,6,15.85,1,1,1,22,0
3322.56,179,97,0,0,2,4,69.64,1,1,1,19,0
2610.25,88,51,16,0,2,8,10.16,1,0,1,16,0
1752.03,105,226,11,0,2,7,26.5,1,1,1,18,0
8180.63,374,17,9,0,4,8,4.25,1,1,1,8,0
93.06,261,1,7,0,1,3,35.58,1,1,1,10,0
3010.58,330,12,10,0,2,6,39.97,1,1,1,18,0
3706.11,227,8,14,0,2,6,45.04,0,1,1,20,0
5692.83,18,34,13,0,3,7,12.77,1,1,1,12,0
1694.48,91,4,2,0,3,7,1.98,0,1,1,16,0
2225.91,380,14,16,0,1,12,5.63,1,1,1,7,0
4846.19,82,6,2,0,2,6,12.49,0,1,1,19,1
8031.82,190,40,6,0,3,7,8.86,1,1,1,9,0
1338.71,64,18,5,0,1,2,9.77,1,0,1,18,0
2361.32,132,38,7,0,3,4,8.43,1,1,1,8,0
9687.33,140,5,13,0,5,6,5.52,1,1,1,21,1
216.15,79,43,21,0,4,7,17.41,0,1,1,18,0
906.86,102,8,9,2,3,6,8.33,1,0,1,14,1
7830.93,209,6,16,0,1,3,665.32,1,1,1,7,0
5391.28,123,22,19,0,3,4,30.1,1,1,1,18,0
3048.62,871,124,2,0,1,2,34.44,1,1,1,16,0
1154.48,271,93,6,0,3,5,8.18,1,1,1,21,0
748.58,286,191,9,0,2,4,6.24,1,1,1,2,0
1001.03,334,36,2,0,2,5,398.36,1,0,1,18,1
8501.59,234,22,8,0,4,5,26.51,1,1,1,9,0
964.45,108,212,7,0,3,10,1143.69,1,0,1,14,1
2001.04,284,28,2,0,3,4,1.72,1,1,1,15,0
850.9,146,1,6,0,4,7,2.36,1,0,1,19,1
4199.72,69,102,1,0,5,10,6.02,1,1,1,17,1
1054.98,248,11,24,0,2,4,10.19,1,1,1,14,0
1639.93,230,75,1,0,2,4,9.58,0,1,1,10,0
335.83,287,1,8,0,4,5,5.55,1,1,1,17,0
360.19,167,7,7,0,4,8,14.96,1,1,1,11,0
1821.97,310,39,3,0,3,6,9.12,1,1,1,8,0
480.51,84,4,4,0,3,7,7.13,1,1,1,17,0
14840.08,49,131,25,0,3,6,38.26,1,1,1,9,0
230.09,190,83,2,0,1,4,8.15,1,1,1,8,0
812.26,124,23,12,0,3,6,48.46,1,0,1,23,1
1838.49,96,54,10,0,2,6,12.09,1,1,1,13,0
1254.97,151,75,1,0,3,5,23.91,0,1,1,7,0
599.36,259,84,9,0,1,6,12.43,1,1,1,12,0
693.72,15,30,8,0,1,4,15.02,1,1,1,6,0
671.39,136,137,7,0,3,5,8.71,1,0,1,18,0
1357.33,451,170,28,0,3,5,17.48,1,1,1,4,0
12732.7,62,13,6,0,1,3,54.42,1,1,1,10,0
1954.59,117,145,17,0,2,4,392.37,1,1,1,13,0
5901.14,369,74,21,0,1,3,2.17,1,0,1,9,0
3001.83,159,131,14,0,3,9,51.72,1,1,1,8,0
5507.48,206,33,8,0,2,5,0.16,0,1,1,10,0
109.95,138,64,18,0,2,4,11.95,1,1,1,12,0
1333.47,388,16,2,0,1,5,6.72,0,1,1,16,0
6681.75,112,83,8,0,2,6,3.33,1,1,1,8,0
1020.72,186,52,4,0,1,6,6.55,1,1,1,12,0
10535.16,292,39,1,0,4,10,1.95,1,1,1,16,0
7973.59,99,70,5,0,2,4,12.82,1,0,1,16,0
1131.01,58,48,5,0,2,6,6.53,0,1,1,19,0
1093.17,27,86,0,0,1,3,40.07,1,0,1,15,0
656.15,259,117,1,2,4,6,0.98,1,0,1,9,1
963.34,77,96,4,0,3,5,6.63,0,1,1,19,0
527.11,231,22,4,0,5,9,23.71,1,1,1,18,1
2776.12,223,224,22,0,4,6,0.34,1,0,1,21,0
421.56,73,62,15,0,2,7,1006.5,1,1,1,5,1
3306.79,196,23,10,0,1,3,21.34,1,1,1,21,0
3388.28,549,2,28,0,2,2,5.85,1,0,0,18,0
343.37,267,265,9,0,3,4,7.08,1,0,1,8,0
8516.99,806,54,3,0,1,5,2.37,1,0,1,19,0
3021.8,123,15,2,0,1,4,0.7,1,1,1,19,0
3826.47,203,40,11,0,6,11,17.59,0,0,1,22,1
846.69,94,30,8,0,3,4,1.05,1,1,1,7,0
3369.03,452,181,12,0,3,3,19.87,1,1,1,11,0
5576.93,145,40,4,0,2,3,3.77,1,1,1,11,0
1638.26,72,39,14,0,2,3,65.21,1,0,1,12,0
13385.44,202,94,20,0,2,6,54.62,1,1,1,17,0
1889.49,117,29,11,0,2,7,23.08,1,1,1,10,0
5657.77,227,13,10,0,2,7,3.45,1,0,1,12,0
2423.6,163,87,5,0,4,5,0.87,1,1,1,22,0
3247.11,270,144,10,0,3,5,6.52,1,1,1,17,0
339.91,32,2,7,0,1,1,1034.92,1,0,1,12,1
2620.33,179,117,13,0,2,5,31.06,0,1,1,22,0
866.99,93,34,4,0,4,6,12.08,1,1,1,11,0
775.57,337,20,10,0,5,6,28.47,0,1,1,20,1
10343.39,427,2,4,0,4,12,0.69,1,1,1,18,0
1460.06,113,13,2,0,4,6,7.12,1,1,1,10,0
662.95,7,24,12,0,4,4,26.48,1,1,1,13,0
1262.52,230,4,1,0,3,9,6.44,0,0,1,19,1
492.53,87,12,12,0,2,3,18.28,1,0,1,21,0
7584.67,216,80,9,0,2,6,0.13,1,1,1,15,0
901.73,91,69,4,0,2,7,27.71,1,0,1,13,0
3069.59,224,88,11,0,3,4,43.48,1,1,1,19,0
7017.11,59,10,6,0,4,7,7.04,0,0,1,7,1
1096.47,245,2,4,0,3,9,0.93,1,0,1,13,0
3077.96,478,37,16,0,4,8,3.08,1,1,1,21,0
645.43,58,25,16,0,3,8,300.23,1,1,1,12,0
20863.77,236,89,11,0,3,7,16.25,1,1,1,14,0
4611.83,39,46,17,0,2,9,35.54,1,1,1,0,0
1491.29,165,160,3,0,2,5,11.21,1,0,1,7,0
834.78,159,3,13,0,1,3,26.86,1,1,1,13,0
1613.25,158,27,21,0,3,6,12.31,1,1,1,11,0
1286.93,53,31,17,0,1,5,6.23,1,0,1,21,0
12745.64,170,8,7,0,4,7,15.49,1,1,1,0,1
530.84,167,52,5,0,3,7,20.37,1,1,1,8,0
2068.96,27,2,3,0,2,9,22.11,1,0,1,14,1
1775.19,36,74,4,0,4,8,43.73,1,1,1,10,0
1607.75,195,2,5,0,2,3,52.68,1,1,1,11,0
1621.95,321,124,7,0,3,4,14.55,1,1,1,18,0
1609.9,189,4,9,0,2,3,2.23,1,0,1,11,0
4328.89,205,36,19,0,4,5,23.5,1,1,1,16,0
3324.2,103,10,7,0,1,4,2.59,1,1,1,21,0
2748.78,157,8,34,0,1,5,30.65,1,1,1,17,0
87.01,56,76,9,0,2,5,21.13,1,1,1,10,0
2440.1,239,89,9,0,2,4,33.23,1,0,1,19,0
345.28,86,80,12,0,3,6,0.53,1,1,1,19,0
3450.66,60,31,20,0,4,7,16.7,1,1,1,10,0
7899.05,170,281,24,0,4,7,743.88,1,1,1,4,0
716.06,338,24,33,0,4,7,8.26,1,1,1,19,0
1391.61,189,16,2,0,2,3,16.73,1,0,1,14,0
992.91,337,339,6,0,1,5,39.4,0,0,1,15,0
6219.42,122,227,13,0,4,7,12.12,1,1,1,19,0
1988.29,203,53,7,0,3,8,1271.27,0,1,1,18,1
10181.52,144,14,14,0,2,6,955.36,1,1,1,19,1
2734.64,258,16,5,0,5,8,2.94,1,0,1,15,1
2304.11,222,44,25,0,1,1,5.72,1,1,1,7,0
1935.67,96,89,25,0,2,3,53.73,1,0,1,3,0
4096.93,492,4,19,0,4,6,2.84,0,1,1,15,0
318.08,63,69,3,0,5,8,37.43,1,0,1,22,0
1969.12,184,6,7,0,2,4,4.0,1,0,1,10,0
1685.73,87,111,3,0,5,6,6.48,1,0,1,11,0
3734.69,167,45,25,0,1,3,4.81,1,1,1,8,0
1498.62,82,274,13,0,2,7,9.12,1,1,1,13,0
639.87,166,83,8,0,3,5,10.27,1,1,1,11,0
1821.38,197,41,2,0,1,2,9.82,1,1,1,8,0
612.26,256,9,10,0,2,6,9.45,1,1,1,11,0
263.68,41,46,3,0,4,8,1.23,1,1,1,17,0
3741.05,119,7,19,0,1,1,1.08,1,0,1,21,0
3226.2,280,141,9,0,6,9,884.97,1,0,1,17,1
2884.45,214,15,12,0,3,4,7.03,1,1,1,5,0
6653.7,645,120,31,0,3,5,16.76,1,0,1,11,0
929.8,116,21,27,0,1,5,1.02,1,1,1,10,0
432.2,15,15,0,0,2,6,4.57,1,1,1,8,0
1685.76,500,21,16,0,2,4,32.31,1,0,1,12,0
1277.29,272,73,1,0,3,7,34.33,1,1,1,18,0
778.76,371,44,7,0,3,4,15.87,0,1,1,12,0
1669.29,94,6,2,0,3,5,1032.34,1,0,1,13,1
980.83,217,8,6,0,2,6,9.27,0,1,1,1,1
288.3,194,28,7,3,2,8,45.14,1,1,1,15,1
1163.08,124,24,12,0,2,4,21.5,1,1,1,9,0
580.35,335,114,13,0,3,7,5.5,1,0,1,14,0
2279.36,162,50,5,0,4,7,55.3,1,1,1,20,0
938.2,268,12,3,0,1,2,68.77,1,0,0,17,0
5495.21,59,1,0,0,4,7,7.78,1,1,1,12,1
8989.98,198,6,8,0,4,10,729.8,1,1,1,6,1
3566.65,290,72,3,0,1,6,18.45,1,1,1,11,0
383.36,109,112,5,0,2,7,2.17,1,1,1,15,0
8145.3,156,91,6,0,2,5,12.2,1,1,1,23,0
8740.48,166,93,11,0,2,6,30.96,0,1,1,10,0
1842.34,166,18,5,0,1,2,528.95,0,1,1,18,0
6788.1,79,271,14,0,2,5,41.58,0,1,1,4,0
1041.4,294,5,13,2,1,4,15.53,1,0,1,6,1
279.71,134,103,13,0,3,5,48.07,1,1,1,18,0
845.32,251,6,13,3,2,6,310.22,1,0,1,8,1
10191.41,184,18,9,0,3,8,7.43,1,1,1,5,0
407.04,87,41,4,0,6,13,43.38,1,1,1,6,1
1807.18,211,3,8,0,1,6,11.03,1,1,1,11,0
1870.84,106,30,6,0,2,6,4.85,1,1,1,18,0
1082.5,132,25,13,0,3,9,4.26,1,1,1,5,0
1160.35,44,62,2,0,1,4,2.78,1,0,1,17,0
1943.51,290,75,8,0,1,5,0.84,0,1,1,11,0
1030.54,56,5,2,0,2,4,8.92,1,0,1,22,0
436.13,294,2,27,0,1,4,1233.27,1,0,1,11,0
2241.79,160,89,1,0,5,7,25.24,1,0,1,15,0
5288.91,187,45,3,0,1,4,501.62,1,1,1,14,0
4313.79,121,45,3,0,2,5,11.16,1,1,1,17,0
804.54,59,236,12,1,1,2,0.15,1,0,1,16,0
517.38,352,34,13,0,2,8,66.7,1,0,1,20,0
1360.78,94,13,18,0,4,5,24.25,1,1,1,8,0
8671.45,411,68,11,0,1,2,5.84,1,1,1,13,0
3448.17,480,101,11,0,2,6,1233.81,1,1,1,16,0
3655.41,243,41,21,0,2,5,7.73,0,1,1,9,0
4402.19,150,70,1,0,3,7,33.23,1,1,1,8,0
2753.88,63,43,25,0,2,5,7.19,1,1,1,21,0
2039.8,270,31,0,2,2,9,18.21,0,0,1,11,1
3506.27,355,2,30,0,3,7,8.84,1,0,1,9,0
1047.16,173,11,1,0,3,4,7.06,0,1,1,4,0
439.46,170,39,10,0,1,5,28.73,1,0,1,12,0
3725.65,227,30,8,0,8,13,6.96,1,1,1,17,1
6233.78,103,111,11,0,2,5,6.01,1,0,1,1,0
590.97,43,6,3,0,3,6,32.78,1,1,1,7,0
4113.06,204,3,9,0,4,7,7.9,0,1,1,20,0
9708.58,51,5,10,0,1,4,385.96,1,1,1,22,1
1803.99,156,68,12,0,2,5,16.68,1,0,1,8,0
797.91,109,54,5,0,4,7,301.06,0,1,1,8,1
2044.73,131,60,7,0,3,4,52.53,1,1,1,19,0
1042.59,139,10,26,0,1,5,50.95,1,1,1,20,0
975.81,232,43,10,0,3,9,462.66,1,0,1,22,1
2788.29,116,87,17,0,2,4,24.94,1,1,1,16,0
363.68,180,69,18,0,5,6,2.5,1,1,1,12,0
426.7,74,34,14,0,4,5,1340.8,1,1,1,20,1
1843.26,90,6,19,0,1,2,16.43,0,1,1,20,0
1768.15,242,122,30,0,2,5,15.67,1,0,1,7,0
2549.25,117,44,1,0,4,8,45.3,1,1,1,6,1
11792.58,79,132,11,0,3,6,11.73,1,1,1,18,0
2007.24,180,34,8,2,4,7,28.28,1,1,1,13,1
3288.45,159,16,15,0,1,4,52.76,1,1,1,0,0
681.62,383,22,8,0,4,6,665.24,1,1,1,12,0
3896.9,220,32,1,0,1,2,19.53,1,0,1,18,0
1068.07,80,57,8,0,2,2,34.88,1,1,1,18,0
1941.9,46,87,4,0,2,6,677.44,0,0,1,18,1
1621.57,159,16,8,0,3,5,2.78,1,0,1,7,0
5079.53,286,12,0,0,3,6,8.49,1,1,1,20,0
487.86,158,13,3,0,3,3,38.73,0,1,1,7,0
184.34,162,163,6,0,4,8,38.25,1,1,1,16,0
1460.55,60,10,5,0,2,6,4.67,1,1,1,16,0
2888.61,106,25,3,0,6,9,17.05,1,0,1,11,1
2105.42,35,39,4,0,3,8,51.73,1,1,1,10,0
6199.38,225,48,16,0,3,5,27.61,1,1,1,2,0
2799.99,197,117,2,2,2,4,69.63,1,1,1,12,1
1028.8,170,7,8,0,1,3,25.58,1,1,1,20,0
176.72,89,6,11,0,1,3,17.43,1,1,1,21,0
1426.08,72,22,9,0,1,4,1.56,1,1,1,20,0
5054.12,197,31,4,0,3,8,9.83,1,1,1,10,0
1221.64,193,28,6,0,2,4,42.4,1,1,1,15,0
1859.98,259,29,28,0,2,4,9.74,1,0,1,10,0
2755.52,192,114,19,0,2,4,5.82,1,0,1,8,0
655.05,245,108,17,0,4,6,0.02,1,1,1,9,0
3371.91,195,98,10,0,2,3,7.67,0,1,1,7,0
9293.98,320,84,4,0,2,3,33.33,1,1,1,19,0
1521.1,125,2,3,0,2,5,9.42,1,1,1,15,0
584.6,193,9,2,0,2,6,7.73,1,1,1,17,0
1691.55,236,79,10,0,2,6,3.63,1,1,1,11,0
195.51,167,54,0,0,1,5,3.14,1,1,1,15,0
2532.35,25,67,10,0,2,8,11.9,1,1,1,19,0
2842.03,227,75,5,0,3,6,12.37,0,1,1,6,0
9658.91,105,145,13,0,3,4,12.34,1,0,1,8,0
1489.22,83,60,18,0,2,4,17.18,1,0,1,8,0
2720.27,64,19,1,0,2,3,4.08,1,1,0,17,0
764.11,264,5,4,0,3,6,77.29,1,1,1,7,0
1265.94,174,33,35,0,5,6,26.68,0,1,1,2,0
393.4,69,74,5,0,3,11,5.78,1,1,1,12,0
1488.03,77,19,6,0,5,7,1.64,1,1,1,16,1
1332.34,161,7,0,0,4,6,10.13,1,1,1,17,0
2438.65,69,400,15,0,3,9,1365.8,1,1,1,6,0
969.13,175,32,7,0,3,6,5.61,1,1,1,18,0
1965.19,294,14,14,0,2,5,6.17,0,1,1,13,0
1295.46,328,10,12,0,5,9,57.26,1,0,1,8,0
1297.9,264,119,3,0,2,7,34.06,1,1,1,13,0
1959.34,399,102,6,0,3,3,24.67,1,1,1,17,0
1882.81,182,57,4,0,1,4,26.05,1,0,1,17,0
3870.64,519,47,7,0,2,7,951.91,0,1,1,19,1
1602.56,459,181,4,0,4,8,40.83,1,1,1,7,0
1274.25,189,15,18,0,7,10,0.48,1,1,1,19,1
1508.99,123,32,34,0,2,5,5.39,1,1,1,15,0
884.78,132,1,11,0,3,7,20.41,1,0,0,12,1
1261.54,39,32,26,0,1,4,1423.77,0,0,1,19,1
13782.55,124,29,10,0,2,6,89.09,0,1,1,20,1
725.83,54,179,12,0,2,3,12.67,1,0,1,12,0
1368.33,282,26,10,0,5,7,0.31,1,0,1,11,0
1227.23,46,108,18,0,4,4,636.5,1,1,1,19,1
1412.09,223,87,10,0,4,8,16.05,0,1,1,19,0
1298.23,122,9,10,0,1,4,15.59,1,1,1,21,0
2390.46,279,197,6,0,3,3,20.06,1,1,1,1,0
326.96,133,59,3,0,2,5,12.95,1,0,1,3,0
5100.9,230,54,8,0,6,10,989.94,1,0,1,11,1
3403.58,221,1,5,0,4,6,10.61,1,1,1,17,0
521.72,119,72,6,0,3,5,6.64,1,1,1,11,0
186.97,194,3,16,0,3,7,6.29,1,1,1,7,0
680.57,236,12,20,0,2,6,24.59,1,1,1,2,0
1418.47,280,6,42,0,5,10,19.9,1,1,1,7,0
23867.95,31,28,1,0,5,6,36.23,1,0,1,22,1
3112.73,52,95,40,0,2,4,7.69,1,1,1,11,0
296.61,247,73,6,0,3,6,5.89,1,1,1,16,0
907.18,117,6,1,0,4,9,4.23,0,1,1,16,1
1714.35,172,96,9,0,2,6,38.48,1,1,1,20,0
2330.14,35,37,4,0,2,3,2.81,0,1,1,9,0
485.53,521,1,12,0,2,4,16.0,1,1,1,11,0
1579.73,78,15,4,0,1,5,16.47,0,0,1,21,0
882.15,198,92,3,0,4,5,4.83,1,0,1,18,0
599.59,91,79,11,0,3,6,9.45,1,1,1,18,0
2343.96,333,12,2,0,3,7,12.09,0,0,1,0,0
3920.12,282,2,20,0,1,5,34.01,1,1,1,22,0
4192.45,304,20,5,0,5,8,12.57,1,0,0,20,1
3211.16,224,95,4,0,2,5,24.0,1,1,1,9,0
1099.52,263,167,11,0,1,6,11.43,1,1,1,10,0
3694.31,114,51,5,0,1,5,8.14,1,1,1,6,0
2462.8,353,5,11,0,3,8,25.46,0,0,1,20,0
2067.18,149,41,11,0,3,4,26.67,1,0,1,6,0
980.74,80,403,22,0,2,6,38.16,0,0,1,16,0
1100.06,149,167,20,0,1,6,25.09,1,1,1,0,0
1946.69,129,299,14,0,3,6,29.26,0,1,1,16,0
20741.14,158,72,14,0,2,8,9.79,1,0,1,20,1
2443.64,79,33,12,0,3,4,1.93,1,1,1,15,0
981.23,272,134,11,0,3,8,3.95,1,0,1,13,0
786.51,94,135,19,0,5,9,12.53,1,0,1,17,0
1105.7,193,9,16,0,2,4,76.24,1,1,1,11,0
15951.27,219,89,19,0,4,8,5.07,1,1,1,10,0
1212.87,213,151,5,0,3,6,7.9,1,0,1,9,0
4477.73,224,137,9,0,2,4,38.22,0,0,1,8,0
1241.5,78,73,20,0,3,10,24.76,0,1,1,15,0
2347.68,246,46,9,0,2,6,11.89,1,1,1,20,0
3990.79,66,89,48,0,2,6,3.63,1,0,1,8,0
1020.55,48,43,4,0,4,9,71.71,1,1,1,0,0
952.31,167,23,29,0,2,4,761.57,1,1,1,13,0
9498.32,122,17,10,0,4,6,5.07,1,1,1,11,0
4839.63,236,46,4,0,2,3,25.84,1,1,1,23,0
3986.51,350,36,8,0,1,3,58.95,1,1,1,11,0
3973.0,246,44,29,0,1,3,7.94,1,1,0,19,0
2862.86,83,18,10,0,1,7,18.34,1,0,1,0,0
13599.33,91,53,21,0,3,8,42.78,1,1,1,1,0
1889.2,87,65,4,0,1,5,32.24,1,0,1,21,0
3220.4,253,98,1,0,3,8,21.09,0,1,1,14,0
423.73,155,53,18,0,3,3,15.16,1,1,1,20,0
792.38,204,84,13,0,3,7,48.7,1,1,1,9,0
544.13,68,11,3,0,2,4,58.71,1,1,1,16,0
6464.39,203,7,14,0,2,8,5.86,1,0,1,12,0
140.82,122,11,6,0,1,6,42.57,1,1,1,7,0
1209.17,419,112,11,0,4,9,7.0,1,1,1,17,0
90.59,68,48,16,0,1,8,77.46,1,0,1,21,0
787.38,57,36,14,0,1,6,49.54,1,1,1,6,0
1106.6,140,86,1,0,3,6,6.47,0,1,1,23,0
7221.88,133,7,26,0,3,4,965.03,1,0,1,12,1
2688.2,340,1,28,0,2,5,16.85,0,1,1,0,0
785.92,114,22,13,1,2,5,24.62,1,0,1,10,1
5249.9,507,17,5,0,1,4,16.27,1,0,1,10,0
1840.57,151,22,22,0,2,5,17.2,1,1,0,10,0
1877.26,87,217,16,0,1,3,31.89,1,1,1,10,0
543.12,120,50,6,0,2,6,11.95,1,1,1,19,0
671.82,239,53,7,2,2,6,46.03,0,0,1,14,1
792.27,218,63,6,0,4,6,14.54,1,1,1,13,0
1894.03,393,30,4,0,4,8,26.57,1,0,1,9,0
1954.49,53,231,3,0,1,2,0.09,0,1,1,8,0
8468.36,122,217,2,0,2,7,5.08,1,1,1,13,0
2657.27,656,87,11,0,3,5,65.02,1,1,1,15,0
120.59,98,14,2,0,2,8,4.43,0,1,1,8,0
2351.11,313,127,21,0,2,4,1.35,1,1,1,14,0
424.11,22,6,11,0,3,5,4.44,1,1,1,9,0
688.17,96,59,3,0,5,7,0.21,1,1,1,14,0
802.58,216,36,18,0,2,8,1.84,1,0,1,8,0
931.37,220,2,10,0,3,6,2.98,1,1,1,12,0
457.08,197,140,18,3,1,2,21.19,1,1,1,10,1
2216.05,212,194,15,0,2,5,49.44,1,0,1,18,0
441.07,309,142,16,0,2,7,1368.11,1,1,1,4,1
2582.9,155,12,14,0,1,5,0.08,1,0,1,15,0
16932.18,385,24,5,0,1,4,5.26,1,1,1,10,0
478.49,168,187,1,0,4,8,25.25,1,1,1,18,0
1360.34,156,6,2,0,3,6,9.47,1,0,1,13,0
144.97,39,52,8,0,2,4,1045.49,1,1,1,9,1
1338.18,342,39,7,0,4,9,25.92,1,0,1,17,0
3438.25,50,9,13,2,2,6,18.36,1,0,1,23,1
3716.88,289,130,6,0,3,6,6.44,0,1,1,12,0
1953.47,243,8,0,0,5,6,0.04,1,1,0,21,1
4399.58,377,53,29,0,3,9,58.97,1,0,1,12,0
23064.61,37,22,2,0,2,5,30.76,1,1,1,11,0
10019.66,432,32,9,0,1,5,273.45,1,0,1,9,0
1072.21,120,14,3,0,1,4,12.58,1,1,1,14,0
423.65,102,58,39,0,3,9,56.33,1,0,1,10,0
1204.53,69,268,17,0,3,5,3.74,1,1,1,15,0
701.36,143,107,11,0,2,7,38.14,1,0,1,21,0
2839.4,193,68,6,0,1,4,1.45,1,1,1,21,0
554.91,223,84,12,0,2,6,43.98,1,1,1,11,0
1681.06,111,109,11,0,3,7,16.07,1,1,1,23,0
4179.78,99,38,10,0,2,7,5.32,1,1,1,11,0
1634.85,453,50,2,0,4,7,26.85,1,0,0,21,0
701.83,196,135,12,0,2,5,4.23,1,1,1,7,0
5853.61,227,71,14,0,6,13,20.63,1,1,1,18,0
276.17,288,8,20,0,1,4,28.14,1,1,1,9,0
1302.71,211,90,12,0,2,5,9.43,1,1,1,3,0
1734.27,107,1,12,0,3,7,31.32,1,0,1,16,1
1837.04,69,112,6,0,1,2,26.84,1,1,1,1,0
2165.69,251,93,19,0,2,4,28.75,1,1,1,15,0
3329.04,233,106,19,0,5,9,1155.47,1,1,1,15,1
1745.14,219,1,2,0,4,9,36.83,1,0,1,10,0
1251.3,170,215,1,0,2,7,30.07,1,1,1,12,0
1202.8,164,57,19,0,1,4,840.95,1,0,1,14,0
980.91,74,96,3,0,3,4,20.38,1,1,1,17,0
3974.06,33,50,10,0,1,8,8.13,1,0,1,13,0
947.16,300,24,5,0,1,2,40.21,1,1,1,23,0
4216.54,410,21,13,0,3,9,614.54,1,1,1,11,0
1842.72,239,4,11,0,2,6,7.3,1,1,1,5,0
1073.57,63,46,7,0,1,5,47.06,1,1,1,10,0
3355.67,167,9,9,0,3,6,44.27,0,1,1,8,1
873.53,91,50,1,0,3,5,1.12,1,1,1,20,0
3422.7,133,58,3,0,1,4,5.49,1,0,1,21,0
2236.63,75,35,19,0,1,3,3.28,1,1,1,13,0
995.93,181,10,0,0,3,4,4.16,1,1,1,8,0
3067.55,279,34,18,0,5,8,17.44,0,1,1,14,0
3123.13,217,126,5,0,3,7,39.21,1,1,1,0,0
5753.25,123,36,1,0,6,7,7.42,0,1,1,8,1
4751.17,192,25,8,0,2,5,65.18,0,0,1,17,1
2955.06,45,59,8,0,2,3,795.35,1,0,1,18,1
585.47,272,57,0,0,1,3,33.65,0,1,1,7,0
20922.64,243,5,22,0,2,5,35.21,1,1,1,19,0
444.25,213,16,14,0,2,6,586.84,1,0,1,15,0
4671.63,346,40,11,0,2,8,83.99,0,1,1,15,0
2783.0,208,27,8,0,2,5,12.11,1,0,1,12,0
558.84,130,23,10,0,2,4,7.5,0,0,1,14,0
1596.71,126,35,14,0,1,3,16.11,1,1,1,17,0
1671.12,134,20,15,3,4,5,2.62,1,1,1,9,1
6671.38,214,25,8,0,5,12,13.76,1,1,1,18,0
885.98,86,89,4,0,1,3,8.93,1,0,1,11,0
1391.39,99,42,2,0,1,2,83.86,0,0,1,14,0
174.85,69,123,6,0,6,10,40.67,1,0,1,23,0
10247.23,84,178,13,0,1,3,13.72,1,1,1,11,0
619.88,153,153,17,0,2,4,0.82,1,1,1,22,0
2507.17,446,17,39,0,2,3,50.34,1,0,1,0,0
1633.68,67,38,25,0,2,3,2.41,1,1,1,8,0
1639.26,333,45,1,0,1,8,2.18,1,0,1,19,0
4063.75,104,114,11,0,2,4,14.25,1,1,1,3,0
9616.76,312,49,7,0,4,7,10.09,1,1,1,22,0
2325.04,133,17,3,0,6,8,31.8,1,0,1,4,1
3481.01,202,47,5,0,5,8,1043.01,1,1,1,18,1
2512.14,207,2,4,0,2,7,0.64,1,1,1,18,0
5001.69,146,107,26,0,4,9,6.48,1,1,1,21,0
1138.06,143,50,6,0,1,3,16.66,1,0,1,8,0
5299.62,400,63,6,0,1,6,11.51,1,1,1,11,0
5488.99,178,13,4,0,1,4,903.37,1,1,1,8,0
5337.63,133,49,12,0,2,6,1.94,0,1,1,17,0
934.35,553,45,3,0,2,6,11.44,0,0,1,20,0
1527.92,581,57,9,0,3,4,11.08,1,1,0,19,0
2297.25,735,112,18,0,3,7,407.43,0,0,1,18,0
459.05,55,86,3,0,2,4,5.58,0,0,1,23,1
8909.92,22,47,20,0,2,4,35.37,1,0,1,11,0
1785.98,202,134,19,0,1,4,1540.07,1,0,1,10,0
2401.69,415,26,5,0,1,3,28.03,1,1,1,11,0
1015.36,167,40,1,0,2,4,29.53,1,0,1,11,0
479.68,374,62,8,0,2,5,19.73,1,1,1,15,0
988.28,391,34,8,0,2,5,35.01,1,1,1,18,0
2251.17,103,26,10,0,2,6,63.55,1,1,1,12,0
3545.48,148,7,15,0,4,8,6.34,1,0,1,17,1
2125.56,39,60,14,3,2,5,808.89,1,1,1,10,1
2557.34,70,12,5,0,2,5,10.66,1,0,1,20,0
1290.74,86,8,20,0,1,3,1.32,1,0,1,10,0
2969.8,54,12,29,2,1,5,313.55,1,1,1,14,1
7965.16,198,69,10,0,2,4,0.87,1,1,1,19,0
3658.43,52,8,13,0,2,4,28.67,1,1,1,7,0
4062.45,325,224,0,0,3,6,2.74,1,1,1,16,0
2426.04,415,85,10,0,4,4,25.81,1,0,1,13,0
402.16,377,29,9,0,2,9,8.68,1,1,1,18,0
636.09,254,53,12,0,5,7,19.1,1,1,1,16,0
2849.43,9,1,29,0,1,3,18.54,1,1,1,11,0
1788.37,295,111,14,0,3,5,18.52,1,1,1,16,0
2806.92,315,18,29,0,1,6,5.34,1,1,1,18,0
9666.52,83,4,2,0,1,3,87.53,1,1,1,7,0
3736.99,267,85,18,0,1,8,27.03,1,0,1,9,0
6367.02,216,23,23,0,1,2,7.79,1,1,1,17,0
1987.6,132,50,8,0,3,6,64.95,1,1,1,20,0
806.56,216,111,15,0,2,4,7.62,1,0,1,18,0
1706.39,373,89,10,0,3,6,21.58,1,1,1,17,0
808.55,105,24,12,0,1,4,1376.8,1,0,1,10,1
8589.49,104,121,5,0,2,4,21.58,1,0,1,14,0
3985.39,213,29,27,0,1,5,2.13,0,1,1,13,0
3042.74,131,41,9,0,2,7,23.26,1,1,1,17,0
6222.6,71,56,1,0,3,3,14.91,0,1,1,10,0
239.83,319,4,5,0,4,9,4.75,1,1,1,11,0
3255.62,220,54,5,0,3,3,1.78,0,1,1,11,0
487.53,29,51,9,0,3,9,5.83,1,1,1,9,0
1794.97,280,124,11,0,5,8,2.3,0,1,1,10,0
1323.84,262,26,9,0,5,8,28.94,1,1,1,20,0
3504.27,201,16,7,0,3,5,2.48,1,0,1,7,1
2271.48,143,38,7,0,3,6,873.08,1,1,1,16,1
6940.42,135,69,2,0,4,6,2.25,1,1,1,7,0
990.39,255,49,5,0,7,12,15.8,1,1,1,22,1
3674.29,58,8,19,0,2,8,790.62,0,1,1,9,1
2126.48,227,25,14,0,6,7,44.99,1,1,1,16,0
352.38,260,3,11,0,3,8,0.21,0,0,1,15,0
721.54,311,80,6,0,1,5,0.71,1,1,1,21,0
1556.39,102,128,18,0,4,4,30.44,0,0,1,15,0
5498.84,118,2,19,0,3,12,5.75,1,1,1,16,0
2874.76,251,44,1,0,1,4,28.38,1,1,1,8,0
562.56,100,50,22,0,1,3,679.39,1,1,0,10,0
1571.34,59,34,10,0,2,4,1.72,1,1,1,0,0
13599.75,152,41,19,0,4,8,29.85,1,1,1,23,0
2020.75,483,74,5,0,4,7,2.66,1,0,1,8,0
1303.33,181,39,3,0,3,5,0.59,1,1,1,12,0
2956.44,35,151,9,0,3,8,30.88,1,1,1,0,0
3879.23,197,46,2,0,1,2,19.88,0,0,1,12,0
1145.77,144,4,2,0,3,5,16.98,1,0,1,16,1
2988.64,76,183,6,0,2,4,1512.03,1,1,1,22,0
1301.29,119,9,8,0,3,7,1466.58,1,1,1,20,1
3712.01,414,92,8,0,4,5,4.63,1,1,1,18,0
2142.42,81,44,6,0,2,6,12.49,1,1,1,18,0
2927.69,445,81,17,0,3,6,348.47,1,0,1,12,0
846.25,172,43,5,0,3,4,0.33,1,0,1,11,0
795.3,133,3,23,0,1,9,88.06,1,0,1,18,0
4654.07,140,28,27,0,5,11,5.91,1,0,1,23,0
1670.04,146,58,3,0,2,2,83.88,1,0,1,12,0
2404.35,433,59,0,0,4,5,16.45,1,0,1,17,0
1330.89,27,216,7,0,2,8,5.18,1,0,1,20,0
4441.41,133,55,10,0,2,6,70.59,1,0,1,23,0
984.56,145,20,18,0,4,4,5.05,1,1,1,15,0
1578.77,258,2,13,0,3,9,38.32,1,0,1,20,0
3967.9,166,93,14,0,2,3,34.35,1,1,1,12,0
5842.81,177,132,5,0,2,2,7.52,1,0,1,23,0
1070.89,459,57,6,0,3,4,48.25,1,0,1,22,0
12831.83,180,39,47,0,6,11,4.77,1,0,1,12,0
2473.13,126,118,11,0,1,3,81.25,1,1,1,15,0
637.19,176,16,9,0,3,10,9.45,1,1,1,2,1
2615.09,184,30,28,0,3,6,5.91,1,1,1,8,0
1232.75,58,42,13,0,1,4,24.97,1,1,1,8,0
2790.76,337,3,9,0,2,5,2.74,1,1,1,19,0
1732.19,224,69,8,0,2,4,11.42,1,0,1,8,0
1947.45,86,12,12,0,2,3,19.22,1,0,1,11,0
726.62,219,24,7,0,3,9,1.02,1,1,1,11,0
4866.16,49,32,7,0,1,5,2.69,1,1,1,17,0
569.0,238,61,3,0,1,5,774.94,1,0,1,11,0
596.59,270,4,11,0,2,8,32.6,1,1,1,3,0
2610.67,534,25,5,0,5,11,14.1,1,1,1,21,0
8980.8,85,19,5,0,2,5,6.45,1,1,1,21,0
1270.81,179,1,11,0,1,3,742.37,1,1,1,9,0
3644.49,159,70,1,0,1,3,57.83,1,0,1,17,0
5288.77,110,16,18,0,2,6,7.2,1,0,1,7,0
4083.4,89,10,14,0,1,2,5.71,1,1,1,15,0
1324.5,154,95,18,0,2,5,6.57,1,0,1,17,0
607.26,186,2,6,0,1,3,71.79,1,0,1,9,0
198.83,120,138,4,0,1,3,948.69,1,1,1,11,0
1390.14,217,69,16,0,1,4,22.94,1,1,1,17,0
5872.8,169,11,21,0,1,1,45.66,0,1,1,10,0
587.48,83,25,9,0,2,4,35.39,1,1,1,18,0
3641.71,289,179,19,0,1,4,7.37,0,0,1,12,0
699.14,275,57,14,0,1,6,1255.48,1,1,1,8,1
2010.37,154,56,14,0,2,3,1157.7,1,1,1,8,1
3669.43,20,63,12,0,1,5,13.46,1,1,1,18,0
934.96,48,37,12,0,4,6,9.91,1,1,1,14,0
2144.12,346,10,27,0,2,4,10.1,0,1,1,18,0
1193.81,468,9,39,0,3,5,39.3,0,1,1,20,0
3659.74,325,69,16,0,3,4,31.78,1,1,1,13,0
2287.73,98,129,0,0,1,4,43.01,1,1,1,13,0
1913.15,279,21,11,0,4,7,458.04,1,1,1,16,0
8589.97,260,41,4,0,1,6,1.96,1,1,1,7,0
3506.26,263,291,5,0,3,8,0.54,1,1,1,15,0
906.55,163,17,14,0,1,2,37.0,1,0,1,6,0
1659.28,183,29,3,0,4,7,7.96,1,1,1,20,0
1675.89,52,27,11,0,2,9,0.65,1,1,1,10,0
1959.25,635,1,8,0,3,5,6.63,1,1,1,21,0
22572.99,49,42,9,0,1,4,14.43,1,0,1,7,0
2619.8,119,14,2,0,2,4,24.84,1,1,1,5,0
236.06,574,8,2,0,5,6,8.12,1,1,1,4,0
1050.69,139,74,9,0,2,4,1.54,1,1,1,12,0
261.81,153,87,12,0,5,9,17.5,1,1,1,15,0
1300.11,170,131,2,0,1,2,3.59,0,0,1,10,0
247.82,187,163,12,0,1,4,3.58,1,0,1,8,0
756.28,75,121,2,0,1,2,14.44,1,1,1,18,0
395.16,254,7,7,0,3,6,13.85,1,1,1,16,0
2654.89,245,15,7,0,2,3,5.9,1,1,1,10,0
1809.02,158,7,5,0,1,4,8.61,1,1,1,13,0
2447.84,231,26,23,0,5,10,401.98,1,1,1,16,1
1628.56,92,7,11,0,2,3,13.61,1,1,1,17,0
448.41,415,63,9,0,4,8,14.74,1,1,1,23,0
3021.54,750,75,17,0,2,7,28.86,1,1,1,6,0
12360.05,124,10,16,0,4,7,11.36,1,1,1,10,0
2722.25,178,58,1,0,3,6,32.53,1,1,1,13,1
1180.95,75,1,13,0,3,5,9.48,1,1,1,9,0
433.52,264,34,19,0,2,8,26.56,0,1,1,10,0
729.19,125,20,1,0,3,5,21.61,1,0,1,11,0
2844.21,125,389,7,0,2,4,2.61,1,1,1,18,0
5287.59,256,153,2,0,1,6,6.09,1,1,1,12,0
2346.94,199,9,7,0,6,11,29.04,1,1,1,5,0
4023.42,95,149,5,0,3,9,1242.47,1,1,1,18,1
3669.01,27,32,18,0,2,4,13.18,1,0,1,23,0
3000.5,130,51,23,0,2,6,15.14,1,1,1,8,0
935.92,49,45,8,0,2,4,9.23,0,1,0,19,0
2151.51,291,77,0,0,5,8,4.58,1,0,1,16,0
774.04,150,24,2,1,1,2,16.3,1,1,1,20,0
1839.83,118,4,15,0,1,4,64.5,1,1,1,7,0
2517.1,96,32,7,0,4,7,440.75,0,1,1,19,1
9689.36,203,47,1,0,1,2,40.52,1,1,1,10,0
487.98,141,48,7,1,3,3,44.11,1,1,1,13,1
2926.34,289,94,18,0,4,8,29.12,0,0,1,18,0
7952.46,149,2,21,0,1,5,77.72,1,0,1,1,1
3861.64,283,265,21,0,3,6,354.98,1,0,1,12,0
4158.65,119,279,6,0,3,4,14.79,1,1,1,14,0
3254.18,199,6,7,0,3,3,4.91,1,1,1,22,0
6623.2,63,25,4,0,1,1,1.35,1,1,1,15,0
609.43,158,53,9,0,1,2,48.46,0,0,1,7,0
452.18,428,28,8,2,2,5,5.72,1,1,1,1,1
1796.63,67,40,17,0,3,3,22.88,1,1,1,18,0
208.27,240,23,12,0,3,6,24.98,1,0,1,16,0
6189.72,433,74,2,0,3,5,27.76,1,1,1,18,0
6128.56,104,27,14,0,6,10,32.23,1,1,1,17,1
1172.21,134,33,9,0,3,7,14.91,0,1,1,10,0
1247.91,100,51,20,0,1,6,13.72,1,1,1,1,0
1681.85,279,208,3,0,4,4,1011.23,1,1,1,2,1
1904.59,293,61,3,0,2,6,6.56,1,1,1,12,0
2053.24,367,6,9,0,1,4,33.42,0,1,1,21,0
3159.7,456,23,14,0,2,8,440.38,1,1,1,7,0
1521.38,59,32,10,0,1,4,50.75,0,0,1,14,0
4643.36,289,80,8,0,3,10,2.65,1,1,1,12,0
2824.11,383,35,17,0,3,4,20.48,1,1,1,23,0
985.39,346,64,9,0,5,9,24.19,0,1,1,11,0
6871.33,91,109,13,0,4,7,9.11,1,1,1,8,0
464.86,281,6,29,0,3,5,7.74,1,1,1,12,0
1648.85,284,87,31,0,2,3,34.79,1,1,1,11,0
4754.84,135,82,11,0,2,3,9.86,1,1,1,11,0
877.37,201,102,4,0,4,4,12.32,1,0,1,17,0
2464.04,24,187,14,0,5,7,21.99,0,0,1,17,0
3112.99,236,22,4,0,5,9,16.53,0,1,1,19,0
764.69,159,33,6,0,1,3,64.06,1,1,1,21,0
1681.64,182,18,16,0,4,8,48.24,1,1,1,11,0
1546.11,165,23,14,0,2,4,38.27,1,0,1,16,0
1041.34,154,24,21,0,2,6,598.2,1,1,1,17,0
18063.97,66,122,2,0,1,4,18.45,0,1,1,16,0
842.94,116,3,24,0,3,8,357.94,0,1,1,14,0
4939.06,233,13,8,0,2,7,21.38,1,0,1,18,0
1220.72,359,56,17,0,2,4,10.17,1,1,1,16,0
609.94,91,86,12,0,2,6,7.87,1,1,1,17,0
2003.83,211,71,30,0,2,4,1072.66,1,0,1,15,0
3460.24,175,2,16,0,3,6,16.56,1,1,1,7,0
4539.22,344,36,3,0,2,3,18.75,1,0,1,17,0
8623.66,159,12,5,0,2,6,44.58,1,1,1,19,0
34380.55,423,266,8,0,2,5,398.89,1,0,1,8,0
2322.77,147,408,15,0,2,6,4.61,0,1,1,22,0
931.6,142,3,1,0,3,7,6.22,1,1,1,7,1
2843.74,100,66,12,1,2,4,30.33,1,0,1,7,1
1385.46,268,100,3,0,3,6,6.86,0,0,1,17,0
4564.05,397,23,9,0,1,4,4.29,1,1,1,9,0
494.15,125,70,7,0,2,5,5.56,1,1,1,17,0
19309.15,145,12,6,0,4,7,14.82,1,1,1,11,1
4255.84,98,8,10,2,3,4,16.38,1,1,1,11,1
335.63,52,155,12,0,2,5,46.07,0,1,1,16,0
889.78,106,61,2,0,1,4,26.55,0,0,1,20,0
4089.1,138,101,13,0,2,5,6.77,1,1,1,16,0
5862.57,334,45,8,0,3,4,1350.21,1,0,1,9,1
506.62,101,10,6,0,2,4,61.25,1,0,1,8,0
3688.69,144,28,15,2,2,4,65.59,1,1,1,11,1
257.92,189,128,13,0,1,5,13.54,0,0,1,13,0
1653.52,77,1,1,0,1,3,26.83,1,0,1,20,0
5497.49,252,13,8,0,2,3,23.64,0,1,1,19,0
1041.57,141,17,4,0,3,6,14.73,1,0,1,23,1
400.65,119,18,5,0,2,4,5.53,1,1,1,8,0
2092.71,382,6,1,0,3,7,10.48,1,1,1,7,0
987.6,409,113,8,0,2,6,16.92,1,1,1,11,0
3393.3,88,10,0,0,1,2,37.57,1,1,1,18,0
745.96,282,106,3,0,2,7,15.31,1,1,1,17,0
834.94,490,26,2,0,4,8,24.82,1,0,1,10,0
239.61,154,36,7,0,3,11,1.27,1,0,1,12,0
2142.96,206,37,8,0,4,6,3.12,1,1,1,8,0
1539.32,175,74,18,0,2,5,46.35,1,1,1,15,0
550.93,287,78,16,0,2,4,11.96,1,0,1,17,0
2194.7,105,61,9,0,2,2,1.77,1,1,0,19,0
5049.63,104,89,5,0,3,6,37.57,1,0,1,1,1
1457.43,110,1,3,0,1,4,38.62,1,1,1,2,1
2364.13,88,42,8,0,3,3,7.42,1,1,1,20,0
2376.33,88,44,1,0,1,2,15.82,1,1,1,13,0
542.22,158,16,7,0,3,3,3.34,1,1,1,16,0
14137.5,132,48,11,0,1,3,21.59,1,1,1,7,0
1129.07,218,37,8,0,5,7,16.72,1,1,1,9,0
3484.63,107,38,7,0,4,7,7.6,1,0,1,16,0
3901.89,213,7,2,0,4,6,12.1,1,1,1,11,0
1572.47,171,34,7,0,3,5,17.96,1,1,1,14,0
3316.93,488,87,17,0,2,7,11.73,0,1,1,8,0
2311.89,165,31,33,0,4,8,35.81,1,1,1,8,0
438.06,226,40,28,0,6,8,5.37,1,0,1,9,0
1296.89,80,205,23,0,4,4,31.87,1,1,1,20,0
979.9,91,123,16,0,4,7,6.19,0,1,1,19,0
1139.4,437,158,21,0,4,6,273.7,1,0,1,16,0
490.78,249,4,9,0,4,7,33.98,1,1,1,16,0
5577.15,227,57,12,0,3,5,3.6,1,1,1,9,0
8973.16,164,15,4,0,5,10,663.12,1,1,1,21,1
4807.84,181,31,6,0,1,6,28.98,1,1,1,18,0
6441.58,156,68,11,0,1,5,2.9,1,1,1,16,0
1280.96,247,51,6,0,1,2,13.75,1,0,1,19,0
956.94,174,42,3,0,2,6,958.7,1,0,1,19,1
829.99,279,101,4,0,3,7,0.68,1,1,1,19,0
3442.88,95,68,9,0,3,6,11.58,1,1,1,16,0
2268.93,168,103,9,0,2,3,23.2,1,0,1,23,0
1673.68,70,161,7,0,1,3,32.37,1,1,1,16,0
6602.14,329,74,3,0,3,6,5.35,1,1,1,15,0
2710.64,236,30,42,0,3,5,1417.9,1,1,1,19,0
781.6,54,14,4,0,2,5,597.3,1,1,1,9,1
915.15,224,18,14,0,4,5,30.23,0,1,1,15,0
3575.98,156,30,5,0,2,7,30.44,1,1,1,20,0
5124.22,335,80,0,3,1,7,7.68,1,0,1,17,1
3139.06,313,2,11,0,3,6,47.38,1,0,1,14,0
12050.83,389,101,0,0,3,6,11.25,1,1,1,21,0
9274.34,284,85,18,0,1,3,66.66,1,1,1,18,0
2810.27,163,41,9,0,2,6,44.02,0,1,1,21,0
781.66,204,30,5,0,3,5,505.44,1,0,1,15,0
487.85,119,7,5,0,2,3,63.15,1,1,1,19,0
1227.36,143,20,2,0,1,2,3.71,1,1,1,11,0
3839.95,260,6,12,0,2,3,21.97,1,0,1,21,0
11233.4,66,102,9,0,2,7,54.87,1,1,1,8,0
2744.75,224,42,4,0,3,5,12.0,1,1,1,13,0
5818.06,246,17,7,0,4,7,21.22,1,0,1,12,0
1414.73,269,1,2,0,2,5,26.08,1,1,1,21,0
3370.34,113,44,2,0,4,8,3.82,1,0,1,14,1
4118.96,427,83,9,0,1,2,21.38,1,1,1,5,0
249.74,245,87,10,0,3,5,11.1,1,0,1,9,0
1195.79,320,14,19,0,1,2,17.98,1,1,1,12,0
4673.67,66,318,7,0,3,8,15.05,1,1,1,19,0
2379.08,48,50,9,0,2,4,8.4,1,1,1,20,0
546.47,65,24,11,0,4,8,3.17,1,1,1,19,0
159.15,183,29,8,0,1,2,1.19,1,0,1,9,0
1254.16,275,7,1,0,2,5,13.65,0,0,1,18,0
1683.14,139,40,4,0,3,8,8.39,1,1,1,9,1
747.01,144,83,6,0,3,3,540.33,1,1,1,12,1
2086.17,32,31,9,2,2,6,6.26,1,1,1,6,1
3000.06,144,120,0,0,2,5,4.34,0,0,1,20,0
3535.77,140,38,11,0,3,4,22.09,0,1,1,8,0
171.41,94,138,1,0,3,8,793.84,1,1,1,15,0
485.76,121,72,36,0,2,6,19.96,1,1,1,20,0
1333.25,388,3,5,0,3,5,7.09,1,1,1,14,0
3204.06,194,4,15,0,4,10,32.1,1,0,1,4,1
2949.04,176,96,17,0,2,4,11.58,0,0,1,18,0
2898.27,118,26,12,0,4,6,13.19,1,0,1,19,0
1232.23,217,12,35,0,1,5,10.22,1,1,1,18,0
1302.92,613,120,14,0,3,7,2.41,1,0,1,23,0
872.77,263,245,6,0,2,4,31.74,1,1,1,13,0
3897.9,138,99,9,0,4,7,28.09,1,0,1,12,0
720.19,152,77,2,0,2,4,18.08,1,1,1,19,0
4230.33,303,1,10,0,2,5,12.24,1,1,1,6,0
2225.76,559,6,10,0,2,4,4.33,1,1,1,20,0
1728.41,62,66,5,0,3,5,5.21,1,0,1,13,0
937.57,165,31,9,0,1,1,34.79,1,1,1,11,0
466.13,151,1,8,0,3,5,1438.84,1,0,1,17,1
946.1,302,81,21,0,3,6,2.83,1,1,1,13,0
1299.84,170,32,14,0,4,9,33.36,1,0,1,9,0
169.18,325,64,10,0,3,5,1204.42,0,1,1,17,1
1484.22,49,37,3,0,3,5,11.02,1,0,1,8,1
4556.72,235,1,4,0,1,6,7.41,1,0,1,17,0
3188.22,302,60,7,0,3,7,56.3,1,1,1,14,0
1100.8,43,93,27,0,3,8,13.01,1,1,1,17,0
1894.93,231,10,6,0,2,3,16.75,1,1,1,13,0
1036.74,73,133,1,0,2,6,32.46,1,1,1,20,0
2098.04,153,12,17,0,5,10,5.34,0,1,1,23,0
8434.69,143,32,13,0,4,6,0.72,1,1,1,16,0
4762.36,76,44,5,0,4,6,101.25,1,1,1,20,0
3043.59,184,22,19,0,2,6,8.42,1,0,1,17,0
1104.46,142,41,13,0,2,4,14.96,0,1,1,11,0
3827.39,120,76,7,0,2,5,1044.61,1,1,1,19,0
334.66,466,75,8,0,2,6,7.99,1,1,1,8,0
1404.79,304,153,1,0,2,5,8.15,1,1,1,21,0
3241.24,218,118,21,0,4,5,8.55,1,1,0,14,0
3791.14,136,252,3,0,1,2,20.28,1,1,1,18,0
3532.94,53,54,7,0,3,4,36.72,1,1,1,1,0
2428.02,103,30,11,0,2,5,37.54,1,1,1,18,0
1486.64,107,16,2,0,2,7,1.26,0,1,1,14,0
3096.34,434,16,0,0,2,4,1498.46,1,1,1,16,1
697.25,47,9,9,0,3,5,1309.21,1,1,1,7,1
776.91,132,77,13,0,3,9,42.05,1,1,1,9,0
1923.18,235,63,16,0,4,8,15.3,1,1,1,15,0
2149.95,188,20,20,0,1,1,4.22,1,1,1,12,0
291.31,140,133,10,0,2,4,3.73,1,1,1,17,0
2850.21,93,48,17,0,1,2,26.51,0,1,1,15,0
3915.62,229,4,12,0,2,3,60.03,1,1,1,12,0
1673.57,149,3,19,0,2,4,759.86,1,1,1,11,0
19427.92,436,9,4,0,2,5,18.92,1,0,1,14,0
913.3,172,14,4,0,1,11,37.28,0,1,1,15,0
1260.06,474,131,13,0,3,7,15.37,1,0,1,17,0
1217.96,200,90,7,0,2,8,57.09,1,1,1,10,0
1675.41,126,13,30,0,1,3,16.85,1,1,1,15,0
1301.5,118,17,9,0,1,5,5.52,1,0,1,10,0
442.83,167,60,2,0,1,3,0.33,1,1,1,9,0
1046.76,96,123,9,0,4,6,4.51,1,1,1,14,0
1639.88,88,22,16,0,1,3,7.27,0,1,1,3,0
6176.9,296,44,1,0,2,4,76.91,0,1,1,5,0
16354.25,223,132,23,0,1,2,456.85,0,0,1,18,0
6873.81,85,88,7,0,2,3,97.22,1,1,0,21,0
832.66,253,133,4,0,2,4,11.21,0,1,1,2,0
901.62,144,19,0,0,2,7,36.69,1,1,1,23,0
1541.75,224,70,4,0,3,6,7.06,0,1,1,19,0
10770.42,236,7,1,0,5,8,34.29,1,1,1,17,1
1532.38,109,57,3,0,4,6,86.91,1,1,1,9,0
479.38,506,21,5,0,3,5,50.52,1,1,1,7,0
1095.34,112,72,6,0,4,7,13.85,0,1,1,21,0
3854.73,234,9,2,0,1,7,4.44,1,0,1,12,0
3604.51,102,65,12,0,2,7,18.59,1,0,1,13,0
1479.98,150,73,10,0,1,3,33.47,1,1,1,17,0
3581.06,158,116,2,0,3,7,1268.17,1,1,1,18,1
186.2,293,69,6,3,3,7,31.63,1,1,1,21,1
2005.86,196,44,2,0,2,5,8.78,1,1,1,16,0
4275.62,264,91,4,0,3,6,7.93,1,1,1,13,0
786.14,186,20,4,0,3,4,99.9,1,1,1,21,0
783.41,343,67,36,0,1,2,3.91,1,1,1,15,0
279.65,239,77,6,0,2,5,2.33,0,0,1,10,0
8865.26,201,29,3,3,2,4,15.37,1,0,1,15,1
879.93,224,270,15,0,3,6,12.72,1,1,1,19,0
2300.87,59,26,15,0,7,10,1.74,1,1,1,15,1
3307.4,80,5,1,0,6,8,0.8,1,0,1,13,1
8201.46,205,21,3,0,1,5,26.49,1,1,1,11,0
1550.14,179,6,18,0,3,7,16.03,1,1,1,11,0
1054.23,321,24,7,0,3,6,5.35,0,0,1,11,0
2149.67,19,8,8,0,3,4,48.7,1,1,1,21,0
6529.46,172,34,11,3,3,5,46.81,1,1,1,8,1
1525.12,65,90,5,0,1,3,52.41,1,1,1,21,0
695.85,201,4,15,0,4,7,92.16,1,1,1,9,0
387.32,215,49,7,0,1,7,39.1,1,1,1,8,0
533.1,258,2,2,0,2,3,5.38,1,1,1,20,0
4291.5,85,129,19,1,3,6,1394.87,1,0,1,7,1
1312.09,53,152,16,0,2,7,6.39,1,0,1,19,0
984.84,243,40,11,0,1,3,11.97,1,1,1,6,0
883.63,106,87,14,0,2,4,14.06,1,1,1,7,0
1968.54,100,53,14,0,2,5,35.64,1,1,1,22,0
1423.03,173,24,5,0,1,7,342.39,0,1,1,22,0
1375.91,68,16,14,0,2,6,773.78,1,0,1,14,1
6969.68,238,85,11,0,1,4,8.72,1,1,1,14,0
8417.06,77,33,14,0,2,5,1.49,0,1,1,15,0
361.4,93,151,8,0,3,5,6.29,1,0,1,22,0
2508.88,129,223,18,0,3,5,14.53,0,1,0,7,0
831.42,83,14,22,0,3,5,15.94,1,1,1,1,0
1410.57,285,49,14,0,1,3,17.86,1,1,1,21,0
2463.35,271,46,5,0,2,5,21.5,0,1,1,9,0
1461.59,183,121,1,0,3,6,8.76,1,1,1,18,0
2276.65,105,70,12,0,2,4,906.8,1,1,1,15,0
3543.85,88,56,41,0,3,3,53.67,1,0,1,12,0
2427.4,201,68,10,0,1,2,11.74,1,1,1,15,0
946.87,88,29,12,0,3,6,23.72,1,1,1,11,0
963.72,112,193,2,0,1,3,35.13,1,1,1,9,0
428.5,58,3,13,0,1,3,1.47,1,0,1,20,0
769.76,172,1,17,0,1,3,11.43,1,1,1,10,0
12862.46,89,32,5,0,2,6,21.69,0,1,1,11,0
818.93,151,10,10,0,2,5,38.01,1,1,1,15,0
548.19,98,47,7,2,2,6,3.33,1,1,1,11,1
2489.73,277,1,18,0,3,7,38.03,1,1,1,20,0
1619.12,206,36,2,0,2,3,65.62,1,0,1,6,0
1486.84,66,20,2,0,4,6,0.47,1,1,1,8,0
7398.6,292,13,24,0,2,7,11.98,1,1,1,21,0
3131.06,135,35,6,0,2,5,45.54,1,1,1,16,0
1064.23,299,115,16,0,3,5,17.58,0,1,1,17,0
1182.66,186,63,2,0,1,7,274.5,1,0,1,16,0
1093.8,136,10,34,0,3,4,4.54,1,1,1,20,0
4336.14,54,41,4,0,4,9,60.94,0,1,1,9,1
1328.56,64,161,7,0,2,8,9.39,1,0,1,11,0
300.92,340,34,9,0,4,9,15.66,1,0,1,21,0
1722.76,93,38,15,0,4,6,12.95,1,1,1,14,0
388.76,286,170,0,0,3,5,10.78,1,1,1,21,0
16062.31,304,8,3,0,2,5,32.58,1,1,1,11,0
688.37,232,79,9,0,5,9,22.84,1,1,1,20,0
1537.84,58,21,6,0,1,5,11.9,1,1,1,20,0
2340.69,106,120,25,0,3,6,1310.91,1,1,1,11,0
1354.71,449,3,7,0,2,11,34.83,1,1,1,20,0
1352.85,390,278,2,0,3,5,32.0,1,1,1,11,0
2756.8,84,87,4,0,4,6,30.06,1,1,1,21,0
8318.32,133,20,18,0,1,3,2.62,1,1,1,10,0
3895.23,280,85,11,0,3,7,9.26,1,1,0,20,0
7930.84,45,153,15,0,3,6,20.82,0,1,1,11,0
634.85,273,7,3,0,4,6,35.77,1,0,1,9,0
2483.35,185,146,24,0,7,9,857.03,0,0,1,19,1
2111.69,734,26,10,0,1,6,49.22,1,0,1,3,0
2568.54,313,1,12,0,1,3,17.41,0,1,1,19,0
7159.76,41,7,2,0,1,2,26.0,1,0,1,7,0
1449.84,253,129,10,0,2,4,28.19,1,1,0,14,0
1205.32,360,243,15,0,3,6,42.05,1,1,1,19,0
3083.99,217,135,1,0,4,6,32.7,0,1,1,12,0
305.45,209,34,5,0,2,5,996.47,0,1,1,9,0
1426.74,208,195,28,0,3,6,1.87,1,1,1,20,0
1580.98,307,31,6,0,2,7,17.44,1,1,1,19,0
720.28,201,7,4,0,1,8,3.06,0,0,1,17,0
5203.36,168,25,2,0,2,4,52.68,1,1,1,16,0
625.01,213,387,9,0,3,7,4.48,1,1,1,10,0
1578.34,54,59,10,0,2,4,12.68,1,1,1,19,0
2423.96,170,24,2,0,1,4,12.87,1,1,1,20,0
6998.5,123,58,1,0,2,4,9.38,1,0,1,16,0
1789.06,314,33,12,0,2,7,4.14,1,0,1,20,0
4610.79,90,3,18,0,6,9,10.31,1,1,1,13,1
3643.12,167,13,14,0,2,6,2.82,1,1,1,6,0
2045.62,98,1,5,0,2,4,3.88,1,1,1,13,0
608.19,208,17,12,2,5,9,12.14,1,1,1,18,1
430.7,431,80,1,0,4,8,471.83,1,1,1,15,0
2011.24,255,12,4,0,3,5,21.08,1,1,1,14,0
1050.8,257,45,4,0,3,9,1005.34,1,0,1,17,1
4533.55,74,72,18,0,4,5,25.43,1,0,1,13,0
3811.8,205,47,14,0,5,9,36.37,1,1,1,23,0
1503.26,114,1,9,0,1,5,15.62,1,0,1,15,0
568.09,149,27,13,0,1,6,35.0,0,0,1,10,0
3013.13,132,34,1,0,3,9,28.41,1,1,1,18,0
653.31,92,25,9,0,1,4,1.49,1,0,1,13,0
846.86,190,47,3,0,3,7,39.78,1,1,1,1,0
678.97,208,43,8,0,1,2,20.78,1,1,1,15,0
1574.19,287,12,1,0,2,4,0.4,1,0,1,8,0
5826.62,328,83,13,0,1,4,28.31,1,1,1,23,0
1798.95,242,10,2,0,5,13,489.24,1,1,1,23,1
1160.7,73,36,44,0,2,6,32.86,1,1,1,16,0
393.23,114,84,8,0,1,3,8.28,1,1,1,16,0
3140.46,174,71,5,3,2,3,5.58,1,1,1,17,1
828.48,318,33,7,2,3,6,40.99,1,1,1,19,1
2033.51,216,93,17,0,1,2,44.19,1,1,1,18,0
1268.74,297,75,23,0,6,8,48.8,1,1,1,18,0
4180.46,367,29,5,0,1,7,15.52,0,0,1,15,0
1544.98,348,135,2,2,2,3,26.37,1,0,1,11,1
1704.58,97,9,17,0,4,5,7.83,0,0,1,8,1
2938.77,80,26,4,0,2,7,1.01,1,0,1,14,0
14867.61,238,71,10,0,3,5,45.11,0,1,1,23,0
4395.99,306,123,17,0,3,5,5.73,1,1,1,14,0
1654.73,59,23,17,0,2,7,9.84,1,0,1,7,0
1813.83,156,49,10,0,1,4,8.86,1,1,1,10,0
1069.71,300,1,12,0,3,5,12.18,1,0,1,5,0
699.25,88,27,17,0,2,5,48.09,1,1,1,7,0
1040.28,192,24,5,2,4,7,1.79,1,1,1,0,1
835.35,221,110,6,0,1,7,14.0,1,1,1,12,0
3475.06,51,4,15,0,2,7,34.55,1,1,1,11,0
619.43,268,3,12,0,2,5,11.51,1,1,1,18,0
6858.27,295,35,7,0,2,6,1348.15,1,1,1,12,0
3835.47,184,31,19,0,2,6,4.11,1,0,1,18,0
1845.49,47,10,13,0,1,3,16.15,1,1,1,15,0
1808.62,122,18,6,0,1,3,12.83,0,1,1,18,0
1035.58,315,219,22,0,2,7,6.83,1,0,1,16,0
2368.67,99,43,36,0,1,5,1.18,1,0,1,19,0
5367.37,350,5,9,0,3,4,649.95,1,1,1,10,0
895.02,161,3,3,0,3,7,0.7,1,1,1,17,0
390.18,272,2,36,0,3,4,6.92,0,0,1,11,0
3652.69,83,29,2,0,3,6,1.53,1,0,1,20,0
2500.8,431,120,11,0,2,4,36.28,0,1,1,10,0
589.81,112,107,14,0,2,4,18.21,1,1,1,12,0
868.36,150,27,6,0,3,5,6.66,1,0,1,20,0
765.78,143,89,8,0,2,3,831.7,1,1,1,10,0
876.09,24,83,6,0,2,6,46.61,0,1,1,22,0
1308.08,157,39,6,0,3,8,2.26,1,1,1,15,0
1385.0,96,31,13,0,6,9,22.87,1,1,1,22,0
943.13,186,11,11,0,5,7,4.23,0,0,1,22,1
847.11,213,19,16,0,1,8,6.25,1,0,0,16,0
1438.3,100,24,11,0,2,6,1375.68,0,1,1,17,1
2138.14,102,100,11,0,2,4,2.72,1,0,1,19,0
1317.78,111,48,7,0,3,3,27.33,1,0,1,15,0
5759.85,192,13,7,0,1,4,6.29,1,1,1,10,0
3005.16,138,6,9,0,5,8,746.33,1,0,1,20,1
368.39,102,41,18,0,2,2,10.85,1,0,1,3,1
3052.54,133,65,14,0,3,4,26.89,1,1,1,15,0
3312.78,312,102,18,0,4,9,20.33,1,1,1,14,0
1170.59,185,95,5,0,2,6,8.22,1,0,1,23,0
405.37,125,104,4,0,4,7,72.46,1,1,1,19,0
1822.69,358,35,5,0,4,4,109.65,1,1,1,18,0
1794.16,231,120,5,3,4,6,29.25,1,0,1,11,1
588.96,51,35,9,0,5,8,27.47,1,0,1,22,1
423.6,267,11,3,0,1,3,39.41,1,1,1,18,0
1656.47,453,30,1,0,3,4,27.37,1,1,1,0,0
1432.14,277,24,8,0,5,6,47.43,1,1,1,19,0
1191.22,116,29,2,0,2,6,3.26,1,0,1,17,0
1663.35,161,64,7,0,3,7,91.25,1,1,1,11,0
600.18,47,64,15,0,4,6,39.82,1,1,1,6,0
1170.49,257,15,20,0,1,4,1103.51,1,1,1,5,0
3081.97,150,22,8,0,1,5,46.49,1,0,1,16,0
1274.14,110,54,2,2,1,4,1.91,1,0,1,7,1
339.69,154,5,13,0,2,5,21.74,1,1,1,1,0
1126.99,52,70,4,0,4,7,5.61,1,1,1,13,0
620.08,57,11,2,0,2,5,34.09,1,1,1,20,0
2361.7,72,114,11,0,4,8,23.48,1,1,1,18,0
2487.01,26,30,2,0,2,5,16.96,1,1,1,13,0
344.2,119,14,20,0,1,4,17.06,1,1,1,11,0
3862.28,87,66,6,0,1,3,4.24,0,1,1,16,0
594.56,320,48,6,1,1,2,0.39,1,1,1,21,0
8597.12,81,11,9,0,1,5,60.18,1,0,1,18,0
1721.97,241,105,7,0,2,3,48.14,0,1,1,8,0
519.88,98,36,10,0,4,5,1.71,1,1,1,18,0
577.1,189,9,6,0,3,5,22.06,1,0,1,20,0
2560.85,368,95,4,0,3,6,93.94,1,0,1,19,0
1222.56,73,8,15,0,2,4,4.05,1,0,1,8,0
1641.47,401,206,1,0,3,6,4.51,1,1,1,9,0
9070.48,267,34,9,0,2,5,27.79,1,1,1,20,0
898.53,214,78,8,0,1,5,30.33,1,1,1,12,0
1919.77,185,36,6,0,1,3,9.72,1,1,1,20,0
7478.93,163,12,8,2,3,7,13.06,1,1,1,6,1
2369.69,301,85,3,0,1,3,27.75,0,1,1,6,0
362.64,163,20,18,0,3,9,89.71,1,1,1,22,0
2997.07,141,68,10,0,1,2,10.14,1,1,0,8,0
565.1,249,17,7,0,4,6,2.94,1,1,1,12,0
7382.06,97,16,24,0,4,8,747.05,1,1,1,15,1
794.04,472,36,10,0,1,3,14.47,0,0,1,19,0
35224.94,211,101,16,0,3,10,14.65,1,1,1,13,0
7842.99,150,57,0,0,3,5,28.89,1,1,1,15,0
815.16,148,4,3,0,1,6,57.45,1,1,1,11,0
1844.59,137,79,6,0,5,7,29.23,1,0,1,9,0
3841.6,230,52,4,0,4,6,0.33,0,1,1,15,1
3958.66,188,58,3,0,7,8,4.94,1,1,1,16,1
2813.93,158,26,11,0,1,5,1.15,1,1,1,19,0
6324.33,343,48,2,0,4,6,662.67,1,0,1,17,1
1598.84,381,27,13,0,1,4,1.12,1,1,1,13,0
1252.98,77,5,4,0,2,8,50.75,1,1,1,11,0
1278.11,146,111,11,0,3,5,16.58,1,1,1,6,0
4265.75,127,67,28,0,4,7,32.39,1,0,1,16,0
2604.98,116,66,4,0,5,11,22.58,0,1,1,16,1
2419.42,125,12,0,0,5,10,82.02,1,1,1,17,0
4004.74,81,65,7,0,1,6,9.38,1,0,1,18,0
232.51,270,15,2,0,2,4,12.4,1,0,1,17,0
2465.3,146,69,7,0,1,1,17.44,1,1,1,8,0
2249.74,178,24,9,0,3,6,1081.81,1,1,1,19,1
9593.18,272,10,7,0,1,6,8.54,1,0,1,10,0
392.06,79,142,2,0,2,9,32.28,1,1,1,8,0
8579.98,190,6,6,0,3,4,8.62,1,1,1,20,1
1949.66,63,86,2,0,4,6,1.73,1,1,1,22,0
2948.32,64,6,8,0,2,6,1109.56,1,0,1,19,1
9661.64,167,69,4,0,1,2,5.76,0,1,1,16,0
3167.7,161,7,9,0,2,6,21.97,1,0,1,17,0
2698.28,79,42,7,0,3,5,1.53,0,1,1,8,0
2303.74,319,12,14,0,1,5,3.18,1,1,1,7,0
1114.9,31,120,5,0,1,4,21.61,1,1,1,10,0
1757.26,78,30,10,0,4,5,970.55,1,1,1,8,1
884.03,127,1,8,0,1,5,66.89,1,0,1,8,0
1729.23,105,59,11,0,3,4,20.43,1,1,1,9,0
174.87,71,35,2,0,2,3,32.81,1,1,1,17,0
2776.76,532,117,8,0,4,7,31.3,0,1,1,15,0
1600.81,279,34,6,0,3,4,1.72,1,0,1,11,0
1291.81,143,31,7,0,2,5,49.74,1,1,1,16,0
2252.41,340,36,17,0,3,4,10.09,1,1,1,5,0
431.14,311,117,31,0,1,1,10.43,1,0,1,19,0
12447.44,106,53,7,0,3,4,17.77,1,1,1,4,1
1631.46,149,66,8,0,1,3,20.15,1,0,1,12,0
1562.68,165,76,12,0,1,2,28.74,1,1,1,11,0
688.56,271,166,7,0,1,3,33.57,1,1,1,13,0
1851.86,223,109,16,0,2,5,1199.23,1,1,1,14,0
7236.98,150,157,10,0,3,8,36.13,1,0,1,0,0
5094.5,111,25,7,0,2,6,14.17,1,1,1,2,0
4248.99,160,14,10,0,3,4,3.38,1,0,1,20,0
3122.53,70,13,8,0,3,4,10.56,0,0,1,21,1
1263.27,89,117,18,0,1,5,11.39,1,0,1,2,0
424.04,140,106,7,0,3,6,10.06,1,0,1,20,0
1478.76,154,63,7,0,3,6,11.05,1,1,1,10,0
1428.14,444,3,20,0,1,9,4.16,1,0,1,15,0
5160.53,91,22,7,0,3,7,25.78,0,1,1,14,1
2463.63,37,79,14,0,1,3,2.14,1,1,1,12,0
9066.23,117,17,19,0,3,8,10.05,1,1,1,7,1
5987.86,103,58,8,0,1,9,13.04,1,1,1,19,0
1145.39,137,46,5,0,2,5,32.19,0,0,1,11,1
300.33,123,18,13,0,4,5,54.34,1,0,1,7,0
7226.97,152,163,11,0,2,4,0.35,1,1,1,17,0
7040.15,272,17,20,0,2,6,12.58,1,1,1,20,0
461.18,184,135,4,0,2,5,3.26,1,1,1,17,0
8178.3,101,46,15,0,4,7,3.19,1,1,1,12,0
2649.48,35,5,10,0,2,7,15.73,1,1,1,16,0
2123.21,225,107,5,0,3,7,11.44,1,1,1,21,0
9088.66,279,94,7,0,3,8,10.53,1,1,1,8,0
6937.42,122,106,6,0,1,2,51.88,1,1,0,12,0
3467.99,412,60,4,0,2,3,27.56,1,0,1,9,0
2902.18,219,74,4,0,3,3,463.33,0,1,1,17,0
3348.92,179,142,9,0,2,4,26.45,1,1,1,8,0
1211.9,146,8,1,0,4,8,10.02,1,1,1,18,0
1711.11,282,5,2,0,2,8,13.44,1,1,1,9,0
733.39,396,8,4,0,4,5,8.24,0,1,1,19,0
1295.9,383,122,18,0,4,9,7.24,1,1,1,20,0
1253.09,163,49,18,0,1,1,22.24,1,1,1,16,0
957.85,381,11,18,0,1,4,25.65,1,0,1,22,0
2072.99,99,9,15,0,3,8,47.77,1,1,1,11,0
1307.69,256,35,18,0,2,7,35.59,1,1,1,23,0
2987.63,90,101,15,0,2,4,3.67,1,1,1,8,0
356.98,238,98,17,0,3,9,42.03,1,1,1,7,0
1614.28,238,114,22,0,2,3,7.08,1,1,1,12,0
2062.25,122,87,7,0,2,5,14.48,1,0,1,12,0
1325.27,101,3,18,0,5,8,7.82,1,1,1,10,1
1521.74,359,76,10,0,6,8,14.15,1,0,1,8,0
370.46,76,43,1,0,3,9,14.3,1,1,1,18,0
2582.41,59,77,16,0,2,5,1.26,1,1,1,13,0
3455.1,211,39,6,0,3,3,0.42,1,1,1,18,0
2961.76,159,39,53,0,2,2,24.91,1,1,1,12,0
5108.84,209,8,3,0,1,4,0.68,1,1,1,12,0
2211.73,105,141,4,0,1,5,54.37,1,1,1,8,0
2918.08,112,28,22,0,4,5,17.89,1,1,0,8,0
2113.48,163,52,3,0,3,7,67.62,1,0,1,7,0
3595.9,164,13,19,0,1,4,12.47,1,1,1,21,0
373.44,157,27,3,0,2,8,327.8,1,1,1,21,1
739.83,393,122,9,0,3,7,24.08,1,1,1,5,0
8838.74,413,14,4,0,3,8,32.81,1,1,1,18,0
154.4,72,13,7,0,4,7,28.85,1,1,1,8,0
1571.56,211,18,6,0,2,8,2.17,0,0,1,8,0
5838.77,82,51,7,3,1,6,35.95,1,1,1,18,1
1647.05,461,44,13,0,2,2,13.61,1,1,1,17,0
1205.91,114,11,1,0,2,8,3.86,1,1,1,20,0
2057.86,137,70,16,0,2,5,1.67,1,0,1,20,0
1270.14,278,142,12,0,2,6,20.37,1,1,1,11,0
1864.69,88,13,23,0,5,7,8.74,1,1,1,21,0
912.89,58,67,14,0,2,3,43.44,1,1,1,7,0
5478.98,87,52,10,0,2,4,0.02,1,1,1,5,0
7504.55,309,23,6,0,2,9,45.46,0,1,1,11,0
1582.26,129,57,48,0,1,2,485.88,1,0,1,8,0
451.92,295,14,7,0,3,5,17.19,1,1,1,9,0
1070.8,168,107,17,0,1,5,44.9,1,1,1,19,0
1504.19,48,1,11,0,3,9,12.85,1,0,1,11,1
2997.51,104,50,15,0,1,2,36.65,1,0,1,7,0
659.83,196,23,16,0,1,6,0.39,1,1,1,14,0
837.85,29,127,4,0,4,8,16.21,1,1,1,17,0
3012.95,218,41,11,0,4,8,235.01,0,0,1,11,1
4623.51,58,97,19,0,3,4,1.35,1,1,1,10,0
971.08,109,154,7,0,1,5,5.81,1,1,1,17,0
476.65,396,24,4,0,3,4,23.86,1,1,1,14,0
48248.41,401,127,5,0,2,8,34.83,1,1,1,5,0
3957.25,233,77,23,2,2,8,7.13,1,1,1,19,1
1384.36,182,6,11,0,3,6,7.04,1,0,1,21,0
4311.46,113,6,16,0,3,5,26.35,0,1,1,11,0
1596.46,47,102,7,0,2,5,839.19,1,1,1,12,1
4303.38,42,37,6,0,2,4,22.42,1,1,1,7,0
2120.47,168,41,14,0,4,5,25.24,0,1,1,15,0
1980.83,135,133,1,2,4,9,21.13,1,0,1,8,1
1613.91,120,140,5,0,2,4,2.77,0,1,1,11,0
425.23,341,7,15,0,2,6,13.4,1,1,1,15,0
12557.77,86,28,7,0,3,6,0.71,1,1,1,20,1
705.19,664,135,12,0,2,9,0.24,1,1,1,15,0
464.04,620,102,6,0,4,5,44.96,1,1,1,15,0
1461.39,274,76,6,0,6,10,29.75,0,1,1,7,0
691.27,135,6,43,0,2,4,2.13,1,1,1,8,0
1716.92,38,58,7,0,2,3,28.62,1,1,1,10,0
3596.67,266,52,27,0,4,6,0.09,1,0,1,12,0
4891.74,555,10,1,0,2,5,16.34,1,1,1,9,0
4083.59,733,89,3,0,2,5,51.66,1,1,1,21,0
1331.91,90,22,15,0,3,4,26.24,1,0,1,13,0
1899.97,281,58,13,2,3,8,14.27,1,0,1,9,1
2718.62,69,26,18,0,1,3,11.95,1,1,1,8,0
311.75,39,5,23,0,3,4,36.94,1,1,1,0,0
3198.97,336,44,19,0,1,3,13.43,1,1,1,9,0
421.03,114,21,5,0,4,9,17.42,0,1,0,15,1
13909.77,136,4,2,3,1,5,33.79,1,1,1,20,1
1206.51,134,13,14,0,2,3,10.9,1,1,1,11,0
1502.86,12,57,12,0,4,6,5.77,1,0,1,20,0
837.39,136,6,27,0,2,2,46.43,1,0,1,19,0
962.98,379,5,8,0,2,7,9.18,1,0,1,19,0
17572.55,124,172,6,0,3,7,0.51,1,1,1,7,0
4630.27,192,6,7,0,3,5,17.75,1,0,1,12,1
384.06,48,28,12,0,3,5,47.03,1,0,1,7,1
8137.29,264,8,22,0,2,6,0.29,0,1,1,20,0
5962.48,116,168,8,0,1,2,10.12,1,1,1,20,0
1364.83,85,39,5,0,1,4,19.97,1,1,1,20,0
2457.0,83,7,15,0,2,8,26.09,0,1,1,20,0
1781.22,529,87,10,0,3,7,2.0,1,1,1,7,0
12998.38,28,91,13,0,2,6,29.5,1,1,1,14,0
815.43,238,138,7,0,3,4,27.41,1,0,1,21,0
2092.28,33,73,4,0,3,8,751.97,1,1,1,23,1
1178.33,240,3,5,0,2,5,4.21,1,0,1,9,0
431.37,94,47,6,0,1,6,8.63,1,1,1,16,0
16181.73,238,29,8,0,4,5,31.72,1,0,1,23,0
554.7,149,82,4,0,2,3,22.47,1,0,1,21,0
2253.25,198,53,13,0,5,6,1013.2,1,1,1,18,1
317.13,179,77,7,0,2,3,18.23,1,1,1,13,0
1213.09,177,11,1,0,3,6,4.76,0,1,1,23,0
2757.19,38,34,13,0,1,4,45.94,0,0,1,18,0
792.56,81,33,15,0,2,8,11.05,1,1,1,19,0
3251.27,282,237,7,0,4,7,729.75,1,0,1,12,0
1381.55,110,1,3,0,5,7,3.23,1,0,1,12,1
5768.01,146,101,5,0,4,6,16.35,1,1,1,13,0
7056.9,75,6,5,0,2,3,30.12,1,1,1,10,0
1005.52,89,5,14,0,1,7,5.16,1,1,1,18,0
1952.24,476,23,2,0,2,6,7.91,1,1,1,14,0
2172.11,395,72,26,0,3,6,0.79,1,0,1,9,0
3358.83,240,68,1,0,2,7,66.39,0,1,1,5,0
1834.23,255,59,13,0,2,5,9.96,1,0,1,18,0
2186.84,205,89,7,0,3,5,4.16,0,1,1,22,0
1417.42,165,15,1,0,2,4,8.12,1,1,1,13,0
2028.88,495,60,9,0,2,8,47.04,0,0,1,8,0
6620.59,114,60,0,0,1,4,3.18,1,1,1,7,0
3449.84,93,63,6,0,4,7,11.14,1,1,1,2,1
3645.52,123,54,5,0,3,6,15.82,1,1,1,23,0
3725.92,122,15,4,2,3,8,527.59,1,1,1,8,1
1550.28,288,147,16,0,4,9,12.16,1,1,1,20,0
2486.99,97,223,20,0,2,7,7.15,1,1,1,12,0
610.83,161,70,5,0,2,6,11.81,1,1,1,10,0
6430.5,214,35,0,0,5,7,5.66,1,1,1,2,1
111.84,181,46,8,0,1,8,4.27,0,1,1,9,0
1657.15,66,6,7,0,3,6,3.13,1,1,1,12,0
5658.4,213,27,9,0,1,5,23.25,1,1,1,9,0
462.26,190,224,10,0,3,4,16.3,1,1,1,12,0
2696.69,238,47,4,0,4,8,85.69,1,1,1,3,1
915.28,227,49,5,0,2,6,3.65,1,1,1,17,0
1250.37,234,184,11,0,2,6,10.22,1,1,1,6,0
4656.13,22,130,1,0,2,9,45.02,1,1,1,20,0
2204.06,84,50,6,0,3,12,51.53,0,0,1,5,0
236.43,307,18,2,0,2,3,43.25,1,0,1,22,0
681.01,95,7,6,1,3,5,91.18,1,0,1,10,1
4795.03,320,119,2,0,3,6,17.65,1,1,1,16,0
2832.58,121,151,16,0,3,5,10.22,1,1,1,0,0
10385.19,105,40,3,0,3,7,21.93,1,1,1,5,1
9726.87,124,5,4,0,6,9,3.01,1,1,1,8,1
1284.02,921,55,18,0,4,6,37.45,1,1,1,20,0
22097.9,152,27,4,0,5,10,7.11,1,1,1,13,1
1852.85,271,10,4,0,2,6,17.07,1,0,1,12,0
690.44,669,150,3,0,3,7,1055.59,1,0,1,19,0
959.45,220,16,3,0,5,6,21.47,1,1,1,9,0
189.29,477,74,13,0,2,4,20.44,1,0,1,9,0
9018.37,303,33,7,0,4,6,21.09,0,1,1,14,0
8908.51,240,105,17,0,2,5,17.04,1,0,1,6,0
654.91,65,72,6,2,1,4,25.24,1,1,1,20,1
1439.59,135,7,12,2,3,4,2.29,1,0,1,17,1
1989.44,221,35,12,0,3,5,11.97,1,1,1,10,0
692.04,107,18,31,0,3,5,485.87,1,0,1,9,0
312.59,231,75,1,0,2,2,17.3,0,1,1,13,0
1465.05,149,47,3,2,6,8,45.51,1,1,1,5,1
1311.49,87,24,20,0,2,3,32.58,0,0,0,5,0
1226.09,270,23,15,0,3,5,54.8,1,1,1,19,0
2259.09,204,7,5,0,3,5,9.18,1,1,1,20,0
7551.64,240,14,18,0,1,3,0.14,1,1,1,12,0
1335.29,183,74,5,0,3,4,13.27,1,1,1,2,0
2144.03,118,56,16,0,1,7,971.52,1,1,1,21,0
3740.11,159,26,4,0,3,4,25.08,1,0,1,12,0
3146.8,109,108,7,2,2,6,4.77,1,1,1,23,1
978.07,428,39,21,0,1,3,52.41,1,0,1,7,0
1990.97,207,94,6,0,4,5,5.54,1,1,1,10,0
3126.09,162,91,0,0,4,8,45.41,1,1,1,9,0
585.02,142,113,2,0,1,5,23.93,1,0,1,13,0
6396.71,82,113,5,0,2,7,0.14,1,1,1,9,0
7567.28,214,68,2,0,5,7,76.74,1,0,0,22,1
877.63,70,83,4,0,2,5,52.81,1,1,1,8,0
2194.41,375,90,9,0,1,2,41.81,1,0,1,15,0
3436.74,261,11,16,0,4,4,7.51,1,0,1,21,0
1047.73,94,21,3,0,2,4,15.86,1,1,1,20,0
2926.65,380,6,19,0,6,9,4.35,1,0,1,14,0
2128.68,151,12,6,0,2,5,22.54,1,1,0,15,1
416.58,250,90,1,0,1,8,12.52,1,0,1,17,0
2861.67,150,176,6,0,4,6,58.71,0,0,1,13,0
601.76,153,67,6,0,1,2,33.23,1,1,1,16,0
4624.87,319,130,8,0,2,5,23.77,1,1,1,8,0
924.07,165,22,19,0,2,5,4.51,1,0,1,17,0
1538.73,121,112,10,0,2,4,7.63,1,1,1,17,0
7131.51,105,24,13,0,2,5,32.4,1,0,1,9,0
2970.19,142,134,7,0,2,7,8.19,1,0,1,8,0
614.33,517,95,14,0,2,5,70.07,1,1,1,18,0
655.29,204,246,8,0,2,4,9.98,1,1,1,16,0
992.97,89,105,9,0,3,4,20.55,1,1,1,0,0
2682.87,200,30,2,0,1,3,26.33,0,0,1,15,1
2587.12,376,6,3,0,1,5,20.48,1,1,1,12,0
778.13,383,124,13,0,2,7,63.12,1,1,1,18,0
562.72,221,50,16,0,2,2,8.07,0,1,1,2,0
2396.07,297,117,1,0,3,3,4.1,1,1,1,12,0
1507.4,164,29,1,0,2,5,27.74,0,0,1,16,0
15634.2,140,1,9,0,1,4,42.08,1,1,0,21,0
1875.45,95,3,13,0,2,3,4.72,1,1,1,21,0
11095.03,106,66,1,0,1,3,74.06,1,1,1,12,0
560.94,164,7,3,0,1,8,13.78,1,0,1,10,0
374.95,283,82,2,0,2,3,28.33,1,0,1,11,0
589.88,172,32,6,0,2,7,13.99,1,1,1,15,0
5938.01,107,49,18,1,1,1,27.31,1,0,1,20,1
10468.24,329,96,17,0,3,5,23.55,1,1,1,14,0
827.01,361,17,18,0,2,4,51.27,0,1,1,22,0
1140.74,114,31,18,0,2,2,3.34,1,1,1,22,0
561.73,155,78,10,0,3,7,31.82,1,1,1,21,0
295.41,66,150,4,0,2,5,1466.91,1,0,1,8,1
3708.61,289,20,12,0,1,3,5.56,1,1,1,20,0
2259.77,41,58,25,0,2,2,443.31,1,1,1,19,0
1827.1,169,181,13,0,2,5,1070.42,1,0,1,16,0
445.83,196,62,22,0,2,5,44.12,1,1,1,17,0
9320.36,113,133,2,0,2,4,62.2,1,0,1,14,0
1092.96,108,168,12,0,2,3,13.58,1,1,1,20,0
3082.9,248,158,14,0,3,7,20.02,1,1,1,9,0
422.18,211,85,10,0,1,5,23.66,1,1,1,4,0
1494.39,256,48,10,0,1,4,4.29,0,0,1,10,0
2419.64,56,6,23,0,2,6,67.01,1,1,1,9,0
2507.58,391,15,11,0,3,10,2.71,0,1,1,15,0
2110.43,409,17,8,0,2,3,0.83,1,1,1,15,0
2964.67,192,2,18,0,5,7,1438.54,1,1,1,12,1
583.75,138,6,2,0,2,6,4.17,1,1,1,23,0
2202.55,163,20,5,0,2,3,33.01,1,0,1,16,0
2025.88,359,5,10,0,5,10,715.66,0,1,1,0,1
2279.41,106,11,15,0,2,4,3.85,1,0,1,18,0
1943.69,53,3,7,0,3,4,19.01,1,1,1,0,0
506.13,248,32,4,0,2,6,25.83,0,1,1,16,0
484.06,171,103,13,0,2,8,39.34,1,1,1,10,0
197.5,345,100,4,0,3,5,987.33,0,1,1,23,0
4095.05,180,141,15,0,2,5,10.98,1,1,1,11,0
4136.72,523,82,3,0,4,4,883.63,1,1,1,6,0
4202.99,543,16,3,0,2,7,16.01,1,0,1,17,0
2457.23,124,72,6,0,3,7,3.7,1,1,1,12,0
214.19,39,84,15,3,3,6,7.6,1,1,1,5,1
647.61,196,46,12,0,2,6,33.17,1,0,1,16,0
2143.97,65,98,14,0,5,11,3.44,1,1,1,8,0
2070.44,59,4,3,0,4,6,1034.29,1,0,1,0,1
1447.01,300,54,14,0,2,4,22.52,1,1,1,11,0
2614.73,213,39,5,0,6,6,14.84,1,1,1,21,1
1829.23,110,98,20,0,5,8,28.21,1,0,1,11,0
2040.13,179,8,16,0,3,4,37.95,0,1,1,19,0
954.26,188,14,11,0,2,4,33.11,0,0,1,11,1
4827.15,210,49,4,0,3,6,1.28,1,1,1,16,0
1175.24,333,176,10,0,3,5,17.82,1,0,1,6,0
477.88,166,5,7,0,1,4,22.33,1,1,1,18,0
836.31,44,81,12,0,1,3,270.47,0,1,1,13,0
1276.06,415,13,22,0,1,9,36.2,1,0,1,20,0
4885.38,170,6,9,0,2,4,21.64,1,1,1,21,0
1733.21,108,30,9,0,4,10,0.09,1,1,1,13,0
1500.95,68,52,4,0,1,1,67.57,1,1,1,15,0
518.71,188,105,5,0,2,5,6.08,1,1,1,0,0
3965.88,151,60,7,0,4,5,5.98,1,1,1,22,0
942.04,92,40,3,0,1,2,25.53,1,1,1,18,0
1635.94,308,20,4,3,1,7,1.21,0,1,1,9,1
7944.09,77,20,1,0,2,6,29.7,1,1,1,19,0
3007.2,73,88,3,0,3,6,2.73,1,1,1,18,0
354.87,106,7,6,0,3,4,22.15,1,0,1,13,0
308.12,36,9,14,0,4,6,23.25,1,0,1,18,0
1695.43,44,76,12,0,1,1,33.23,1,1,1,6,0
537.68,79,194,16,0,3,7,10.48,1,0,1,20,0
3458.35,123,7,9,0,4,5,1.67,1,0,1,17,1
1886.09,79,56,13,0,2,4,27.76,1,1,1,19,0
2133.21,189,16,15,0,2,6,746.9,1,1,1,16,0
891.81,87,1,13,0,3,6,66.56,1,1,1,19,0
10315.3,199,107,10,0,1,4,6.47,1,1,1,8,0
31026.4,96,42,22,0,3,10,5.72,1,0,1,8,0
1368.42,184,1,25,0,3,4,12.1,1,1,1,17,0
2573.54,393,135,15,0,2,5,5.51,1,0,1,13,0
1993.04,213,46,8,0,3,5,65.8,1,1,1,16,0
1394.53,40,80,2,0,2,8,4.06,1,1,1,10,0
786.76,79,33,17,0,4,4,10.92,1,1,1,20,0
610.96,49,12,13,0,2,3,6.87,1,1,1,17,0
580.8,57,37,1,0,3,7,12.77,1,0,1,10,0
2711.45,298,20,16,0,1,4,15.97,0,1,1,12,0
1075.27,143,21,2,0,2,4,1.05,1,1,1,8,0
137.24,152,61,0,0,2,7,5.3,1,1,1,8,0
2821.03,300,5,11,0,1,3,13.67,1,1,1,16,0
1740.17,87,30,14,0,2,5,6.68,1,1,1,17,0
6951.22,188,47,16,0,2,5,3.04,1,1,1,18,0
2625.75,249,74,13,0,2,4,7.85,1,0,1,16,0
412.12,133,60,18,0,2,4,19.45,1,1,1,12,0
194.48,430,130,0,0,2,6,3.99,1,1,1,20,0
880.53,138,292,9,0,3,6,8.86,1,1,1,5,0
967.67,72,166,18,0,1,5,14.15,0,1,1,13,0
4643.2,94,86,12,0,2,2,32.47,1,1,1,19,0
1792.07,178,69,11,0,4,8,10.08,1,0,1,17,0
5617.76,254,2,3,0,2,5,22.19,1,1,1,16,0
480.66,77,45,4,0,3,4,964.9,1,1,1,19,1
4746.98,344,65,2,0,3,7,22.01,1,1,1,17,0
3718.18,73,31,20,0,3,6,3.7,0,1,1,6,0
240.27,376,29,3,0,2,3,21.27,0,0,1,21,0
6786.01,101,46,6,0,2,6,2.72,1,1,1,9,0
1985.17,15,142,1,0,3,6,3.86,1,1,1,19,0
2675.91,234,18,23,0,2,8,16.64,1,0,1,15,0
761.36,31,30,6,0,3,6,16.28,1,1,1,10,0
6472.04,864,63,18,0,3,6,26.24,0,1,1,5,0
552.33,175,12,9,0,2,8,34.45,1,1,1,19,0
4155.1,60,108,12,0,2,6,9.23,1,0,1,10,0
4107.65,128,65,4,0,2,4,17.06,1,1,1,12,0
682.55,53,26,4,0,2,5,1266.51,0,1,1,18,1
13139.44,225,76,12,0,2,4,27.18,1,1,1,20,0
2279.08,39,19,3,0,1,2,39.99,1,1,1,20,0
3476.89,32,89,0,0,2,6,34.17,1,1,1,12,0
392.63,432,4,1,0,3,5,24.03,0,1,1,13,0
15028.9,76,33,0,0,2,8,36.31,1,0,1,20,1
531.36,192,18,2,0,3,4,56.08,1,1,1,15,0
5038.61,140,101,19,0,2,5,26.36,1,1,1,20,0
668.63,111,83,0,0,5,10,69.11,1,1,1,19,0
973.61,117,110,18,0,4,6,15.43,1,1,1,16,0
3978.87,254,63,9,0,3,6,773.79,1,1,1,12,0
5052.07,147,95,9,0,3,9,1471.79,1,0,1,6,1
507.1,65,34,5,0,5,6,60.34,1,1,1,18,0
5380.15,60,68,2,1,2,6,41.97,1,1,0,20,1
5140.88,348,1,13,0,3,7,8.28,1,0,1,12,0
707.72,264,127,17,0,2,3,1.36,1,0,1,18,0
8943.19,425,69,5,0,1,3,40.19,1,1,1,15,0
421.21,267,120,1,0,2,4,5.22,1,1,1,23,0
968.0,76,88,6,0,2,5,11.98,1,1,1,23,0
2919.02,135,20,18,0,4,7,3.04,1,1,1,10,0
770.03,352,19,2,0,4,6,3.75,1,1,1,16,0
2353.88,66,96,26,0,4,6,1.16,1,1,1,10,0
2300.95,42,12,11,0,2,6,56.99,0,1,1,15,1
1499.56,448,7,30,0,2,5,40.93,1,1,1,10,0
4156.38,434,1,3,0,1,2,53.38,1,1,1,19,0
1438.91,365,21,7,0,2,5,1.96,1,1,1,13,0
2279.11,347,6,16,0,4,7,23.28,1,1,1,17,0
5690.04,292,97,10,0,4,8,383.27,0,1,1,18,0
3986.57,369,39,3,0,5,10,7.24,1,1,1,20,0
3968.0,83,17,11,0,2,3,7.58,1,1,1,19,0
572.96,131,55,21,0,2,3,16.92,1,1,1,20,0
3055.79,107,4,3,0,4,7,11.17,0,0,1,13,1
751.07,214,77,4,0,3,7,6.22,0,0,1,11,0
501.99,41,41,5,0,2,3,7.58,1,0,1,17,0
1682.93,369,1,11,0,2,5,17.92,1,1,1,12,0
731.94,43,23,6,0,3,7,6.69,0,1,1,17,0
3986.3,293,83,20,0,3,7,1153.3,1,0,1,22,1
4082.79,100,12,24,0,2,4,17.31,1,1,1,13,0
269.72,211,196,9,0,3,6,74.5,1,1,1,19,0
789.74,184,136,19,0,3,6,2.06,1,1,1,18,0
419.98,27,90,11,0,1,1,16.04,1,1,1,19,0
1138.39,189,4,11,0,1,3,1415.64,1,1,1,22,1
2850.29,73,26,2,0,2,3,42.66,1,0,1,13,0
1419.01,29,21,15,0,1,3,3.54,1,1,1,7,0
1002.49,172,8,4,0,1,4,30.72,1,0,1,17,0
6635.42,37,472,3,0,2,2,2.57,1,1,1,9,0
180.39,430,9,18,0,2,5,13.68,1,1,1,22,0
6228.38,73,22,4,0,2,3,795.28,1,1,1,21,1
1049.12,180,127,7,0,3,5,20.24,1,1,1,10,0
1672.19,164,9,16,0,3,5,5.24,0,1,1,15,0
1067.03,296,38,34,0,1,6,49.82,1,1,0,6,0
8458.17,97,223,8,0,4,5,4.04,1,0,1,10,0
527.96,107,17,9,0,2,5,8.25,1,1,1,13,0
1829.39,167,72,3,0,2,9,13.86,0,1,1,7,0
3063.88,78,5,20,0,1,3,21.08,1,1,1,14,0
361.04,112,55,44,0,1,3,16.83,1,1,1,17,0
720.61,84,24,10,0,4,8,7.36,1,0,1,10,0
1559.03,195,72,6,0,1,2,1.83,1,1,1,18,0
744.96,255,34,6,2,1,3,38.04,1,1,1,21,1
799.84,318,21,21,0,3,8,301.99,0,1,1,11,0
1274.28,304,47,1,0,2,7,19.66,0,1,1,8,0
3461.93,217,9,26,0,1,3,2.59,1,0,1,9,0
1283.42,215,101,27,0,2,5,24.21,1,1,0,21,0
5315.73,211,83,2,0,3,7,6.61,0,1,1,8,0
666.63,150,47,35,0,2,5,437.83,1,1,1,14,0
517.02,62,27,3,0,2,6,6.31,1,1,1,14,0
12411.09,379,148,15,0,3,5,13.87,1,0,1,16,0
936.4,211,60,12,0,1,4,41.37,0,0,1,8,0
487.4,261,20,27,0,3,4,10.43,1,1,1,7,0
316.7,104,98,14,0,3,9,1.96,1,0,1,8,0
5298.1,537,60,5,0,1,2,35.12,1,0,1,7,0
1285.23,348,8,34,0,1,6,5.18,1,1,1,19,0
1402.89,118,7,19,0,2,5,47.32,0,1,1,9,0
1541.94,99,166,9,0,2,4,23.1,1,1,0,15,0
4978.79,258,20,5,0,1,8,1.05,1,1,1,9,0
1510.91,149,65,18,0,3,8,23.03,1,1,1,10,0
18845.96,194,2,14,0,2,3,28.39,1,0,1,18,0
2066.81,365,48,4,0,4,9,41.68,1,1,1,15,0
5228.0,191,15,5,0,2,3,3.11,1,1,1,9,0
4045.01,143,9,14,1,5,6,2.12,1,1,1,9,1
1743.33,218,89,4,0,2,6,36.35,1,0,1,17,0
1005.29,46,99,9,0,2,3,5.64,1,0,1,11,0
2519.87,185,75,31,0,2,6,4.72,1,0,0,8,0
3011.21,53,1,10,0,2,6,35.4,1,0,1,11,0
1019.85,244,20,1,0,1,5,5.64,1,1,1,12,0
2135.25,13,26,3,0,3,6,6.65,1,1,1,17,1
6224.23,148,70,7,0,1,6,32.82,1,1,1,5,0
14327.67,423,84,2,0,2,6,37.29,1,1,1,23,0
4248.7,331,59,11,0,3,6,3.86,1,1,1,8,0
11646.48,192,93,8,0,2,3,7.9,1,0,1,16,0
963.55,449,33,2,0,1,5,46.79,1,1,1,10,0
3647.81,113,46,22,1,1,7,27.79,1,0,1,16,1
6894.78,75,3,8,0,3,6,53.46,1,0,1,18,1
737.8,140,33,8,0,1,4,1383.23,1,1,1,12,1
1112.55,138,34,21,0,2,6,24.69,0,1,1,17,0
10279.48,145,56,6,0,2,6,2.92,1,0,1,16,0
681.91,169,28,1,0,2,5,26.77,1,1,1,19,0
472.89,38,16,19,0,1,5,1.54,1,0,1,10,0
8333.02,92,16,7,0,3,4,114.93,1,1,1,1,1
5983.51,112,8,7,0,3,3,0.4,1,0,1,20,1
2785.33,443,72,6,0,1,5,1037.93,0,1,1,16,0
1727.26,111,58,6,0,2,4,22.54,0,1,1,14,0
1166.16,119,51,11,0,2,4,17.35,1,1,1,4,1
2396.94,253,45,10,0,5,13,29.01,1,0,1,13,0
8776.27,141,27,7,0,6,11,6.64,0,1,1,16,0
2295.18,514,87,8,0,1,2,11.14,1,1,1,20,0
15787.27,269,153,3,0,3,7,48.42,0,1,1,8,0
736.61,243,34,14,0,3,3,33.39,1,1,1,18,0
1772.81,44,31,3,0,1,2,13.95,1,1,1,0,0
1245.06,199,10,21,0,3,5,5.7,1,1,1,17,0
610.85,177,66,9,0,2,5,1083.1,1,1,1,11,1
1551.41,302,48,1,0,2,3,0.2,1,1,1,6,0
2744.43,247,265,11,0,3,3,4.02,0,1,1,18,0
3054.07,222,52,23,0,4,7,7.12,1,1,1,11,0
15842.51,206,20,10,0,2,6,9.26,1,1,1,0,0
2876.9,111,49,10,0,1,4,16.8,1,0,1,18,0
5710.93,75,250,11,0,2,5,10.71,1,1,1,19,0
1931.58,211,77,13,0,1,5,8.5,1,1,1,5,0
9682.31,78,8,7,0,1,3,26.0,0,1,1,10,0
19899.49,168,25,4,0,3,7,32.9,1,1,1,20,0
3075.08,397,21,4,0,1,8,16.23,0,1,1,12,0
670.04,446,116,7,0,2,5,5.78,1,1,1,9,0
1044.4,140,56,11,0,2,6,2.66,1,1,1,6,0
2396.91,319,99,17,0,3,9,10.06,0,1,1,16,0
2854.06,166,11,12,0,4,8,1.03,1,0,1,6,0
3635.22,75,143,8,0,2,4,15.53,1,0,1,6,0
2864.64,167,3,17,0,5,9,21.86,1,1,0,13,1
1820.72,628,28,5,0,4,6,39.33,1,1,1,8,0
957.0,237,1,18,0,1,5,1.42,1,0,1,13,0
2700.35,87,12,5,0,3,5,14.59,1,1,1,11,0
11556.32,209,196,4,0,4,6,21.02,1,0,1,15,0
5013.7,276,4,9,0,2,5,2.23,1,1,1,14,0
3086.23,316,9,8,0,5,9,19.09,1,1,1,22,0
5062.25,139,155,7,0,3,4,0.66,1,0,1,21,0
1247.55,453,74,18,0,4,7,113.1,0,0,1,14,0
1087.61,154,31,4,0,8,8,4.14,1,1,0,9,1
855.95,210,4,2,0,3,5,19.39,1,1,1,6,0
1595.13,45,92,9,0,2,9,1365.25,1,0,1,9,1
1185.59,376,40,4,0,3,6,48.36,1,1,1,15,0
6052.79,64,23,8,0,6,8,507.9,1,1,1,16,1
1124.03,263,26,10,0,1,5,5.71,1,0,1,21,0
810.2,119,42,1,0,3,4,18.15,0,0,1,15,0
12614.18,64,48,18,0,3,6,35.57,1,0,1,16,0
1151.27,124,102,32,0,4,5,0.37,1,1,1,12,0
2108.07,43,88,14,0,3,8,44.78,1,1,1,11,0
2839.33,100,87,18,0,1,5,6.01,1,0,1,23,0
580.16,108,78,11,0,2,3,60.44,0,1,1,14,0
6219.74,67,85,19,0,1,6,42.01,1,1,1,12,0
3419.05,203,67,9,0,2,4,34.28,0,1,1,16,0
8590.26,160,121,3,1,1,5,18.43,1,0,1,17,1
916.7,202,48,4,0,3,9,2.73,1,1,1,1,0
1996.45,111,44,2,0,4,10,7.22,1,1,1,17,0
1880.62,143,72,3,0,2,4,1.83,0,1,1,11,0
2354.04,61,10,1,0,2,4,4.96,1,1,1,10,0
422.16,103,90,9,0,4,6,39.09,1,1,1,20,0
2019.97,64,165,31,0,4,6,929.42,0,1,1,18,0
434.21,131,21,6,0,2,6,3.4,1,1,1,13,0
2587.21,103,56,6,0,2,5,25.99,1,1,1,13,0
215.15,263,1,14,0,2,6,26.98,1,1,1,5,0
283.84,278,87,9,0,2,4,79.71,1,1,1,15,0
4099.21,187,49,7,2,4,7,32.29,0,1,1,18,1
1046.45,273,67,14,0,3,8,657.99,1,1,1,0,0
673.27,198,9,10,0,4,9,9.68,0,1,1,17,0
6443.62,114,99,0,1,2,5,2.62,1,1,0,20,1
2508.97,175,17,5,0,4,12,45.88,0,0,1,10,1
4324.67,409,69,16,0,3,7,741.85,1,1,1,15,0
1531.12,304,53,4,1,3,5,0.87,1,0,1,11,1
26360.68,168,63,17,0,5,8,12.19,1,1,1,20,1
987.81,43,3,35,0,4,6,13.01,1,1,1,15,0
10347.45,491,81,8,0,1,3,21.37,1,1,1,12,0
1700.43,150,95,12,0,5,7,29.21,0,0,1,6,0
345.67,329,38,11,0,2,6,16.19,1,1,1,13,0
2930.27,164,31,4,0,1,3,37.35,1,1,1,16,0
2476.9,34,25,14,0,2,5,15.15,1,0,1,16,0
631.87,360,157,24,0,5,9,2.2,0,0,1,9,0
718.94,202,84,22,0,2,6,3.72,1,0,1,8,0
1763.93,46,71,5,0,2,4,13.87,1,1,1,20,0
2565.09,139,155,9,0,4,6,12.08,0,1,1,14,0
152.83,204,25,2,0,5,10,10.14,0,0,1,19,1
5182.91,188,59,10,0,4,6,19.04,1,1,1,20,0
1102.68,303,69,3,0,1,6,50.07,0,1,1,18,0
477.35,202,334,2,0,3,4,55.14,1,1,1,16,0
4633.49,171,33,4,0,2,11,13.82,0,1,1,13,0
1765.84,73,30,21,0,2,6,3.46,0,1,1,19,0
6100.74,462,5,11,0,1,3,24.89,1,1,1,13,0
2801.62,135,6,2,0,3,5,16.18,1,1,1,9,0
1805.31,109,43,28,0,4,7,14.82,1,1,1,7,0
1551.95,79,11,12,0,1,5,0.67,1,0,1,19,0
2929.87,100,4,0,0,3,10,15.38,0,0,1,10,0
1195.68,288,200,12,0,2,5,54.46,1,0,1,19,0
770.8,55,181,9,0,2,3,10.32,1,1,1,5,0
3327.28,125,23,4,0,5,7,9.47,1,1,1,12,0
1564.8,33,93,14,0,4,10,9.75,1,1,1,8,0
1869.76,91,123,17,0,4,7,6.49,1,1,1,12,0
5374.28,106,37,15,0,2,6,38.85,1,0,1,17,0
1613.44,99,15,10,0,3,5,4.04,1,1,1,6,0
1835.43,79,8,8,0,3,7,24.22,1,1,1,13,0
992.62,384,9,24,0,4,7,27.83,1,1,1,10,0
2781.48,107,95,13,0,2,7,59.38,1,0,1,10,0
2565.29,279,29,14,0,5,9,25.91,1,1,1,18,0
4450.52,117,70,6,0,2,4,1366.43,1,1,1,11,1
1013.2,64,46,41,0,5,7,0.41,1,1,1,20,0
1143.88,251,30,35,0,4,6,17.0,1,1,1,9,0
3992.36,324,7,10,0,2,5,18.53,1,0,1,14,1
2326.72,64,24,6,0,3,7,3.81,1,1,1,14,1
730.54,235,110,6,0,3,4,4.11,1,0,1,12,0
6677.87,136,100,2,0,1,1,2.48,1,0,1,18,0
330.81,507,1,11,0,1,1,6.91,1,0,0,17,0
3961.13,307,9,15,0,2,4,0.78,0,0,1,16,0
510.19,416,84,7,0,4,9,772.61,0,0,1,6,1
11917.8,119,24,15,0,2,9,14.98,1,1,1,15,0
385.83,432,61,16,3,3,5,18.09,1,1,1,16,1
5723.01,268,49,20,0,3,7,9.97,1,0,1,19,0
1666.31,185,63,18,0,2,5,11.15,1,1,1,15,0
1253.13,251,3,28,0,3,6,58.02,1,0,0,0,0
2176.33,78,160,39,0,4,5,1405.44,1,1,1,15,0
3401.26,186,1,2,0,3,6,1452.83,1,0,1,8,1
731.87,135,1,19,0,1,3,46.22,0,0,1,17,0
799.68,328,15,7,0,3,8,38.89,1,1,1,21,0
3462.01,25,302,5,0,1,4,10.56,0,1,1,13,0
327.88,183,4,9,0,3,6,2.96,1,1,1,11,0
1008.05,123,124,12,0,4,9,541.48,1,1,1,17,0
37823.54,457,10,14,0,3,7,6.66,0,1,1,16,1
686.76,149,6,39,0,3,4,73.51,1,0,1,17,0
5697.61,139,90,4,0,3,3,4.61,0,0,1,16,0
1006.31,184,112,9,0,3,7,1.69,1,0,1,0,0
3008.04,255,94,12,0,2,5,0.09,1,1,1,15,0
3478.5,40,16,21,0,4,10,18.82,1,1,1,11,1
5591.24,60,127,22,0,3,5,10.66,1,0,1,12,0
1479.92,458,4,3,0,1,5,14.39,1,1,1,7,0
13212.05,190,25,3,0,2,6,41.35,1,1,1,11,0
1002.91,662,37,8,0,1,4,2.36,0,1,1,22,0
2285.23,86,4,23,0,1,2,3.6,1,1,1,20,0
2310.63,236,52,28,0,2,2,7.18,0,1,1,6,0
588.77,192,49,17,0,2,6,17.12,1,1,1,15,0
1358.49,379,291,9,0,3,8,67.64,1,0,1,11,0
2124.97,51,58,4,0,3,5,520.82,1,1,1,12,1
1173.66,460,30,18,0,3,4,8.1,1,1,1,3,0
20762.92,180,93,4,0,2,3,12.48,1,0,1,6,0
781.63,158,24,17,0,5,12,16.39,1,1,1,17,0
5880.66,233,45,4,0,1,5,24.79,1,1,1,14,0
4257.6,153,3,26,0,1,4,91.3,1,0,1,8,0
1783.15,184,23,10,0,2,5,65.56,1,1,1,13,0
761.12,348,45,2,0,2,5,36.98,1,1,1,15,0
838.61,78,72,1,0,2,5,21.08,1,1,1,13,0
1077.11,228,6,19,0,1,3,13.91,1,0,1,12,0
303.16,233,95,13,0,1,3,2.29,1,0,1,10,0
662.84,475,138,2,0,2,6,41.81,0,1,1,18,0
410.56,132,19,6,0,2,5,25.54,1,1,1,14,0
6945.68,13,86,4,0,3,4,14.17,1,1,1,10,0
3355.86,118,11,12,0,3,5,21.05,1,1,1,15,0
3967.83,96,44,4,0,3,5,3.32,1,0,1,13,1
3257.88,424,95,12,0,1,2,53.99,1,1,1,13,0
2136.59,10,29,8,0,3,5,9.18,1,1,1,18,0
7790.66,316,1,10,0,3,5,45.66,1,0,1,19,0
981.65,211,46,22,0,3,9,36.13,0,1,1,20,0
2011.57,62,111,5,0,1,6,3.74,1,1,1,18,0
3816.38,220,6,29,0,3,6,5.41,1,1,1,7,0
482.41,35,1,15,0,3,6,0.15,1,1,1,10,0
39998.17,263,99,11,0,4,8,18.1,0,1,1,10,1
1860.44,155,18,30,0,4,6,23.63,1,1,1,15,0
2083.89,23,27,10,0,2,5,6.92,0,1,1,17,0
6354.24,57,5,3,0,2,4,5.11,1,1,1,14,0
4514.07,269,6,6,0,1,3,5.7,1,0,1,16,0
1878.22,489,57,33,0,2,7,8.55,1,0,1,19,0
2059.32,498,48,0,0,4,8,10.54,0,0,1,7,0
401.76,325,20,1,0,1,4,3.08,1,0,1,15,0
1036.43,45,36,21,0,1,9,10.33,1,1,1,19,0
3032.7,358,29,2,0,5,8,17.75,1,1,1,10,0
2818.31,536,71,3,0,4,9,15.44,1,0,1,8,0
6131.32,421,118,11,1,2,4,19.6,1,1,1,4,1
1602.79,212,86,4,0,3,8,13.26,0,1,1,10,0
451.56,70,1,47,0,3,6,1.49,0,1,1,12,0
5201.65,347,6,11,0,5,7,30.46,1,0,0,17,1
7601.41,164,33,18,0,3,5,7.96,1,1,1,13,0
4439.27,163,114,21,0,2,6,50.18,1,1,1,20,0
1535.12,170,16,12,0,1,4,19.53,0,0,1,17,0
5137.83,172,126,17,0,2,7,3.15,1,0,1,23,0
55765.49,66,6,15,0,4,7,0.89,1,0,1,9,1
2028.7,131,4,7,2,4,5,822.34,1,0,1,14,1
487.0,459,146,1,0,4,8,20.67,1,1,1,18,0
1005.98,168,10,16,0,3,6,1424.38,0,1,1,19,1
3379.48,125,37,11,0,2,5,3.49,1,1,1,8,0
363.29,85,23,7,0,3,6,20.15,0,1,1,22,0
2141.8,82,9,3,0,2,3,370.38,1,0,1,9,1
2644.76,270,59,5,0,1,4,4.66,1,1,1,18,0
8392.74,208,198,2,0,2,6,0.47,1,1,1,23,0
6702.23,194,64,7,0,3,9,34.04,1,1,1,16,0
4292.33,264,26,0,0,3,9,4.18,1,0,1,21,0
207.95,317,74,2,0,1,5,6.37,0,1,1,15,0
4541.68,176,9,21,0,2,5,11.55,1,1,1,20,0
3661.08,290,52,10,0,1,1,26.73,1,1,1,13,0
2335.41,107,38,10,0,1,7,795.95,1,1,1,4,1
320.47,347,26,10,0,1,5,47.13,1,1,1,14,0
831.5,150,80,6,0,1,7,8.4,1,1,1,17,0
562.94,495,7,18,0,4,8,25.31,1,1,1,17,0
241.05,165,45,7,0,4,9,1234.41,1,0,1,11,1
1802.78,72,115,4,0,3,4,9.24,0,1,1,9,0
814.18,210,13,8,0,2,6,10.77,0,1,1,17,0
24966.88,158,18,24,0,1,5,35.3,1,1,1,19,0
1527.26,57,64,2,0,2,6,2.88,1,1,1,10,0
6592.93,509,88,5,0,6,7,13.42,1,1,1,8,0
376.49,152,19,21,1,2,6,86.27,0,1,1,18,1
1064.13,57,26,3,0,2,3,8.69,1,1,1,15,0
1992.01,155,80,2,0,3,7,16.08,1,0,1,13,0
729.13,109,20,8,0,1,5,21.33,1,1,1,12,0
1185.36,122,65,2,0,4,7,4.79,1,1,1,16,0
1453.96,224,10,8,0,3,6,4.33,1,0,1,8,0
1430.95,96,31,4,0,3,6,22.65,1,0,1,19,0
11557.83,315,70,3,0,3,6,10.33,1,1,1,17,0
2639.19,106,36,11,0,1,4,43.43,1,1,1,13,0
2920.5,82,1,3,0,1,5,0.17,1,1,1,10,0
3101.54,185,31,14,0,3,4,14.96,1,1,1,0,0
3336.33,44,20,38,1,5,6,1.41,0,1,1,14,1
1664.22,155,6,2,0,2,4,8.76,1,1,1,14,0
1311.93,141,1,3,0,3,11,6.01,1,1,1,8,0
2136.27,129,2,3,0,1,3,6.26,1,0,1,11,0
5749.13,67,178,4,0,2,5,52.9,1,0,1,14,0
5576.06,96,83,13,0,2,5,1.63,0,0,1,8,0
1421.69,317,168,29,0,2,3,5.52,0,0,1,17,0
3896.54,83,7,13,0,3,9,49.31,1,1,1,12,0
1488.34,356,50,5,0,3,10,6.79,1,1,1,21,0
1870.33,277,5,2,0,2,5,3.64,1,1,1,12,0
1126.06,143,1,18,0,2,4,43.15,1,1,1,8,0
1507.72,362,37,18,0,1,4,8.16,1,0,1,20,0
6914.18,231,62,3,0,1,4,26.37,0,0,1,12,0
1983.11,147,3,17,0,2,5,0.15,1,1,1,6,0
2069.96,90,27,11,0,3,3,14.23,0,1,1,19,0
425.29,162,5,10,0,4,7,39.3,1,0,1,11,1
1327.11,436,26,9,0,2,7,6.56,0,1,1,10,0
1420.39,161,38,14,0,3,5,25.71,1,0,1,7,0
789.07,505,24,9,0,2,2,15.26,1,1,1,13,0
1847.64,120,51,3,0,3,7,5.68,1,0,1,10,0
1177.11,300,52,3,0,2,5,58.89,1,1,1,10,0
1958.62,432,24,3,0,3,7,19.8,0,0,1,9,0
2041.63,135,29,5,0,3,9,6.72,1,0,1,20,0
695.23,90,34,3,0,2,6,16.93,1,1,1,16,0
1213.54,15,28,13,0,3,8,10.62,1,1,1,8,0
1953.49,147,85,7,0,2,6,27.39,1,1,1,17,0
5909.4,261,9,6,0,2,4,18.85,1,1,1,14,0
2337.22,88,116,6,0,3,9,2.21,1,1,1,15,0
932.68,114,24,51,0,4,8,31.57,1,1,1,11,0
2694.6,208,77,14,0,1,4,1.45,1,1,1,14,0
9972.12,289,129,7,0,5,8,21.11,1,1,1,6,0
4521.99,206,131,7,0,4,8,38.37,1,1,1,11,0
3126.05,84,36,9,0,5,9,15.23,1,1,1,8,1
3735.33,114,17,24,0,3,8,1.26,1,0,1,22,0
7630.85,90,55,13,1,1,3,37.75,1,1,1,16,1
5300.87,195,12,17,0,3,8,29.63,1,1,1,7,0
3186.76,105,93,15,0,3,11,15.06,0,1,1,22,0
5263.98,93,74,12,0,1,3,18.46,1,1,1,19,0
612.99,90,95,5,0,3,3,31.24,1,0,1,21,0
402.52,475,34,1,3,2,5,882.17,1,1,1,14,1
2115.61,203,48,4,0,4,6,17.07,1,1,1,19,0
1936.58,376,6,2,0,2,3,12.63,1,1,1,18,0
1049.52,357,69,16,0,3,5,13.91,1,0,1,6,0
4129.26,365,40,10,0,2,6,1231.12,1,1,1,11,1
280.66,322,42,10,0,1,1,16.73,0,1,1,8,0
1059.16,510,112,21,0,2,6,20.44,0,1,1,13,0
1113.26,198,88,8,0,2,7,7.77,1,1,1,14,0
352.02,202,45,17,0,3,5,937.0,1,1,1,11,0
8060.5,207,26,11,0,2,4,1331.37,1,0,1,8,1
464.42,46,35,9,0,1,1,1.12,1,1,1,21,0
1003.91,113,25,14,0,3,7,2.81,1,1,1,10,0
4482.7,330,9,13,0,6,11,7.82,1,0,1,8,1
3449.71,149,62,8,0,3,3,18.65,1,1,1,20,0
596.95,327,70,2,0,2,4,1246.99,1,1,1,7,0
3577.75,161,212,12,0,4,8,19.79,1,0,1,19,0
2415.8,433,36,18,0,2,7,23.47,1,0,1,13,0
18639.45,385,354,12,0,7,12,0.97,1,1,1,18,0
2707.93,86,12,4,0,1,1,40.59,1,1,1,13,0
1569.89,50,64,7,0,1,7,40.71,1,1,1,9,0
767.78,63,315,11,0,2,5,8.94,1,1,1,14,0
858.99,49,61,15,0,2,5,1370.62,1,0,1,21,1
791.74,230,36,13,0,4,7,13.89,1,1,1,16,0
7123.1,218,43,17,0,3,7,10.06,1,1,1,11,0
1840.83,220,112,6,0,3,7,29.99,1,0,1,8,0
3181.94,196,167,7,0,1,7,52.66,1,0,1,12,0
8219.36,248,36,24,0,6,10,21.46,1,1,1,22,0
170.98,82,88,12,0,1,8,4.42,1,1,1,7,0
6495.56,468,162,3,0,3,6,14.26,1,1,1,14,0
1911.03,258,19,7,0,2,6,10.54,1,1,1,20,0
2793.49,74,40,7,2,2,6,1.42,1,0,1,19,1
789.66,103,323,9,0,1,5,2.3,1,1,1,12,0
849.69,231,26,7,0,3,4,40.31,1,1,1,10,0
2947.89,408,58,15,0,1,4,22.49,1,1,0,11,0
19625.75,102,64,3,0,2,6,16.79,0,0,1,13,1
4931.08,84,10,21,0,5,9,55.15,1,1,1,9,1
6409.41,311,98,2,0,3,7,10.24,1,0,1,10,0
1492.19,321,31,6,0,2,2,0.72,0,1,1,14,0
992.07,152,41,4,0,5,8,24.98,1,1,1,18,1
828.15,88,61,19,0,2,7,28.27,1,1,1,18,0
1109.57,120,31,22,0,2,3,21.64,1,0,1,9,0
232.11,512,23,11,0,4,8,34.44,0,0,1,13,0
875.75,568,47,1,0,3,7,10.44,1,1,1,12,0
1032.41,305,25,2,0,2,4,30.94,1,1,1,20,0
1517.23,253,34,2,0,4,10,1160.22,1,1,1,13,1
2062.66,154,6,26,0,4,7,2.92,1,1,1,10,0
2597.88,342,111,14,0,2,3,34.75,1,0,1,19,0
1781.26,101,31,41,0,2,4,6.5,1,0,1,12,0
1010.86,135,5,12,0,4,8,29.38,1,1,1,21,0
253.82,124,93,11,0,4,6,12.76,0,1,1,20,0
1017.08,122,1,11,0,1,6,0.81,1,1,1,13,0
683.72,60,54,13,0,3,8,9.73,1,0,1,15,0
2881.5,37,72,1,0,1,2,2.14,1,1,1,18,0
4488.56,155,12,9,3,4,9,12.89,1,1,1,0,1
4621.95,408,8,10,0,2,3,27.08,1,1,1,23,0
3854.33,333,7,13,0,4,7,27.45,1,1,1,20,0
1582.05,219,300,9,0,4,10,2.84,1,0,1,11,0
1072.82,170,84,4,0,2,2,4.74,1,1,1,21,0
856.54,531,22,1,0,1,3,0.68,1,1,1,9,0
400.41,239,24,27,0,1,4,21.1,1,1,1,14,0
4874.89,117,62,13,0,2,5,42.48,1,1,1,7,0
1518.21,175,36,10,0,2,5,11.76,1,0,1,9,0
519.91,384,18,17,0,4,6,21.46,1,1,1,9,0
791.17,36,3,4,0,1,5,7.1,1,1,1,11,0
759.78,352,91,7,0,3,6,365.89,1,1,1,23,0
1887.53,171,131,3,0,3,6,465.08,1,0,1,7,0
5257.8,151,13,2,0,5,9,58.03,1,1,1,4,1
1276.67,101,3,9,0,2,5,68.92,1,1,1,12,0
190.08,215,7,5,0,3,5,36.36,0,1,1,6,0
1496.4,227,32,7,0,3,7,17.91,1,1,1,10,0
1546.59,180,21,2,0,1,3,0.83,1,1,1,14,0
1443.87,107,4,4,0,2,6,6.39,0,0,1,15,1
965.4,254,36,7,0,4,7,37.61,1,1,1,20,0
2247.2,418,13,6,0,3,5,40.14,0,0,1,10,1
1931.67,404,4,45,0,3,5,3.11,1,1,1,13,0
1763.7,116,64,9,1,4,8,19.0,1,1,1,12,1
2731.6,110,50,5,0,1,5,2.04,1,0,1,8,0
1176.34,190,105,4,0,2,4,25.04,1,1,1,18,0
1111.44,69,21,13,0,1,3,1037.48,1,1,1,22,1
7187.68,236,8,39,0,3,4,38.12,1,1,1,7,0
3163.25,114,26,20,0,2,4,32.24,1,1,1,16,0
4133.77,101,90,9,3,2,7,29.64,1,0,1,14,1
6161.68,337,16,4,0,4,10,71.41,0,0,1,21,1
3059.31,75,17,5,0,1,9,3.42,1,0,1,7,0
4575.12,260,9,1,0,2,3,14.26,1,0,1,20,0
372.66,35,258,3,0,2,6,0.6,1,1,1,22,0
2217.54,452,205,10,0,1,5,5.9,1,1,1,19,0
1506.1,177,64,13,0,3,7,1154.84,1,0,1,14,0
9678.71,55,14,12,0,2,7,7.83,1,1,1,15,0
4571.72,171,87,2,0,1,2,6.4,1,1,0,6,0
962.52,493,52,14,0,2,7,7.76,1,1,1,13,0
2624.89,68,83,3,0,4,10,8.83,1,1,1,15,0
2138.12,262,118,3,0,5,11,17.51,0,1,1,15,0
2847.88,206,23,12,0,1,7,12.66,1,1,1,22,0
652.73,113,146,9,0,1,2,45.88,1,0,1,15,0
2591.56,179,137,4,0,1,3,1.64,1,1,1,20,0
1439.21,178,47,21,0,2,5,0.26,1,1,1,15,0
2398.14,31,69,11,0,2,5,3.94,1,1,1,15,0
876.22,91,31,6,0,2,4,37.17,1,0,1,7,0
1007.21,126,63,4,0,3,6,17.39,1,1,1,14,0
5847.92,401,47,5,0,4,7,9.86,1,1,1,12,0
631.72,591,23,3,0,1,5,0.46,1,0,1,7,0
680.1,55,23,9,0,4,8,11.07,1,1,1,0,1
1717.15,285,63,7,0,1,4,3.84,1,1,1,9,0
835.57,50,188,11,0,4,5,3.77,0,1,1,18,0
746.18,517,13,24,0,2,3,72.2,1,1,1,19,0
2008.36,222,29,24,0,3,5,27.77,1,0,1,22,0
401.39,150,98,3,1,2,4,1426.51,1,1,1,8,1
659.87,125,7,8,0,2,4,55.98,1,1,1,20,0
14102.33,169,308,6,0,2,5,5.0,1,1,1,6,0
2862.57,101,68,8,0,3,5,2.03,1,1,1,19,0
857.0,137,145,12,0,4,5,9.49,1,1,1,19,0
2746.86,69,109,4,0,1,1,44.4,1,1,1,17,0
3188.58,242,90,6,0,1,4,18.46,0,0,1,22,0
4887.39,128,2,2,0,3,4,32.88,0,0,1,20,1
1592.16,186,31,9,0,3,4,2.33,0,0,1,14,0
4800.61,369,13,16,0,2,6,8.56,1,0,1,17,0
235.46,261,123,5,0,2,3,31.61,1,0,1,12,0
628.72,88,68,5,0,2,7,21.36,0,1,1,10,0
2129.99,247,6,10,0,1,3,9.82,1,0,1,20,0
2514.01,194,26,16,0,1,6,32.39,1,1,1,22,0
726.48,29,4,14,0,1,3,678.47,0,1,1,15,0
2343.54,250,80,25,0,3,8,11.43,1,1,1,8,0
968.9,176,32,10,0,5,6,0.18,0,1,1,9,0
1370.65,120,16,34,0,6,11,2.12,1,1,1,7,0
5038.05,267,43,22,0,1,6,4.0,1,1,1,20,0
4486.99,98,2,7,0,3,4,5.57,1,1,1,14,0
667.1,252,17,5,0,2,7,2.99,1,1,1,23,0
628.13,379,11,13,0,5,7,10.37,1,0,1,0,0
1198.5,76,160,17,0,2,4,91.15,1,0,1,17,0
1760.32,243,28,1,0,2,3,8.31,1,1,1,9,0
936.46,14,52,3,0,3,9,3.12,1,1,1,7,1
5118.63,156,41,15,0,4,6,22.8,1,0,1,19,0
2559.05,199,64,17,0,4,8,30.18,1,1,1,15,0
2713.75,116,19,13,0,1,3,15.55,1,1,1,22,0
509.52,165,7,5,0,3,6,9.86,1,1,1,11,1
5809.74,118,5,1,0,3,6,57.21,1,1,1,11,0
107.75,79,12,3,0,1,3,0.82,1,0,1,7,0
4163.27,292,39,33,0,5,6,12.37,1,1,1,9,0
4602.3,52,16,7,0,2,7,298.63,1,1,1,8,0
1173.33,222,34,14,0,2,2,3.7,1,0,1,7,0
6456.94,131,1,8,0,2,3,30.77,1,1,1,10,0
1697.48,165,59,12,0,1,4,0.7,1,1,1,20,0
1924.52,215,126,7,0,2,5,1.72,1,0,1,10,0
2539.01,343,2,24,0,3,6,14.23,1,0,1,7,0
43764.35,117,14,18,0,3,8,27.44,1,1,1,12,1
6935.68,69,22,7,0,3,7,103.08,1,1,1,19,0
3645.07,173,20,9,0,3,6,900.98,1,0,1,1,1
725.74,174,2,6,0,2,2,94.02,0,1,1,22,0
2087.22,435,6,11,0,3,5,1.0,1,1,1,16,0
801.81,72,146,1,0,2,7,45.77,1,0,1,8,0
4113.83,261,74,2,0,3,6,10.38,1,0,1,8,0
2080.72,204,190,7,0,3,4,2.45,1,1,1,9,0
587.27,327,34,5,0,3,5,103.48,1,1,1,8,0
1960.83,70,126,21,0,3,11,5.44,1,1,1,13,0
773.23,161,101,4,0,1,5,1.64,1,0,1,12,0
2103.2,361,124,10,0,3,8,18.43,1,0,1,8,0
765.8,25,2,6,0,6,11,6.59,1,1,1,16,1
1858.43,60,63,11,0,3,5,0.39,1,1,1,6,0
3829.42,251,50,10,0,3,10,45.49,1,1,0,4,1
1714.62,54,47,2,0,1,5,74.51,0,1,1,19,0
1223.06,170,42,13,1,4,11,0.79,1,0,1,16,1
2215.59,87,95,2,0,3,5,68.48,1,1,1,6,0
3630.71,200,206,15,0,3,7,19.42,1,1,1,11,0
597.54,492,105,0,0,2,5,4.55,1,0,1,19,0
2346.44,103,122,12,0,3,6,11.48,0,1,1,20,0
6751.64,93,39,2,0,1,4,473.62,0,0,1,19,1
3208.81,346,70,1,0,3,7,13.39,1,1,1,15,0
1915.54,74,32,7,0,2,6,6.5,1,1,1,2,0
3428.02,56,26,1,0,1,3,0.77,1,1,1,19,0
2842.66,84,135,33,0,3,6,27.46,1,1,1,13,0
3841.43,233,141,9,0,2,5,15.72,1,1,1,16,0
238.91,88,68,1,0,2,4,94.19,1,1,1,13,0
382.43,207,109,10,0,2,3,6.64,1,1,1,12,0
4938.56,254,26,0,0,1,5,28.19,1,1,1,5,0
401.3,134,34,2,0,3,6,1.53,1,1,1,20,0
2701.44,128,103,22,1,5,6,7.07,1,1,1,17,1
1271.5,162,30,22,0,2,5,14.71,1,1,1,16,0
667.68,507,2,10,0,3,9,24.04,1,1,1,11,0
2564.84,116,26,2,0,4,4,26.24,1,1,1,10,0
2210.63,168,30,5,0,3,6,1.48,1,1,1,15,0
14918.28,432,10,8,0,3,10,18.7,0,1,1,13,0
967.96,454,25,22,0,3,8,3.37,1,0,1,11,0
7632.04,109,163,13,0,4,6,66.12,0,1,1,17,0
2571.96,73,117,5,0,2,5,26.77,1,1,1,18,0
933.53,295,35,3,0,5,7,38.95,1,0,1,20,0
4020.84,158,74,2,0,2,5,22.89,1,1,1,21,0
3183.51,424,9,38,0,1,4,347.17,0,1,1,6,0
1874.02,47,83,19,0,3,5,4.31,1,1,1,15,0
2359.71,73,38,9,0,4,8,6.73,1,1,1,11,0
995.27,171,76,17,0,3,6,36.05,1,0,1,7,0
791.72,184,61,6,0,2,5,21.8,1,1,1,6,0
3863.94,97,15,3,0,1,6,31.44,1,0,1,10,0
1445.28,192,107,7,0,1,4,59.01,1,0,1,17,0
1668.89,309,50,8,0,1,1,39.98,1,1,1,14,0
2391.85,177,92,15,0,1,2,12.16,1,1,1,10,0
2357.34,305,5,4,0,1,4,42.64,1,1,1,18,0
432.97,132,57,1,0,2,3,487.27,1,1,1,19,0
6543.66,333,20,7,0,6,8,1.39,0,1,1,14,1
2040.97,228,118,6,0,3,6,56.62,1,1,1,7,0
1476.38,83,179,24,0,8,8,647.48,1,1,1,7,0
2781.78,225,3,15,0,2,8,29.54,0,1,1,7,0
2290.54,169,77,4,0,1,4,5.87,1,1,1,22,0
3893.5,191,6,3,0,1,5,8.08,1,1,1,22,0
3096.36,168,116,5,0,1,3,28.87,1,1,1,15,0
3706.51,111,7,3,0,3,6,13.7,0,1,1,11,1
6981.32,502,13,40,1,4,7,16.28,1,1,1,13,1
4374.84,207,17,3,0,4,7,27.0,0,1,0,12,1
1539.96,177,78,4,0,1,4,19.91,1,1,1,16,0
588.22,65,20,9,0,3,10,12.06,0,0,1,17,1
9583.5,243,54,2,0,3,6,61.99,1,1,1,20,0
1425.5,37,50,4,0,2,9,46.84,1,1,1,13,0
1126.52,262,30,13,0,3,4,25.63,1,1,1,7,0
318.39,73,46,9,0,1,5,43.09,1,1,1,11,0
2536.33,76,7,9,0,2,7,205.91,1,0,1,19,1
2098.31,56,125,7,0,6,10,8.18,1,1,1,16,0
397.38,589,13,4,0,3,7,2.69,1,1,1,11,0
2844.87,376,127,1,0,2,4,29.82,1,0,1,9,0
1098.62,113,43,4,0,5,10,21.7,1,1,1,19,1
26643.89,186,57,5,0,2,4,0.39,1,1,1,13,1
1023.15,237,17,9,0,2,4,38.5,0,1,1,18,0
1170.06,79,15,4,0,2,4,0.68,1,0,1,18,0
753.87,14,40,8,0,5,12,15.7,1,0,1,11,1
6489.08,113,18,3,0,2,5,601.87,1,1,1,12,1
1245.42,64,33,2,0,2,8,33.79,1,1,0,7,1
875.75,108,34,12,0,4,6,12.45,1,1,1,9,0
3666.36,185,18,4,0,1,5,8.95,1,1,1,14,0
454.7,36,20,15,0,2,4,21.4,1,1,1,16,0
3378.24,146,216,9,0,1,5,28.02,1,1,1,18,0
10736.45,154,53,27,0,2,4,35.64,1,1,0,17,0
3186.28,221,106,0,0,3,4,8.17,1,1,1,19,0
3421.72,180,2,14,0,1,3,93.39,1,1,1,9,0
4315.9,195,1,9,0,4,11,17.04,1,1,1,14,0
9993.68,163,43,12,0,2,6,21.69,0,1,1,13,0
6062.6,239,105,8,0,1,5,29.16,1,1,1,15,0
2806.43,216,56,11,0,3,5,35.39,1,1,1,14,0
4464.41,56,57,2,0,2,6,7.64,0,0,1,11,1
745.51,299,9,9,0,3,7,6.14,0,1,1,11,0
3929.6,143,230,5,0,3,4,24.65,1,1,1,12,0
661.46,317,45,35,0,1,5,52.51,1,1,1,11,0
1252.6,190,6,23,0,1,4,0.62,1,1,1,9,0
82.88,321,32,5,0,2,3,8.64,0,1,1,20,0
2701.14,279,4,1,0,2,5,2.64,1,0,0,14,1
949.68,85,32,4,0,3,5,21.68,1,0,1,21,0
5492.54,96,74,2,0,2,8,21.9,0,1,1,3,0
2670.96,351,23,5,0,2,8,0.26,1,0,1,13,0
5564.13,254,22,12,0,3,6,31.12,0,1,1,16,0
611.8,364,43,2,0,2,5,14.79,1,1,1,19,0
5107.1,76,41,0,0,1,6,4.54,1,1,1,12,0
14851.5,120,37,4,2,2,4,25.34,1,1,1,22,1
3882.2,144,43,10,0,1,1,39.39,1,1,1,8,0
3985.22,223,2,8,0,3,7,5.24,1,1,1,16,0
2142.22,103,38,11,0,3,7,0.34,1,0,1,18,0
1069.91,296,289,1,0,1,2,72.25,0,0,1,20,0
3870.71,199,86,2,0,2,7,7.12,1,1,1,12,0
400.98,199,20,5,0,3,8,21.02,1,1,1,13,0
1190.64,203,67,16,3,2,3,11.51,0,1,1,15,1
307.64,143,24,16,0,2,6,516.78,1,1,1,11,0
894.57,210,12,5,0,3,4,1269.11,1,1,1,17,1
3435.94,246,89,17,0,2,8,7.13,1,0,1,22,0
2997.08,125,14,4,0,2,4,8.43,1,0,1,17,1
1902.48,103,117,19,0,1,5,2.01,1,1,1,13,0
2143.94,156,28,6,0,3,7,15.96,1,1,1,21,1
274.28,157,84,8,0,4,7,64.38,1,1,1,23,0
1245.68,274,18,33,0,3,3,7.79,1,1,1,23,0
914.75,129,63,0,0,1,4,44.85,1,1,1,11,0
935.37,290,14,11,0,2,7,1.36,1,1,1,7,0
3293.08,328,1,18,0,7,11,9.07,1,1,1,20,0
764.71,163,101,12,0,3,7,944.29,1,1,1,11,0
987.64,196,116,6,0,1,6,29.86,1,1,1,19,0
224.29,286,127,8,0,3,8,660.38,1,1,1,11,0
1347.33,358,2,2,0,3,4,828.51,1,1,1,5,1
609.21,183,85,7,0,2,5,1.72,1,1,0,19,0
1957.07,107,108,13,0,2,5,961.96,1,1,1,17,1
698.47,283,22,15,0,3,5,2.47,0,1,1,23,0
2007.29,165,38,1,0,4,7,1261.1,1,0,1,10,1
1564.49,96,31,3,0,2,8,0.3,1,0,0,1,1
9624.26,359,34,6,0,3,6,3.92,0,1,1,17,0
2972.68,203,112,14,0,3,8,17.17,1,1,1,13,0
287.25,381,32,3,0,1,2,27.31,1,1,1,22,0
510.36,269,21,3,0,2,4,8.86,1,1,1,20,0
1910.67,168,8,4,0,1,2,1114.29,1,1,1,9,1
713.48,308,67,14,0,4,7,1438.79,1,1,1,22,1
92.91,284,5,4,0,3,5,10.3,1,1,1,12,0
6971.23,88,3,7,0,4,6,20.57,1,0,1,11,1
3715.33,265,68,13,0,5,6,1207.7,1,0,1,7,1
3044.15,477,71,21,0,3,6,1.97,1,1,1,19,0
985.03,170,13,5,0,2,6,8.09,1,1,1,16,0
2772.98,283,189,7,3,3,6,4.49,1,1,1,14,1
893.94,540,93,7,0,1,1,0.05,0,1,1,21,0
2219.1,146,69,8,0,2,10,17.89,1,1,1,18,0
720.12,214,84,6,0,4,4,18.79,0,1,1,19,0
8236.15,205,31,0,0,1,2,841.59,0,1,1,16,0
376.07,189,36,9,3,1,6,4.24,1,1,1,19,1
6199.87,535,122,11,0,3,5,5.54,1,1,1,4,0
1879.79,61,1,45,0,1,2,9.51,1,1,1,15,0
1108.25,173,97,7,0,2,4,5.42,1,0,1,15,0
2136.67,162,35,5,0,1,7,11.19,1,1,1,8,0
3764.42,164,37,13,0,1,9,7.12,0,0,1,7,0
7092.17,89,23,10,0,4,6,59.47,0,0,1,16,1
2472.89,335,56,8,0,4,10,23.13,1,1,1,18,0
741.97,265,67,10,0,3,5,3.75,1,1,1,10,0
1911.47,112,10,23,0,3,6,39.73,1,0,1,7,0
11123.25,130,50,32,0,2,3,19.78,1,0,1,12,0
6958.21,81,37,13,0,1,4,56.76,0,0,1,19,0
4486.21,140,91,4,0,4,7,995.13,0,1,1,0,1
4006.55,212,47,6,0,4,6,12.48,1,0,1,18,0
3638.95,67,33,2,0,2,5,14.92,1,1,1,15,0
5760.36,151,45,6,0,3,9,8.94,1,1,1,17,0
1145.24,503,40,10,0,1,7,16.49,1,0,1,7,0
466.34,49,164,5,0,3,5,4.88,1,1,1,15,0
1937.21,119,22,12,0,5,8,14.44,1,1,1,22,1
798.25,220,2,1,0,1,3,11.23,1,1,1,8,0
629.53,146,65,9,0,3,7,10.65,1,1,1,0,0
879.82,64,55,10,0,4,9,3.83,0,1,0,0,1
21705.35,212,144,11,0,2,2,8.7,1,1,1,18,0
2071.7,164,7,13,0,5,7,15.26,1,1,1,10,0
2596.47,119,44,5,0,2,5,1524.45,1,0,1,7,1
532.53,142,9,2,0,5,8,10.05,1,1,1,18,1
286.07,143,36,24,0,2,9,3.08,0,1,1,18,0
797.07,97,96,23,0,2,5,614.63,1,1,1,13,0
7617.44,346,116,7,0,1,3,7.98,1,1,1,22,0
2525.7,373,107,4,0,2,4,4.7,0,1,1,9,0
3289.84,24,47,10,0,1,6,24.42,1,1,1,12,0
3784.11,174,60,4,0,2,7,289.11,0,1,1,10,0
1000.9,413,48,11,0,2,6,16.25,1,0,1,18,0
7244.27,134,49,26,0,2,9,4.86,0,1,1,22,0
960.25,310,129,8,0,3,9,35.26,1,1,1,9,0
7377.81,273,14,15,0,1,3,12.86,1,1,1,10,0
2813.83,95,34,10,0,5,9,48.12,1,1,1,21,1
302.16,166,56,9,0,3,5,5.01,1,0,1,9,0
855.76,179,86,4,0,2,4,2.97,1,0,1,17,0
303.4,122,86,9,3,3,4,7.71,1,1,1,17,1
5786.5,238,7,5,0,3,7,24.99,1,1,1,10,0
1763.87,276,15,6,0,4,6,12.14,1,0,1,16,0
194.74,194,145,10,0,2,6,24.94,1,1,1,9,0
2632.65,292,26,4,0,2,8,7.13,1,1,0,9,0
1056.63,198,1,2,0,2,3,22.15,1,0,1,11,0
410.02,177,13,5,0,1,4,1005.39,1,0,1,19,1
9681.44,42,209,11,0,2,6,18.32,0,0,0,3,0
2012.81,69,22,22,0,1,3,4.7,1,1,1,19,0
1348.26,457,57,1,0,3,6,21.26,0,0,1,8,0
1212.66,253,77,15,0,1,3,1.84,1,0,1,9,0
398.11,406,62,10,0,2,7,18.97,1,1,1,18,0
490.51,159,28,11,0,2,4,1.26,1,1,1,18,0
6534.93,636,33,15,0,3,3,29.17,1,0,1,16,0
1125.65,171,109,9,0,5,8,1491.26,1,1,0,14,1
1848.39,160,65,9,0,1,2,26.09,1,1,1,12,0
234.08,47,1,22,0,3,10,29.99,0,0,1,10,0
483.91,296,13,8,0,3,9,0.61,1,0,1,9,1
3326.95,402,20,6,0,5,10,14.39,1,1,1,10,0
2637.83,522,27,4,0,3,5,58.58,1,0,1,16,0
10439.74,184,51,2,0,1,3,13.95,1,0,1,21,0
6925.44,109,27,16,3,2,6,31.96,1,0,1,23,1
1435.53,167,104,21,0,4,5,30.52,0,1,1,13,0
2901.41,250,38,4,0,1,3,240.0,1,0,1,19,0
1317.38,147,41,10,0,2,8,18.79,1,0,1,21,1
14112.41,162,33,3,0,1,4,2.62,0,1,1,7,0
5704.52,178,22,1,0,3,5,0.72,1,1,1,9,0
2142.41,186,77,27,0,3,6,14.04,1,0,1,13,0
2209.22,72,15,12,0,2,6,11.53,1,1,1,13,0
7668.3,211,70,20,0,1,3,82.86,1,1,1,18,0
3227.87,101,45,21,0,2,6,5.47,1,1,1,14,0
8592.35,197,6,11,0,3,4,17.52,1,1,1,23,0
201.61,54,1,4,0,1,8,15.84,1,0,1,7,0
2867.59,357,11,20,0,3,7,1.81,1,1,1,19,0
1079.84,181,85,9,0,3,6,32.89,1,0,1,9,0
10471.14,157,29,20,0,1,7,91.01,1,0,1,19,0
8487.92,332,98,14,0,2,6,13.39,1,1,1,11,0
1868.4,250,41,0,0,3,5,1.02,1,1,1,19,0
8397.01,146,1,3,0,4,8,42.77,1,1,1,11,1
10754.88,382,112,3,0,2,3,5.61,0,1,1,8,0
1947.7,181,165,17,0,2,4,42.45,1,1,1,12,0
21416.86,173,4,3,0,2,4,38.16,1,0,1,17,1
1752.26,200,14,2,0,3,3,21.18,1,0,1,6,0
1458.96,547,75,39,0,1,5,42.62,1,1,1,10,0
4297.86,49,352,6,0,2,5,1.0,1,0,1,23,0
1269.29,574,125,3,0,3,8,37.27,1,1,1,21,0
1969.12,325,6,8,0,1,2,10.53,1,1,1,11,0
7401.47,150,56,9,0,2,5,22.1,1,0,1,5,0
1843.13,133,65,6,3,4,8,12.3,1,1,1,18,1
331.95,218,59,0,0,4,10,23.63,1,1,1,17,0
2610.56,245,50,10,0,2,3,8.46,1,1,1,10,0
901.18,366,20,18,0,1,3,548.57,0,1,1,10,0
4295.28,173,66,7,0,2,5,4.81,1,1,1,19,0
3627.1,174,78,1,0,2,6,15.22,1,1,1,21,0
7874.62,29,51,17,0,1,4,9.09,1,0,1,14,0
4480.69,128,41,35,0,2,5,19.82,1,1,1,15,0
5378.93,461,14,5,0,2,5,11.53,1,0,1,10,0
926.03,256,47,32,0,1,3,62.47,1,1,1,15,0
4039.95,253,8,19,0,2,5,34.41,1,0,1,11,0
12944.82,137,4,16,0,3,8,17.12,1,1,1,21,0
908.1,125,90,10,1,6,12,14.23,1,0,1,9,1
10935.16,258,67,7,0,1,8,55.74,1,0,1,17,0
1043.83,223,62,3,0,3,6,2.38,1,1,1,18,0
771.26,258,157,8,0,4,9,33.81,1,1,1,6,0
2431.35,197,28,7,0,5,8,1.29,1,1,1,16,0
3699.34,223,30,12,0,1,5,72.33,1,1,1,10,0
4499.63,70,32,7,0,3,8,53.79,1,0,1,16,1
691.07,498,37,17,0,1,3,13.01,1,0,1,19,0
2792.07,141,43,4,0,2,7,3.17,0,1,1,9,0
910.91,202,90,25,0,1,4,1.98,1,0,1,5,0
407.92,31,14,11,0,5,10,51.42,1,1,1,9,1
714.27,123,34,9,0,2,2,62.58,1,1,1,19,0
853.29,192,42,22,0,2,4,0.92,1,0,1,15,0
3046.03,249,11,12,0,1,5,1439.64,1,1,1,11,1
5722.8,40,72,6,0,3,9,29.01,1,1,1,18,0
414.38,192,3,14,0,3,10,677.22,1,1,1,13,1
2570.77,367,52,2,0,3,7,10.6,1,0,1,16,0
557.41,233,13,11,0,3,5,11.48,1,1,1,17,0
3391.7,388,1,4,0,2,6,19.24,1,1,1,19,0
969.97,249,22,6,0,3,6,49.87,1,1,1,11,0
631.86,134,33,1,0,4,6,31.35,1,0,0,13,1
4022.52,165,101,9,0,3,8,8.48,1,1,1,17,0
1005.34,205,31,19,0,3,4,1.98,0,0,1,15,0
1318.22,265,148,18,0,2,7,23.59,0,1,1,16,0
196.37,276,110,7,0,5,7,28.45,1,0,1,3,0
4658.98,145,12,7,0,2,2,5.23,0,1,1,17,0
4108.89,143,10,9,0,4,8,13.21,1,1,1,7,1
1817.94,128,16,4,0,3,4,11.16,1,0,1,18,0
392.45,60,26,17,0,3,7,3.46,1,1,1,23,0
6059.42,316,52,8,0,2,4,6.88,0,0,1,15,0
928.65,147,7,3,0,1,3,56.02,1,1,1,17,0
1149.0,85,45,4,0,3,6,43.51,1,1,1,17,0
18252.26,247,52,10,0,2,6,6.95,1,1,1,6,0
894.59,263,64,3,0,4,7,1.16,1,1,1,14,0
3797.92,73,47,5,0,2,8,10.18,1,1,1,7,0
3171.92,362,104,4,0,2,3,49.7,1,1,1,7,0
2670.9,333,61,20,0,6,9,11.73,1,1,1,19,1
2397.07,201,155,11,0,2,5,34.74,1,1,1,13,0
2634.34,195,72,9,0,1,3,38.43,1,1,1,21,0
2373.07,314,34,11,0,3,6,10.74,1,1,1,10,0
1716.57,139,14,6,0,3,10,19.07,1,0,1,14,0
8195.03,364,1,7,0,3,5,38.01,1,0,1,9,1
486.55,42,5,12,0,4,6,59.87,1,1,1,18,0
5021.37,214,12,2,0,1,3,1126.81,0,1,1,10,1
4114.79,176,14,5,0,3,5,11.55,1,1,1,19,0
3635.13,69,81,3,0,4,10,1094.28,1,1,1,17,1
5524.67,319,29,3,0,2,7,7.16,1,1,0,19,0
1648.14,126,23,20,0,5,9,10.44,1,0,1,16,1
278.95,294,3,5,0,1,6,81.12,1,1,1,20,0
1681.95,257,46,10,0,2,4,1.88,1,1,1,12,0
671.02,103,56,8,0,1,3,7.23,1,0,1,3,0
869.69,43,126,14,0,4,7,24.89,1,1,1,10,0
521.95,232,41,3,0,2,4,39.92,1,1,1,13,0
1121.76,262,1,6,0,1,5,25.85,1,0,1,10,0
995.63,216,4,4,0,1,6,9.57,1,1,1,14,0
167.74,104,18,3,0,3,6,19.29,0,1,1,15,0
3641.76,541,8,26,0,4,8,12.23,1,1,0,10,0
16652.6,178,88,10,0,2,4,24.75,1,1,1,9,0
3315.08,49,6,4,0,3,6,0.55,1,1,1,19,1
1475.98,323,10,14,0,2,4,18.32,1,0,1,7,0
1711.72,112,65,6,0,2,4,541.21,0,1,1,20,1
1186.8,270,16,5,0,2,4,31.75,1,0,1,20,0
1978.4,99,208,7,0,1,2,19.05,0,0,1,18,0
1742.35,182,119,5,0,2,6,6.76,1,1,1,14,0
779.73,79,81,1,0,1,4,31.06,1,1,1,8,0
9729.21,171,25,9,0,2,3,5.23,1,1,1,13,0
408.64,107,3,4,0,2,3,10.45,1,1,1,10,0
3708.31,154,24,7,0,1,4,55.71,1,0,1,17,0
1634.03,127,28,8,0,1,5,14.9,1,1,1,5,0
12098.44,330,8,17,0,2,3,7.7,1,1,1,18,0
2542.4,402,7,9,0,3,5,48.21,1,0,1,8,0
1261.55,123,66,8,0,4,4,3.66,1,1,1,9,0
1411.34,350,15,4,0,1,5,32.52,1,0,1,0,0
1881.65,525,67,15,0,1,6,4.06,1,1,1,8,0
576.63,74,47,7,0,3,7,60.58,1,1,1,20,0
839.77,164,139,11,0,1,4,19.7,1,1,0,18,0
303.4,137,95,10,0,2,8,81.63,1,1,1,12,0
718.4,512,9,36,0,4,5,1354.13,1,0,1,8,0
1986.06,211,56,12,0,5,8,249.54,1,1,1,9,0
2441.03,525,63,21,0,2,4,15.01,0,1,1,14,0
249.8,287,118,2,0,3,4,2.16,1,1,1,7,0
1576.23,309,61,12,0,3,8,23.4,1,1,1,19,0
3176.1,178,9,9,0,1,4,12.68,1,1,1,9,0
1536.23,249,17,2,0,4,8,1.72,1,1,1,18,0
959.31,236,60,2,2,2,7,44.33,1,0,1,16,1
1197.32,253,145,4,0,1,7,16.4,1,1,1,9,0
1052.83,38,133,10,0,2,3,8.99,1,1,1,10,0
956.49,456,26,7,0,2,5,81.83,0,1,1,8,0
2151.29,258,106,6,0,4,6,78.25,1,1,1,4,0
18172.93,163,42,7,0,1,4,17.37,1,1,0,20,0
859.46,315,37,16,0,2,5,1.27,1,1,1,20,0
1315.35,169,25,42,0,2,4,33.62,1,0,1,15,0
1716.95,354,68,0,0,4,5,9.98,1,1,1,10,0
909.27,124,54,6,0,4,7,33.11,1,1,1,20,0
5422.09,467,28,3,0,2,7,41.14,1,0,1,8,0
168.87,210,86,9,0,2,4,24.84,1,1,1,12,0
1063.1,464,28,17,0,2,3,1.58,1,1,1,17,0
4098.24,574,52,3,0,1,3,1129.99,1,1,1,16,0
1347.36,137,29,7,0,4,9,2.34,1,1,1,6,0
795.65,18,7,11,0,2,3,14.02,1,1,1,16,0
2809.49,13,10,14,0,1,1,75.16,1,0,1,14,0
4475.37,75,64,9,0,1,5,7.62,1,1,0,13,0
2231.96,66,100,10,0,1,4,1.0,1,1,1,21,0
811.42,136,37,7,0,1,5,75.46,1,1,1,17,0
2853.22,348,23,16,0,3,7,0.43,1,0,1,10,0
1209.49,152,24,3,0,3,7,6.11,1,1,1,9,0
3809.25,235,54,11,0,1,4,15.06,0,1,1,19,0
7968.56,295,37,9,0,3,8,15.22,1,1,1,8,0
133.54,277,1,21,0,3,5,7.34,1,1,1,1,0
2020.43,72,88,11,0,2,4,20.59,1,0,1,17,0
318.71,90,9,13,0,2,5,31.62,1,1,1,22,0
20780.88,104,67,4,0,2,6,37.08,1,1,1,13,0
1132.15,98,25,27,0,2,6,19.78,1,1,1,11,0
3813.77,200,51,6,0,2,6,14.67,0,1,1,17,0
1745.3,103,115,14,0,2,6,12.72,0,1,1,21,0
809.9,153,10,2,0,2,8,5.88,1,0,1,15,1
719.06,216,90,25,0,3,8,542.55,1,0,1,1,0
8827.96,23,2,7,0,3,6,4.48,1,1,1,16,1
4702.92,116,152,31,0,2,4,6.04,1,0,1,7,0
12626.89,101,13,17,0,5,6,3.32,1,1,1,18,1
1911.14,178,94,1,0,2,2,10.09,0,1,1,8,0
2411.3,202,4,39,0,2,5,352.28,1,1,1,21,0
1384.1,363,23,7,3,2,3,24.84,1,1,1,15,1
1356.85,322,60,6,0,1,5,33.57,0,1,1,4,0
637.86,123,64,21,0,3,5,5.52,1,1,1,13,0
1966.5,144,72,8,0,2,5,8.62,1,1,1,16,0
821.19,152,25,5,0,4,6,47.97,0,1,1,10,0
2812.72,291,65,1,0,2,2,15.59,0,1,1,8,0
2143.1,388,33,12,0,2,6,13.98,1,1,1,5,0
2410.72,250,50,37,0,2,4,2.87,1,1,1,5,0
9654.02,205,47,14,0,3,5,1257.57,1,1,1,19,1
1741.12,55,11,3,0,2,4,3.78,1,1,1,8,0
3853.46,169,112,3,0,5,11,12.4,1,0,1,5,0
14065.91,313,121,3,0,2,7,40.91,1,1,1,18,0
6678.29,173,13,2,0,3,8,28.34,1,1,1,20,0
5728.27,169,32,12,0,3,6,0.54,1,1,1,11,0
1330.5,57,37,6,0,2,5,10.97,0,0,1,15,0
2274.79,404,47,1,0,1,3,28.24,1,1,1,9,0
483.83,62,1,8,0,1,5,0.91,1,1,1,14,0
2977.72,412,85,13,0,1,4,38.7,1,1,1,16,0
2379.06,204,118,5,0,5,8,30.15,0,1,1,10,0
1850.82,484,9,27,0,2,7,6.68,1,1,1,12,0
5050.26,294,136,4,0,2,5,1366.11,1,1,1,11,0
540.35,318,114,6,0,3,6,10.93,1,1,1,12,0
9273.01,158,46,10,0,2,3,9.23,1,0,1,4,0
4454.92,176,19,12,0,4,7,18.23,1,0,1,18,0
1684.74,159,13,0,0,2,7,46.0,1,1,1,18,0
1558.17,100,40,5,0,3,6,3.72,1,1,1,15,0
2923.72,205,42,32,0,1,3,2.28,1,1,1,9,0
8273.82,86,63,21,0,2,4,5.48,0,1,1,15,0
2001.41,119,97,7,0,1,3,10.58,1,1,1,8,0
2088.14,117,163,21,0,1,8,6.68,0,1,0,17,0
1841.1,125,95,5,0,3,7,19.99,1,0,1,12,0
10743.16,105,143,7,2,3,7,29.62,1,1,1,16,1
1250.27,51,41,9,0,2,6,10.36,1,0,1,12,0
1755.47,83,2,4,0,3,6,11.03,1,0,1,3,1
7812.15,237,3,25,0,3,8,39.07,1,1,0,12,1
2094.38,139,18,3,0,3,6,37.41,1,1,1,16,0
5636.73,151,57,0,0,2,8,18.92,1,1,1,8,0
726.85,390,24,14,0,1,11,7.02,1,1,1,14,0
1472.49,516,10,12,0,5,7,28.54,1,0,1,16,0
7977.93,434,114,4,0,2,3,22.04,1,1,1,10,0
919.34,413,251,8,0,2,5,809.26,1,1,1,20,0
1554.18,285,1,4,0,2,3,5.3,0,1,1,8,0
2337.14,349,5,7,0,2,8,6.0,1,1,1,15,0
672.39,366,41,9,0,3,6,10.95,1,1,1,15,0
1195.34,376,24,3,0,3,7,7.34,1,1,1,9,0
2023.61,81,91,2,0,2,6,16.8,1,0,1,18,0
1894.45,160,63,3,0,1,4,87.52,1,1,1,14,0
6505.17,200,4,8,0,4,10,11.81,1,0,1,9,1
8446.08,63,47,3,0,3,6,65.23,1,0,0,10,0
768.1,48,24,6,0,4,8,1.41,1,1,1,13,1
2020.84,217,201,10,0,2,10,1420.16,1,1,1,7,0
3548.39,93,38,8,0,1,4,54.72,1,1,1,14,0
8236.64,239,157,24,0,3,11,17.0,1,1,0,16,0
3708.9,247,1,5,0,4,5,26.55,1,0,1,7,0
2418.53,162,6,13,0,7,10,1.28,1,1,1,15,1
3521.15,165,29,27,0,2,2,12.26,1,1,1,18,0
3546.69,120,130,3,0,1,3,14.25,1,0,1,13,0
715.0,69,47,15,0,2,6,35.95,1,0,1,13,0
2192.5,223,104,3,0,6,9,55.45,1,1,1,16,0
7778.83,162,20,1,0,2,6,4.77,1,1,1,11,0
1469.45,82,7,2,0,2,6,20.3,1,0,1,9,0
2057.91,149,16,6,0,4,5,11.04,1,0,1,12,0
1418.68,325,62,10,0,2,4,15.17,1,1,1,1,0
178.78,48,123,4,0,1,5,3.83,1,1,1,14,0
1845.66,181,36,5,0,2,6,1345.96,1,0,1,17,1
2444.98,77,12,19,0,1,4,14.07,1,0,1,13,0
1083.02,149,60,8,0,1,2,4.32,1,1,1,9,0
569.84,32,13,8,0,2,5,20.41,1,1,1,8,0
749.49,53,50,10,0,2,4,45.3,0,1,1,9,0
3882.32,48,6,25,0,1,3,769.94,1,1,1,18,0
12997.66,480,100,4,0,3,6,32.71,1,1,0,9,0
7204.3,215,98,9,0,4,4,558.98,1,1,1,14,0
471.38,93,46,1,0,5,8,18.36,1,0,1,10,1
4249.8,96,2,5,0,2,3,44.47,1,1,1,13,0
931.54,276,19,14,0,2,5,240.7,0,1,1,12,0
1010.03,243,8,9,0,5,9,1.3,0,0,1,9,1
1139.13,169,44,11,0,2,7,24.59,1,1,1,11,0
3663.11,409,6,34,0,3,7,24.75,1,1,1,5,0
4718.53,96,122,7,0,3,4,20.66,1,1,1,1,0
1639.21,50,113,17,0,3,11,8.6,1,1,1,20,0
1667.25,393,10,3,0,5,8,2.79,1,1,1,16,0
2876.31,122,71,9,0,4,7,38.1,1,1,1,8,0
3190.7,52,71,5,0,4,9,19.05,1,1,1,8,0
5861.88,174,30,23,0,1,6,38.91,1,0,1,11,0
500.51,198,9,1,0,4,8,1.5,1,1,1,18,0
1844.62,170,8,9,0,2,4,541.44,1,1,1,8,0
621.4,378,80,12,0,3,6,2.79,0,1,1,2,0
1718.24,500,14,2,0,4,6,10.38,1,1,1,10,0
1442.06,123,55,9,0,2,5,13.48,1,1,1,1,0
1725.46,299,120,13,0,2,5,10.06,1,1,1,12,0
812.61,135,53,8,0,2,3,515.19,1,1,1,9,0
408.59,390,218,4,0,3,5,12.36,1,0,1,10,0
222.64,62,62,13,0,4,6,1476.35,1,0,1,18,1
1585.76,190,22,13,0,3,4,40.05,1,0,0,11,0
1174.97,257,114,2,0,2,6,4.55,1,0,1,10,0
919.71,262,22,14,0,1,7,19.02,1,1,1,11,0
6785.54,130,213,15,0,6,9,2.79,1,1,1,15,0
765.52,160,38,24,0,3,6,15.39,1,1,0,18,0
7456.45,245,183,11,0,3,7,2.56,1,0,1,16,0
9171.39,193,12,18,0,2,4,20.45,0,1,1,16,0
257.01,186,1,7,0,2,4,35.93,1,1,1,17,0
1983.03,126,13,9,0,1,3,88.94,0,1,1,20,0
1212.33,86,6,11,0,2,3,2.69,1,1,1,7,0
98.32,339,79,25,0,2,2,11.68,1,1,1,5,0
426.39,81,18,9,0,5,7,14.1,1,1,1,13,1
3924.27,380,61,10,0,4,6,40.71,1,1,1,5,0
13618.7,426,66,4,0,2,6,47.24,1,1,0,16,0
4458.99,291,69,2,0,4,8,4.36,1,1,1,17,0
2498.97,133,107,11,0,2,6,1.54,1,0,1,7,0
1769.88,46,9,8,0,6,9,643.28,1,1,1,20,1
9727.02,259,3,12,0,3,7,659.03,0,1,1,15,1
15494.48,65,1,3,0,1,4,6.28,1,1,1,8,0
1005.42,107,6,18,0,2,6,7.5,0,0,1,6,0
244.7,124,28,14,0,3,6,36.33,1,1,1,8,0
221.81,87,205,2,0,1,6,59.5,1,1,1,10,0
6781.01,100,26,4,0,4,9,3.64,1,1,1,12,1
1724.93,192,36,1,0,5,7,20.78,1,1,1,9,0
2171.65,612,101,2,0,5,6,10.13,1,1,1,18,0
301.67,244,150,7,0,1,2,26.2,1,0,1,19,0
851.34,342,213,3,0,2,7,2.43,1,0,1,15,0
1345.5,118,105,19,0,1,2,14.55,1,1,1,11,0
2225.73,531,41,14,0,3,6,7.38,1,1,1,8,0
1213.67,496,15,4,0,1,5,1.66,1,1,0,10,0
640.77,134,54,19,1,2,5,0.26,1,1,1,10,1
825.04,518,13,3,0,2,6,519.56,0,1,1,19,0
6053.08,98,3,4,0,2,3,17.63,1,0,1,19,1
2309.5,154,151,2,0,2,5,14.61,1,1,1,21,0
3334.76,164,39,1,0,3,4,36.34,1,1,1,18,0
735.92,128,42,14,0,2,9,17.29,1,1,1,16,0
94.27,38,56,0,0,1,4,3.61,1,1,1,7,0
1071.59,42,36,23,0,2,3,1.64,1,1,1,5,0
760.08,144,35,7,0,2,5,1.16,1,1,1,10,0
2563.2,358,148,11,0,1,3,3.99,1,0,1,16,0
48325.94,167,101,6,0,2,6,21.86,1,1,1,13,0
3623.39,105,14,16,0,3,5,3.92,1,1,1,8,0
27888.23,299,20,15,2,2,4,65.73,0,1,1,20,1
3193.17,256,64,12,0,1,5,0.18,1,1,1,17,0
963.06,214,50,2,3,3,6,53.0,1,1,1,7,1
2560.39,102,87,11,0,3,5,55.43,1,1,1,13,0
10728.28,181,78,9,0,3,5,45.95,0,1,1,2,0
11266.2,14,73,4,0,1,5,7.6,1,0,1,14,0
1017.05,368,127,3,0,3,3,9.98,0,0,1,18,0
2328.98,260,87,29,0,2,2,3.85,1,1,1,8,0
433.0,119,16,9,0,3,7,31.13,1,0,1,16,0
4124.37,191,123,7,0,2,3,12.19,1,1,1,16,0
8547.16,145,24,17,0,2,5,10.32,1,1,1,14,0
1881.45,188,145,13,0,3,5,23.91,1,1,1,12,0
927.61,616,104,6,0,1,1,10.32,1,1,1,14,0
2591.86,375,4,1,0,4,5,4.9,1,1,1,19,0
2744.79,312,88,26,0,2,3,18.13,1,1,1,14,0
1960.87,314,41,19,0,1,4,26.09,1,0,1,7,0
2161.84,394,226,4,0,1,4,32.64,1,1,1,14,0
1519.57,401,36,1,0,1,5,80.33,0,0,1,10,0
4894.93,280,4,8,0,5,8,0.46,0,1,1,16,0
3775.27,176,20,31,0,3,6,2.58,1,1,1,16,0
676.48,77,33,3,0,5,8,11.23,1,1,1,12,1
658.13,231,53,5,0,4,5,7.92,1,0,1,18,0
1401.96,159,9,13,0,3,6,9.35,1,1,1,9,0
3777.57,84,43,8,0,3,4,7.76,1,1,1,19,0
2096.57,193,39,9,0,1,3,58.44,1,0,1,8,0
950.37,57,108,33,0,2,6,29.88,1,1,1,7,0
2348.47,135,21,14,0,3,4,18.72,1,1,1,20,0
1298.79,320,35,2,0,3,3,9.83,1,1,1,16,0
4361.13,177,29,32,0,2,6,877.97,1,1,1,17,0
2522.63,263,60,3,0,2,7,12.46,1,1,1,20,0
1319.12,255,108,19,0,1,6,36.5,0,1,1,14,0
2279.06,167,67,17,0,5,10,55.84,1,1,1,9,0
6734.83,287,37,4,0,3,5,36.28,0,1,1,18,0
1022.87,182,60,11,0,1,3,29.97,1,1,1,12,0
2704.46,70,23,10,0,1,3,22.0,1,1,1,19,0
1685.03,162,9,4,0,2,4,13.12,1,0,1,17,0
2771.06,526,23,3,0,3,7,5.32,0,1,1,23,0
939.58,95,35,12,0,1,4,24.91,1,0,1,17,0
2018.96,505,34,22,0,4,7,32.02,1,1,1,10,0
5474.32,18,80,15,0,3,6,6.27,1,1,1,6,0
708.39,55,165,9,0,3,3,30.52,1,1,1,18,0
478.47,88,29,7,0,4,7,1.02,1,0,1,12,0
496.98,62,5,5,0,3,6,0.81,1,0,1,9,0
560.78,326,2,4,0,1,2,3.63,1,0,1,7,0
3279.1,48,1,4,0,3,7,24.32,1,1,1,15,0
443.25,96,166,8,0,3,6,5.35,1,1,1,17,0
1342.25,285,326,4,0,1,4,20.21,1,1,1,20,0
3355.28,213,3,8,0,3,6,10.9,1,1,1,21,0
2742.59,169,26,16,0,1,2,227.65,1,1,1,19,0
1229.6,153,66,5,0,2,3,1054.09,1,1,1,13,0
2188.4,277,11,10,0,2,5,13.88,1,0,1,11,0
2012.52,68,54,7,0,1,3,10.02,0,1,1,7,0
1444.85,90,100,2,0,4,8,51.83,1,0,1,18,0
1464.35,240,117,30,0,4,6,29.16,1,1,1,19,0
16906.06,96,73,12,0,1,2,1.62,1,1,1,10,0
4061.51,186,5,10,0,3,5,72.8,1,1,0,4,1
21604.37,138,25,2,0,4,4,24.57,1,0,1,20,1
1099.97,108,205,4,0,1,4,311.89,1,0,1,18,0
1660.76,165,12,3,0,3,6,9.62,1,1,1,6,0
477.17,25,36,11,0,4,6,55.34,1,0,1,10,0
804.67,235,24,27,0,2,3,6.81,1,1,1,13,0
12111.53,229,13,15,0,3,5,10.38,0,1,1,16,0
1072.73,404,23,12,0,2,3,68.42,0,1,1,23,0
12323.72,85,12,3,0,7,10,18.22,1,1,1,5,1
521.46,361,125,11,0,2,6,6.91,1,1,1,7,0
630.51,88,11,2,0,4,5,90.35,1,0,1,6,0
1285.33,293,58,8,0,3,6,9.26,1,0,1,18,0
1696.38,61,171,3,0,2,6,12.9,1,0,1,16,0
4550.93,96,183,20,0,3,7,8.13,1,1,1,21,0
2837.76,102,55,12,0,1,3,803.49,0,1,1,17,0
1192.35,188,18,7,0,1,7,19.16,1,1,1,7,0
1582.38,220,17,8,0,2,7,42.98,1,1,1,13,0
1314.14,46,82,15,0,2,7,32.64,1,1,1,19,0
724.4,203,236,10,0,6,9,12.83,1,0,1,18,0
744.0,187,4,23,0,3,8,13.24,1,1,1,9,0
5053.74,218,93,1,0,1,5,18.73,1,0,1,17,0
290.57,220,7,6,0,2,5,52.29,1,0,1,12,0
9112.1,425,21,5,2,2,3,53.5,1,1,1,18,1
1283.06,109,50,1,0,3,6,38.73,0,1,1,11,0
835.05,370,21,2,0,1,5,4.19,1,1,1,12,0
3788.63,239,63,7,0,4,7,27.36,1,1,1,9,0
7984.17,137,32,3,0,5,7,26.27,1,1,1,7,1
5528.28,118,14,12,0,2,3,1.32,1,0,1,8,0
2986.48,273,45,5,0,1,1,81.09,1,1,1,21,0
5360.77,89,1,19,0,5,7,34.17,1,0,1,12,1
324.9,247,81,12,0,1,2,50.6,1,1,1,22,0
1072.95,120,44,10,0,2,5,4.17,1,0,1,11,0
726.93,279,175,22,0,2,4,41.54,1,0,1,13,0
6152.65,105,6,19,0,1,4,4.74,0,1,1,5,0
1232.16,154,79,6,0,5,6,1.55,1,0,1,9,0
4210.79,125,21,41,0,3,6,9.96,0,0,1,16,0
3089.79,407,28,46,0,5,8,27.18,1,1,1,8,0
763.33,498,25,11,0,1,4,18.63,1,1,1,19,0
1005.3,127,26,5,0,1,1,15.77,1,0,1,9,0
6593.36,215,33,4,0,3,7,4.87,1,1,1,18,0
832.57,178,1,23,0,1,2,12.37,1,1,1,18,0
2048.51,118,112,7,0,4,7,30.0,0,1,1,7,0
826.71,86,128,0,0,1,4,9.32,1,1,1,18,0
1320.87,76,2,8,0,2,7,17.32,1,0,1,8,0
1726.48,99,89,1,0,4,6,9.31,1,0,1,13,0
826.45,131,4,6,0,6,10,13.62,1,0,1,9,1
691.98,145,98,10,0,3,7,8.36,0,1,1,12,0
2407.33,34,56,18,0,4,5,41.46,1,0,1,3,0
776.86,317,21,11,0,3,6,4.5,1,1,1,13,0
803.79,381,57,4,0,2,5,10.82,1,1,1,21,0
706.94,424,42,15,2,2,9,16.59,1,1,1,17,1
1672.53,56,60,7,0,5,7,2.35,1,1,1,9,0
4645.72,153,38,0,0,2,4,13.81,1,0,1,22,0
8156.16,334,88,1,0,2,6,8.15,1,0,0,10,0
874.88,27,2,21,0,2,4,7.42,0,1,1,18,0
15526.61,70,25,12,0,1,1,24.99,1,1,1,17,0
662.02,285,49,23,0,3,4,57.44,1,0,1,13,0
5343.03,138,53,3,0,3,6,5.55,1,0,1,8,0
878.58,155,11,5,0,2,5,38.42,1,1,1,5,0
756.78,102,4,6,0,2,7,24.56,1,1,1,17,0
858.55,211,1,4,0,2,7,588.91,1,1,1,23,0
1715.66,194,31,9,0,5,6,1.21,0,1,1,20,1
3229.14,77,24,31,0,6,10,7.79,1,1,1,9,0
3532.88,357,50,6,0,3,9,7.99,1,1,0,7,0
703.46,18,35,17,0,1,7,25.63,1,1,1,6,0
672.06,228,30,11,0,3,5,0.04,1,0,1,19,0
722.97,194,111,9,0,2,8,2.01,1,0,1,15,0
1617.51,431,58,5,0,2,7,34.14,1,1,1,15,0
1465.34,126,62,3,0,1,5,22.4,1,1,1,19,0
699.12,111,28,35,0,2,3,5.44,1,1,1,14,0
2367.53,331,89,3,0,1,5,84.14,1,0,1,8,0
17371.2,100,9,20,0,1,6,56.15,1,0,1,0,0
1091.47,68,30,19,0,3,7,9.52,1,0,1,15,0
1172.02,303,2,4,0,2,7,17.3,1,0,1,19,0
3164.22,294,7,9,0,5,6,16.98,1,0,1,20,0
1033.99,254,5,3,0,3,3,912.78,1,0,1,19,1
3529.69,92,34,4,0,2,4,64.65,1,1,1,12,0
881.35,350,71,17,0,1,2,14.15,1,1,1,4,0
11295.05,188,22,22,0,2,5,1.42,1,1,1,10,0
2552.36,188,1,4,0,1,3,5.97,1,0,1,8,0
972.6,511,73,4,0,3,4,86.8,1,0,1,15,0
1003.56,64,13,37,0,2,4,0.02,1,1,1,21,0
1081.6,283,76,13,0,3,4,0.27,1,0,1,12,0
7134.87,453,1,1,0,2,3,11.51,1,0,1,18,0
508.39,70,22,8,0,1,3,691.41,1,1,1,10,0
927.1,218,58,2,0,2,5,33.7,1,1,1,4,0
1031.06,100,122,6,0,1,2,23.55,1,1,1,12,0
1779.9,246,84,19,0,1,8,16.35,1,0,1,11,0
1378.69,230,35,30,0,2,8,1.78,1,0,1,14,0
406.98,277,76,19,0,4,5,0.81,1,0,1,9,0
1212.18,100,46,5,0,2,3,18.53,1,1,1,7,0
1636.72,214,100,11,0,3,5,597.88,1,0,1,17,0
964.78,286,88,19,3,2,5,6.7,1,0,1,17,1
3593.12,116,223,10,0,4,8,6.18,1,0,1,1,0
4534.22,228,6,2,1,2,2,1.87,0,1,1,21,1
1671.73,139,24,10,0,2,4,3.16,1,0,1,7,0
2276.83,341,12,5,0,1,4,13.11,1,0,1,22,0
208.29,58,59,6,0,6,7,5.4,1,1,1,14,1
1186.66,212,65,4,0,1,3,16.54,1,1,1,20,0
4938.52,410,13,14,0,2,5,1123.79,1,1,1,6,1
1183.89,143,32,5,0,4,5,65.44,0,1,1,12,0
865.01,49,55,9,0,2,8,34.48,1,1,1,10,0
17635.85,207,64,11,0,2,9,999.48,1,1,1,14,1
11148.69,402,6,29,0,3,7,0.95,0,1,1,5,0
2885.85,169,152,16,0,4,8,24.22,1,0,1,22,0
5647.17,177,2,24,0,1,6,9.97,1,1,1,19,0
195.21,51,216,3,0,4,6,12.22,1,1,1,10,0
822.58,332,22,11,0,2,5,15.26,1,1,1,9,0
1130.08,151,22,1,0,1,4,35.54,1,1,0,9,0
1427.99,331,35,8,0,4,5,3.24,1,1,1,12,0
1107.72,292,71,15,0,2,5,22.23,1,1,1,18,0
141.17,96,10,5,0,4,8,33.17,1,1,1,14,0
2659.85,230,17,27,0,2,9,3.44,1,1,1,12,0
3113.97,295,195,9,0,3,3,21.01,1,1,1,12,0
8972.31,376,125,12,0,2,4,28.78,1,0,1,5,0
821.96,134,14,16,0,4,6,7.3,1,1,1,7,0
757.36,181,51,15,0,3,3,5.16,1,1,1,10,0
123.97,30,13,10,0,3,6,45.36,1,1,1,15,0
1348.08,432,47,10,0,2,6,14.5,0,1,1,9,0
4452.01,266,27,0,0,1,2,8.1,1,1,1,11,0
980.67,237,27,6,0,3,4,5.04,1,0,1,13,0
15420.37,28,60,11,0,2,4,1062.46,1,1,1,13,0
1398.85,249,17,5,0,3,6,14.31,1,1,1,23,0
2094.34,207,31,11,0,3,4,40.69,1,1,1,10,0
462.62,167,155,25,0,2,7,36.08,0,1,1,7,0
2409.61,221,84,17,0,4,9,10.34,0,0,1,4,1
249.8,187,29,9,0,1,3,58.53,1,1,1,18,0
3618.08,256,15,9,0,5,9,37.52,1,1,1,10,1
3730.99,215,64,16,0,6,8,61.97,1,0,1,21,0
7039.49,158,98,6,0,2,5,2.47,1,1,1,17,0
651.99,246,118,20,0,4,5,31.13,0,0,0,8,0
2122.95,111,49,7,3,3,5,15.18,1,1,1,15,1
3177.39,216,43,3,0,4,6,15.28,1,1,1,11,0
2813.77,229,76,6,0,1,1,30.76,1,1,1,19,0
761.05,231,11,14,0,2,6,6.63,1,1,1,18,0
165.34,228,114,11,0,2,2,18.48,0,0,1,14,0
2557.95,309,4,8,0,2,3,29.4,1,0,1,17,0
1552.31,249,55,4,0,2,3,15.36,1,0,1,21,0
1025.9,296,53,4,0,2,6,8.25,0,1,1,19,0
3881.38,127,22,4,0,3,5,52.2,1,1,1,22,0
1728.62,149,2,11,0,1,5,4.83,1,1,1,19,0
483.38,390,75,3,0,2,8,1.85,1,1,1,15,0
262.05,79,1,7,0,3,3,26.04,1,0,1,13,0
584.66,285,11,14,0,1,3,604.8,1,0,1,20,0
19791.59,361,47,42,0,2,2,10.44,1,1,1,8,0
3724.83,170,168,10,0,2,3,6.27,1,0,0,16,0
2183.34,88,4,6,0,2,6,3.75,1,1,1,17,0
1507.7,184,51,9,0,3,6,2.69,1,1,1,20,0
1411.78,47,23,16,0,1,2,8.71,0,1,1,13,0
5809.19,137,66,1,0,4,6,57.42,1,1,1,17,0
1106.99,156,183,3,0,2,4,19.03,1,1,1,9,0
3219.3,238,18,14,0,4,7,13.49,1,1,1,20,0
1276.11,125,187,15,0,2,4,5.08,0,1,1,22,0
12583.69,151,122,6,0,1,4,25.46,1,1,1,8,0
3798.22,370,56,13,0,4,8,2.58,1,1,1,6,0
6282.71,96,85,5,0,6,10,14.75,0,1,1,12,1
1007.87,376,120,5,0,1,4,4.63,1,0,1,22,0
5208.96,222,97,12,0,3,7,1.73,1,1,1,21,0
1322.69,307,23,24,0,2,6,1503.41,1,1,1,10,0
2018.35,87,100,7,0,3,9,5.15,1,1,1,18,0
9274.72,171,22,11,0,3,8,7.63,1,1,1,19,0
637.29,171,121,8,0,3,10,4.88,1,0,1,7,0
2215.53,162,17,18,0,4,5,16.9,1,1,1,5,0
2801.77,196,50,3,0,3,6,24.92,1,0,1,16,0
3041.19,121,70,9,2,4,6,2.41,1,1,1,16,1
1151.95,117,33,4,0,2,4,15.51,1,0,1,21,0
14563.36,125,91,1,0,4,7,19.7,1,0,1,13,1
495.25,311,155,8,0,5,9,26.3,1,1,1,13,0
7776.68,72,12,29,0,4,8,21.19,1,0,1,7,0
6094.03,121,2,1,1,4,5,12.32,0,1,1,8,1
12099.13,274,59,11,0,2,5,5.59,0,1,1,11,0
369.36,402,55,13,0,2,4,16.86,1,1,1,14,0
758.37,397,25,13,0,3,6,25.7,1,0,1,10,0
8038.06,295,92,0,0,3,5,9.46,1,0,1,21,0
276.71,357,104,8,0,1,2,1.53,1,0,1,8,0
362.69,148,24,9,0,2,3,2.33,1,1,1,18,0
1109.53,124,68,6,2,3,10,18.35,1,1,1,20,1
2190.74,22,61,14,0,3,5,22.12,1,0,1,12,0
8885.94,128,25,5,0,4,6,6.19,1,0,1,20,1
1502.27,139,208,25,0,2,8,8.43,1,1,1,19,0
984.13,35,25,13,0,4,7,1.57,1,0,1,19,1
2468.56,86,58,21,0,1,4,2.21,1,1,1,17,0
2891.69,500,28,2,0,3,6,18.08,1,1,1,14,0
2810.84,167,1,9,3,2,5,12.58,1,1,1,7,1
1513.25,88,5,15,0,2,6,3.65,1,1,1,19,0
255.93,153,15,11,0,2,6,19.11,1,0,1,6,0
722.26,205,100,13,0,1,3,15.08,1,1,1,11,0
7482.12,172,35,10,0,5,11,28.61,1,1,1,20,0
2179.98,107,53,0,0,3,3,1361.96,1,1,1,23,1
1309.6,279,172,14,0,2,7,0.22,1,1,1,10,0
5531.25,614,9,5,0,3,6,54.41,1,1,1,10,0
583.99,337,118,4,0,2,4,0.19,1,1,1,18,0
1443.25,152,28,2,0,3,6,8.52,1,1,1,19,0
2075.09,162,24,7,0,2,4,47.4,1,1,1,16,0
1162.84,247,58,29,0,1,2,7.89,1,1,1,21,0
1999.72,196,137,13,0,3,6,7.57,1,0,1,11,0
1498.63,328,25,11,0,1,3,30.89,1,1,1,22,0
446.15,364,85,20,0,3,8,3.25,1,0,1,13,0
2167.82,50,1,23,0,1,1,35.67,1,1,1,7,0
478.97,236,58,13,0,2,6,30.14,0,1,1,16,0
2133.7,22,59,18,3,1,3,47.09,1,1,0,16,1
7144.77,446,48,8,0,1,7,11.39,0,0,1,13,0
1365.09,142,166,21,0,3,6,18.18,1,1,1,20,0
560.32,52,167,3,0,3,5,39.18,1,1,0,13,0
1592.42,209,25,1,0,2,4,2.67,1,1,1,9,0
786.84,391,36,11,0,2,6,4.25,1,1,1,20,0
3276.43,385,94,7,0,4,5,1.07,0,1,1,15,0
1559.33,234,111,21,0,1,6,53.18,1,1,1,11,0
9994.23,124,32,5,0,1,6,10.97,1,1,1,18,0
5784.8,148,25,1,0,1,2,23.03,0,0,1,6,1
1551.41,78,103,17,0,1,3,6.14,1,0,1,16,0
3698.23,189,28,11,0,4,5,5.36,1,1,1,22,0
1220.19,197,31,5,0,2,2,33.08,1,1,1,7,0
1870.49,64,8,9,0,3,8,11.05,0,1,1,12,0
1259.62,317,46,9,0,3,4,0.26,1,0,1,14,0
3891.13,12,23,10,0,3,4,10.35,1,1,1,12,0
7577.88,249,53,18,0,3,6,30.89,1,0,1,18,0
4018.44,298,35,13,0,2,5,7.51,1,0,1,6,0
4545.7,332,82,8,0,6,11,4.69,1,0,1,10,0
4550.69,182,19,16,0,2,4,28.24,1,1,1,4,1
3137.73,195,11,3,0,2,4,645.25,1,0,1,7,1
578.66,309,72,20,0,2,4,8.84,1,1,1,16,0
9906.75,207,29,5,0,2,3,15.46,1,0,1,11,0
10986.37,107,49,1,0,1,8,16.7,1,0,1,9,0
1430.99,206,169,4,0,3,8,24.29,1,0,1,1,0
1248.01,471,39,13,0,3,4,270.1,0,0,1,16,0
3335.61,128,9,25,0,4,7,15.16,1,1,1,6,0
3136.34,110,33,36,0,1,2,42.78,1,1,1,11,0
1477.42,152,39,40,0,2,3,7.5,1,1,1,16,0
518.0,219,87,3,0,5,9,42.1,1,1,1,16,1
2454.56,95,13,20,0,3,10,9.13,1,1,1,15,0
3138.3,49,25,9,0,2,7,0.91,1,1,1,9,0
3736.19,205,3,8,0,1,3,25.02,0,1,1,19,0
2563.92,189,72,8,0,2,2,34.31,1,1,1,23,0
1378.68,49,81,17,0,1,5,6.27,1,0,1,14,0
4885.38,68,36,24,0,1,5,44.39,1,1,1,19,0
1931.11,179,46,18,0,3,8,7.42,1,1,1,19,0
1135.78,129,83,7,0,2,3,11.94,1,1,1,11,0
1509.22,95,18,5,0,3,7,30.26,1,0,1,9,1
315.46,131,56,6,0,3,6,31.71,1,0,1,9,0
1506.82,100,199,36,0,2,5,9.45,1,1,1,12,0
3599.09,155,64,3,0,2,3,2.36,1,1,1,12,0
2539.65,278,4,18,0,3,7,34.89,1,0,1,0,0
8272.27,308,20,9,0,4,6,27.53,1,1,1,17,0
1389.95,103,43,23,0,3,5,52.5,1,1,1,9,0
2943.38,193,4,7,0,2,4,0.08,1,0,1,17,0
3994.77,192,67,10,0,5,10,15.42,1,1,1,21,1
18823.42,56,63,13,0,2,4,65.39,1,1,1,12,0
2089.68,30,125,15,0,3,3,14.52,1,1,1,7,0
636.39,365,41,20,0,1,2,73.9,1,1,1,9,0
4221.43,246,70,11,0,2,5,10.98,1,1,1,15,0
11681.1,358,12,31,0,2,3,7.7,1,1,1,18,0
1309.57,303,1,6,0,5,7,24.65,1,1,1,4,1
4192.62,246,11,14,0,4,9,7.24,1,0,1,0,0
6177.87,305,3,7,0,3,3,6.41,1,1,1,8,0
4999.36,155,33,13,0,1,2,28.64,1,1,1,20,0
2049.93,259,37,11,0,2,7,32.87,1,1,1,9,0
899.22,299,62,6,0,3,5,0.27,1,1,1,19,0
1666.9,251,9,7,0,2,3,2.34,1,1,1,8,0
2860.07,94,14,10,0,2,4,14.15,1,0,1,2,0
4483.78,75,96,6,2,2,4,2.36,1,0,1,21,1
2524.87,239,51,9,0,3,3,2.31,1,0,1,18,0
1236.56,98,1,7,0,6,9,63.69,1,1,1,15,1
3150.7,101,113,10,0,3,6,5.36,1,0,1,11,0
4273.06,130,59,2,2,1,3,6.99,1,1,1,21,1
2642.84,144,12,3,0,2,6,11.12,1,1,1,11,0
783.53,134,17,5,0,1,3,26.07,1,1,1,18,0
1508.08,126,48,18,0,3,8,1.51,1,0,1,9,0
4664.9,155,49,1,0,3,8,14.96,1,1,0,0,0
453.49,66,98,5,0,5,6,63.52,1,0,1,20,0
222.92,48,26,27,0,2,3,16.8,1,0,1,15,0
8168.85,421,47,12,0,2,4,24.48,1,1,1,14,0
3015.18,86,52,11,0,2,5,5.77,0,1,1,11,0
3316.71,10,49,2,0,1,2,34.48,1,1,1,11,0
615.96,113,4,1,0,3,5,68.0,1,0,1,10,1
3780.18,34,31,13,0,2,5,11.63,1,0,1,20,0
2380.94,53,24,6,0,2,2,16.35,0,1,1,11,0
370.8,164,295,5,0,2,9,105.94,1,1,1,14,0
7512.2,58,37,14,0,2,3,3.97,1,0,0,9,1
2118.97,361,34,6,0,4,8,15.07,1,1,1,22,0
1216.72,263,39,13,0,1,4,22.87,1,1,1,10,0
1238.94,21,151,11,0,4,6,4.33,1,0,1,7,0
241.0,307,56,31,0,3,7,1026.56,1,1,1,18,0
3272.59,172,29,6,0,2,6,2.08,0,0,1,23,0
2349.26,68,146,12,0,5,8,51.53,1,1,1,9,0
1489.09,126,159,1,0,3,7,16.59,1,1,1,5,0
6493.03,197,18,3,0,1,7,14.0,1,1,1,9,0
453.11,330,29,5,0,1,2,502.82,0,0,1,21,0
995.48,71,203,36,0,2,3,27.36,1,0,1,6,0
772.78,167,46,3,0,2,3,10.73,1,1,1,8,0
1368.14,298,33,10,0,5,7,39.72,1,0,1,12,0
1934.24,202,13,36,0,1,5,1.87,1,0,1,8,0
2779.46,421,29,6,0,4,5,49.6,1,1,1,19,0
1277.97,120,59,5,0,2,8,16.49,0,1,1,20,0
751.93,123,2,7,0,3,4,23.19,1,1,1,4,1
9759.6,26,5,8,0,5,9,28.24,1,1,1,11,1
20163.72,157,1,26,0,3,5,376.33,1,1,1,19,0
2086.59,232,14,11,0,6,7,73.64,1,0,1,17,1
848.29,319,12,3,0,1,5,30.95,0,0,1,4,1
7906.61,171,114,10,0,3,4,27.27,1,1,1,4,0
425.49,333,12,8,0,3,5,38.39,1,1,1,8,0
1293.65,244,64,16,0,4,10,2.78,1,0,1,12,0
901.34,488,7,6,1,2,6,45.13,1,0,0,13,1
567.06,206,54,31,0,2,3,8.01,0,1,1,16,0
1366.46,260,34,17,0,3,5,28.69,1,1,1,18,0
761.91,235,31,5,0,2,4,25.75,1,0,1,14,0
1831.07,320,116,6,0,1,7,7.64,1,1,1,21,0
1857.85,213,11,11,0,2,5,17.41,1,0,1,11,1
971.33,7,54,1,0,3,7,60.5,0,1,1,14,0
1248.24,136,103,16,1,4,8,44.94,0,1,1,13,1
1435.33,66,75,1,0,3,7,17.47,1,1,1,23,0
4063.69,115,245,6,0,4,8,1.9,1,0,1,21,0
1558.64,130,1,9,0,3,5,32.46,1,1,1,15,0
4124.51,343,129,9,0,2,3,14.25,1,1,1,13,0
3248.06,283,57,5,0,1,5,43.84,1,1,1,19,0
3202.0,594,1,2,0,2,5,0.57,0,1,1,19,0
7243.4,167,37,6,0,2,2,22.38,1,1,1,11,0
590.29,80,87,6,0,2,11,1069.83,1,1,1,11,0
1126.44,90,12,5,1,1,2,2.33,0,1,1,14,1
10543.86,307,68,7,0,1,1,2.98,1,1,1,10,0
1397.84,110,9,12,0,2,4,7.72,1,1,1,10,0
108.3,47,97,11,0,1,8,8.91,1,1,1,9,0
1475.91,237,50,1,0,1,7,22.23,1,1,1,20,0
2069.25,295,2,13,0,2,3,9.92,1,0,1,11,0
132.01,42,5,10,0,1,4,49.85,1,1,1,15,0
6863.24,118,119,5,0,3,7,18.57,1,0,1,13,0
885.62,110,2,8,0,1,3,8.4,1,1,1,5,0
2511.32,176,21,10,0,1,3,16.01,1,1,1,17,0
1442.33,109,50,14,0,3,4,10.82,1,1,1,14,0
498.52,159,14,10,0,2,5,36.84,1,0,1,11,0
619.86,200,15,4,0,2,4,5.47,1,1,1,12,0
709.75,43,89,3,0,2,7,223.82,1,1,1,9,0
5354.39,145,20,22,0,5,7,21.6,0,1,1,11,1
1560.03,126,2,15,0,1,6,15.22,1,1,1,18,0
1072.91,145,76,13,0,1,5,334.12,0,1,1,18,0
710.09,145,185,0,0,1,6,27.51,1,1,1,16,0
5979.85,37,107,4,0,4,7,5.54,1,1,1,21,0
7818.13,467,47,3,0,2,5,9.14,1,1,1,8,0
5912.03,182,33,3,0,2,3,30.21,1,1,1,14,0
2958.5,313,155,28,0,2,4,18.97,1,0,1,17,0
2415.91,89,87,2,0,2,5,36.92,0,1,1,6,0
535.96,363,50,7,0,1,2,7.53,1,1,1,10,0
1414.0,180,127,12,0,3,8,804.1,1,0,1,17,0
912.46,253,55,16,3,1,3,31.79,0,0,1,23,1
291.34,53,217,8,0,2,2,24.96,1,1,1,14,0
5203.27,130,117,5,0,2,7,6.16,1,0,1,20,0
901.6,189,47,3,0,3,6,21.33,0,1,1,10,0
5978.6,468,153,19,1,3,8,30.65,1,1,1,14,0
4366.63,233,25,19,0,5,9,22.15,1,1,1,7,0
3154.92,72,72,10,0,3,5,1.63,1,1,1,13,0
3337.19,80,11,4,0,3,6,6.3,1,1,1,11,1
977.19,47,135,24,0,2,4,20.98,0,1,1,19,0
11589.45,95,17,8,0,3,4,5.3,1,1,1,19,0
1887.72,367,178,23,0,2,6,6.8,1,0,0,18,0
2445.32,223,1,13,0,2,2,9.64,0,0,0,16,0
944.75,254,68,5,0,1,2,10.38,1,1,1,11,0
712.54,368,9,5,0,2,5,26.66,1,1,1,16,0
2914.04,258,88,3,0,4,8,18.73,1,1,1,17,0
2247.36,59,40,22,0,1,5,4.79,1,0,1,18,0
821.1,294,144,2,0,4,8,2.16,1,1,1,13,0
429.05,531,75,1,0,1,5,65.81,1,1,1,21,0
507.79,60,87,20,0,1,3,4.43,1,1,1,4,0
5979.75,202,7,9,0,3,5,14.81,1,0,1,9,1
979.21,359,6,18,0,3,9,29.19,1,1,1,7,0
1288.32,306,114,17,0,3,6,4.69,1,1,1,12,0
7710.51,534,15,16,0,2,6,2.55,1,0,1,16,0
588.66,368,121,7,0,2,2,0.87,1,1,1,14,0
873.93,106,9,9,0,2,5,8.17,0,0,1,14,0
838.18,331,22,8,0,4,6,32.27,1,1,1,18,0
9118.57,170,158,2,0,3,6,36.35,1,0,1,17,0
13271.62,141,109,7,0,3,10,11.07,1,1,1,7,0
3833.61,109,3,4,0,7,10,44.79,1,0,1,11,1
3957.57,336,35,14,0,1,6,22.28,1,1,1,6,0
1011.96,66,144,13,0,1,1,32.71,1,1,1,20,0
12674.26,196,1,6,0,1,2,9.24,1,0,1,19,1
2363.02,110,6,9,0,2,8,5.52,1,1,1,21,0
4243.36,177,62,29,0,2,5,18.96,1,1,1,20,0
1626.97,153,6,15,0,2,6,4.69,1,1,1,20,0
1382.94,181,35,5,0,1,5,33.63,0,0,1,7,0
9538.03,224,42,11,0,2,4,48.14,1,0,1,14,0
3101.76,100,118,6,0,2,6,53.47,1,1,1,21,0
7718.5,67,189,7,0,3,4,15.39,1,0,1,19,0
2333.98,97,43,7,0,1,4,2.94,1,0,1,20,0
774.05,196,42,4,0,3,7,53.12,1,1,1,15,0
1008.94,178,77,3,0,2,6,22.41,1,1,1,22,0
2004.13,98,12,3,0,2,5,5.88,1,0,1,19,1
966.32,194,169,11,0,3,6,465.63,1,1,1,9,0
597.37,348,1,5,0,3,6,16.39,0,0,0,20,1
6011.42,179,1,13,0,2,4,70.33,1,1,1,18,0
1048.51,93,58,11,0,5,9,35.71,1,0,1,9,0
2075.99,55,25,7,0,3,5,663.83,1,1,1,7,0
2431.18,177,30,17,0,2,3,34.57,1,1,1,19,0
1004.1,87,15,35,0,2,3,35.38,1,0,1,7,0
7714.06,137,31,6,0,4,7,1.39,1,1,1,19,0
591.62,227,105,4,0,2,6,28.15,1,0,1,18,0
2348.72,213,72,16,0,2,3,6.41,1,1,1,7,0
2312.58,357,5,7,1,1,4,0.36,1,1,1,8,0
1712.56,39,3,7,0,3,6,19.04,1,0,1,18,0
494.27,150,42,3,0,1,2,9.38,1,0,0,5,0
4319.17,154,78,2,2,5,7,41.85,0,1,1,19,1
3802.87,198,65,8,0,2,8,32.28,1,1,0,23,0
920.05,73,119,22,0,4,6,15.85,1,1,1,18,0
3668.31,105,8,12,0,3,6,22.21,1,1,1,21,0
2630.44,67,55,4,0,3,3,0.67,1,1,1,23,0
502.4,208,87,5,0,1,4,8.17,1,0,1,8,0
769.75,101,166,3,0,2,2,7.33,0,1,1,7,0
5643.62,303,6,32,0,6,9,18.74,1,1,1,1,0
2463.69,277,16,5,0,1,10,774.27,1,1,1,8,0
1028.34,327,26,9,0,4,10,0.43,1,1,0,22,1
766.26,127,46,10,0,2,4,474.78,1,1,1,5,0
1079.88,128,31,1,0,4,7,42.16,1,0,1,22,1
1159.24,135,118,1,0,2,5,2.45,1,1,1,8,0
775.91,94,180,2,0,4,5,3.48,1,1,1,18,0
316.79,63,4,14,0,4,7,8.4,1,0,1,20,0
5653.4,83,72,9,0,3,4,43.09,1,0,1,17,0
4772.54,405,7,8,0,5,7,1.04,1,0,1,12,0
506.11,118,136,5,0,2,6,13.25,1,0,1,18,0
2072.09,470,9,9,0,2,4,36.8,1,0,1,5,0
733.45,113,286,6,0,2,6,8.08,1,0,1,12,0
1391.91,192,33,9,0,1,4,50.96,0,1,1,18,0
1280.79,212,28,1,0,2,8,16.07,1,1,1,14,0
1178.7,174,52,0,0,2,5,9.81,1,1,1,15,0
13399.16,113,30,3,0,2,5,36.93,1,1,1,15,0
1164.07,32,16,12,0,5,8,1080.59,0,1,1,12,1
805.72,162,59,20,0,4,7,1.66,1,1,1,17,0
843.38,93,78,13,0,3,5,1052.07,1,0,1,5,1
5134.7,117,174,5,0,2,6,9.47,1,1,1,16,0
346.51,112,31,3,0,1,4,11.07,1,0,1,11,0
843.35,405,73,0,0,3,7,28.56,1,0,1,10,0
7683.44,80,107,19,0,2,7,35.86,1,0,1,4,1
2307.65,464,106,6,0,2,6,4.14,0,1,1,17,0
2190.58,526,2,3,0,1,4,6.83,1,1,1,8,0
15247.13,297,26,11,0,3,5,4.27,1,1,1,6,0
2313.11,17,1,21,0,4,9,12.94,1,0,1,11,0
890.53,61,49,1,0,4,7,46.76,1,0,1,9,0
1363.65,336,120,17,0,3,4,27.64,1,1,1,14,0
580.89,75,101,6,0,1,2,9.71,1,1,1,15,0
6348.27,184,100,8,0,6,7,2.84,1,1,1,9,1
3211.72,112,26,21,0,3,6,19.2,1,0,1,17,0
5565.9,354,2,4,0,1,3,62.46,0,0,1,20,0
6081.36,176,11,13,0,3,5,32.51,1,0,1,16,0
1194.87,194,66,5,0,1,8,1.56,1,1,1,10,0
702.92,658,8,26,0,1,2,5.85,1,1,1,20,0
1716.92,468,8,10,0,2,6,12.5,1,1,1,13,0
755.39,175,26,6,0,1,6,1166.67,0,1,1,5,1
2132.3,25,5,3,2,4,10,13.22,1,0,1,13,1
5608.83,266,24,8,0,1,2,47.88,0,1,1,15,0
1528.22,569,209,6,0,3,3,1.71,1,1,1,22,0
2100.64,32,1,6,0,2,5,904.24,1,1,1,16,1
1646.08,287,106,7,0,3,6,874.79,1,0,1,8,0
4034.86,366,303,4,0,2,3,807.94,1,1,1,19,0
927.24,175,34,5,0,5,8,27.5,1,0,1,22,0
201.05,188,171,7,0,6,12,1.16,1,0,1,19,0
2895.37,178,18,5,0,2,4,0.36,1,1,1,18,0
4855.34,69,242,3,0,1,5,34.29,1,1,1,17,0
2825.31,691,118,1,0,2,6,13.09,1,1,1,6,0
953.15,51,129,0,0,2,8,27.25,0,1,1,11,0
581.14,289,8,14,0,2,2,36.16,1,1,1,18,0
2964.6,277,122,7,0,3,6,15.37,1,1,1,17,0
2082.82,76,170,7,0,2,5,27.19,0,1,1,17,0
1594.33,186,102,8,0,1,1,7.49,1,1,1,20,0
11186.5,64,5,20,0,2,5,750.59,1,1,1,22,1
701.49,240,5,16,0,2,3,14.79,1,1,1,14,0
10668.35,379,26,9,0,1,4,7.2,1,1,1,21,0
1866.43,191,73,4,0,3,7,1263.55,0,1,1,14,1
288.42,278,1,8,0,1,3,6.26,1,1,1,18,0
1511.41,83,180,20,0,1,4,7.15,1,0,1,5,0
4719.68,82,44,10,0,4,7,47.25,1,0,1,15,0
1255.07,180,26,7,0,2,5,4.2,1,0,1,9,0
413.73,59,49,10,0,1,3,12.56,1,0,1,12,0
1533.77,76,75,1,0,4,8,27.63,1,1,1,23,1
767.26,109,19,12,0,2,2,29.58,1,1,1,14,0
2956.66,241,20,3,0,4,8,17.88,1,0,1,18,0
3918.25,81,37,6,2,2,3,0.02,1,1,1,20,1
628.75,170,66,10,0,2,7,13.1,0,1,1,11,0
892.65,287,73,19,0,2,6,12.92,1,0,1,13,0
3853.14,120,23,3,0,4,7,45.39,1,1,0,1,1
765.98,122,23,7,0,3,6,52.97,1,1,1,21,0
612.68,242,40,6,0,1,4,1484.73,1,1,1,20,1
556.3,196,46,26,0,1,7,25.51,1,1,1,12,0
2570.97,131,62,7,0,3,6,16.59,1,0,1,7,0
2463.05,91,57,9,0,1,5,0.09,1,1,1,19,0
912.29,107,27,4,0,2,3,27.3,1,0,1,8,0
1817.26,291,21,10,0,3,9,1.65,1,0,1,6,0
8325.95,120,22,19,0,1,4,47.58,1,1,1,13,0
682.62,736,62,13,0,2,2,18.52,1,1,1,21,0
256.79,98,34,18,0,4,7,14.37,1,1,1,19,0
2850.0,257,8,3,0,2,3,28.04,1,1,1,7,0
1619.06,264,1,19,0,1,2,2.05,1,1,1,16,0
888.89,221,1,5,0,4,8,3.68,0,0,1,14,0
3470.59,55,121,6,0,4,9,0.67,1,0,1,20,0
4184.85,327,36,15,0,2,6,9.07,0,0,1,16,0
198.69,167,64,13,0,2,5,3.06,0,1,1,13,0
941.43,392,158,0,0,1,5,30.95,1,1,1,7,0
18352.41,139,8,9,0,1,6,9.82,0,1,1,15,1
3240.25,138,35,5,0,3,4,696.73,0,1,1,15,1
3554.98,228,46,10,0,7,11,97.36,1,0,1,11,1
5842.38,167,110,7,0,2,6,12.19,1,0,1,22,0
1839.17,58,304,17,0,4,6,8.97,1,1,1,10,0
4010.55,291,74,28,0,4,9,69.21,1,1,1,15,0
3707.31,50,61,17,0,3,5,5.62,1,0,1,10,0
3099.64,322,151,15,0,2,4,5.48,1,1,0,10,0
1310.27,86,108,5,0,3,12,16.57,1,0,1,9,0
2147.5,542,120,5,0,3,4,61.64,1,1,1,16,0
1003.89,57,1,1,0,1,2,46.37,1,1,1,0,0
1831.36,62,43,21,0,2,6,10.79,1,0,1,8,0
562.0,84,91,7,0,2,2,46.38,1,1,1,6,0
820.06,315,12,30,0,2,6,34.49,1,1,1,7,0
1363.33,246,83,8,0,4,8,6.61,1,1,1,15,0
703.66,331,1,7,0,3,6,34.23,1,1,1,13,0
1091.14,259,51,2,0,3,5,7.7,1,1,1,9,0
1534.68,165,114,6,0,4,9,635.66,1,1,1,16,1
2703.39,375,33,0,0,2,6,11.9,1,1,1,16,0
4671.6,465,80,8,0,1,3,1.6,1,1,0,1,0
1137.08,78,45,28,0,2,5,0.88,1,1,1,15,0
6871.27,362,62,6,0,3,7,1210.46,1,0,1,15,1
4622.13,358,43,9,0,4,7,2.47,1,1,1,9,0
2993.19,88,38,0,0,1,3,26.39,1,0,1,12,0
2108.33,109,110,2,0,5,9,4.27,1,0,1,8,0
2487.72,302,5,5,0,2,6,839.62,1,1,1,11,0
5925.68,120,52,14,0,3,5,3.9,1,1,1,19,0
6146.14,194,7,17,0,3,4,1.11,0,1,1,19,0
6870.19,203,49,7,0,3,5,53.57,1,0,1,23,0
1884.33,83,198,11,0,1,5,1.69,0,1,1,16,0
3149.4,83,3,3,0,4,7,671.18,1,1,1,12,1
6929.52,72,32,16,0,3,8,0.52,1,0,1,2,1
969.02,250,97,18,0,3,6,10.24,1,1,1,10,0
1314.99,57,27,9,0,2,8,25.15,1,1,1,16,0
1837.27,319,44,3,0,3,5,7.08,0,1,1,4,0
4445.28,116,7,7,0,4,8,14.74,1,1,1,11,1
4515.05,193,15,3,0,1,2,18.59,1,0,1,7,0
1435.31,69,69,2,0,3,4,27.29,1,0,1,17,0
399.97,548,105,5,0,3,5,11.54,1,1,1,16,0
2312.73,263,62,13,0,2,3,39.3,1,0,1,17,0
721.75,256,108,7,0,4,5,16.66,1,0,1,16,0
407.51,272,55,5,0,4,7,693.72,1,1,1,7,1
510.88,242,99,0,0,2,5,1409.56,1,1,1,16,1
2505.84,78,244,3,0,4,8,71.95,1,0,1,9,0
7051.79,94,5,3,0,3,12,18.09,1,1,1,12,0
1879.75,163,39,1,0,3,6,31.63,1,1,1,15,0
2233.62,248,12,8,0,2,2,14.59,0,1,0,8,0
5901.11,291,37,10,0,4,5,58.56,1,1,1,14,0
385.89,100,41,9,0,1,2,11.3,1,0,1,23,0
3041.71,153,58,7,0,2,5,2.93,1,1,1,13,0
1787.21,438,34,4,0,4,7,4.9,1,1,1,19,0
3184.52,486,23,7,0,2,6,10.7,1,1,1,9,0
1114.9,135,2,17,0,5,10,17.93,0,0,0,15,1
797.96,328,2,3,0,2,3,52.71,1,1,1,7,0
2080.8,50,11,1,3,2,6,399.77,0,1,1,16,1
9406.83,138,35,1,0,2,11,13.47,1,0,1,18,0
4276.59,363,32,24,0,2,4,1.23,1,1,1,12,0
1088.23,414,12,11,0,4,7,821.41,0,1,1,14,1
472.97,228,103,6,0,2,3,263.05,1,1,1,19,0
336.28,29,69,6,0,3,5,0.29,1,1,1,13,0
6741.92,27,25,13,0,2,6,12.07,0,0,1,8,0
695.7,216,95,0,0,2,5,1.8,1,1,1,13,0
1305.69,230,271,2,0,1,6,16.59,0,1,1,12,0
6776.47,579,16,25,0,3,6,7.38,1,1,1,6,0
360.0,103,27,17,0,1,3,48.89,1,1,1,2,0
8040.64,67,296,4,0,2,5,415.47,1,0,1,7,0
1402.99,157,8,1,0,2,8,24.89,0,1,1,23,0
573.3,129,4,22,0,2,8,25.24,1,1,1,17,0
1411.84,267,44,9,0,2,6,933.89,1,1,1,7,1
877.79,297,37,7,0,2,6,0.78,1,1,1,5,0
2809.66,154,4,7,0,3,8,2.44,1,1,1,20,0
945.65,287,20,13,0,2,5,0.83,1,0,1,14,0
267.3,82,32,8,0,2,7,10.16,1,1,1,10,0
1450.17,207,103,3,0,1,4,0.71,1,1,1,16,0
465.66,16,73,3,0,4,4,46.45,1,0,1,8,0
2217.91,101,147,15,0,4,9,10.36,0,0,1,10,0
551.63,251,24,2,0,2,2,10.38,1,1,1,16,0
1109.86,472,22,3,0,5,8,21.18,1,0,1,18,0
2170.23,91,37,5,0,2,6,68.44,1,0,1,21,0
1461.97,210,1,15,2,3,6,17.93,1,0,1,16,1
2322.57,88,13,8,0,2,5,20.43,1,1,1,12,0
3569.88,132,14,9,0,2,5,9.08,1,1,1,14,0
567.97,237,3,1,0,5,8,1370.18,1,1,1,6,1
1695.28,76,36,11,0,2,4,10.82,1,1,0,13,0
64.75,132,141,18,0,3,8,16.48,1,1,1,10,0
2315.39,195,1,16,0,4,8,73.73,1,1,1,11,0
1338.34,205,59,18,0,4,5,8.95,1,1,1,8,0
676.24,181,126,6,0,2,6,13.06,1,1,1,22,0
2479.27,195,6,5,0,2,6,29.29,1,0,1,11,0
5841.24,106,149,8,0,4,9,35.48,1,0,0,19,0
1123.25,94,102,8,0,5,10,70.35,1,1,1,11,0
702.88,78,14,5,0,2,4,361.56,1,1,1,16,0
2132.45,86,141,12,0,4,7,21.92,1,1,1,16,0
475.51,81,97,4,0,3,7,48.36,1,0,1,15,0
934.13,184,7,14,0,3,7,2.83,1,1,1,13,0
6138.91,88,106,35,0,2,3,15.7,1,1,1,4,0
1924.03,195,46,10,0,4,4,1.77,1,1,1,17,0
276.04,156,101,0,0,2,6,20.45,1,0,1,10,0
299.77,219,57,19,0,2,6,13.04,1,0,1,13,0
2126.19,175,29,21,0,4,5,16.32,1,1,1,20,0
4282.92,164,55,5,0,2,4,18.56,1,1,1,18,0
358.66,318,60,22,0,5,7,1.09,0,1,1,19,0
2834.76,300,87,16,0,1,3,2.1,0,0,1,15,0
6838.64,209,106,24,0,3,6,10.65,1,1,1,10,0
11942.5,296,65,0,0,3,7,1.82,1,1,1,15,0
2518.01,87,274,12,0,4,6,5.52,1,1,1,9,0
3001.31,134,90,7,2,2,5,74.57,1,1,1,8,1
214.18,138,144,2,0,1,1,4.98,1,0,1,21,0
14761.13,200,23,4,0,1,2,21.52,1,0,1,21,0
1016.9,53,22,4,0,2,6,14.83,1,1,1,9,0
710.9,208,26,1,0,1,4,1.84,1,1,1,8,0
1400.79,249,34,8,0,1,3,20.02,1,1,1,12,0
8198.23,244,195,28,0,1,3,518.26,1,1,1,8,0
16449.43,49,4,9,0,3,8,9.88,1,1,1,19,0
2049.62,58,41,15,0,1,4,9.61,0,1,1,18,0
4905.36,104,10,8,0,1,6,9.55,1,1,1,20,0
1887.87,481,99,4,0,3,7,3.38,1,0,1,22,0
640.47,211,1,5,0,2,5,128.96,1,1,1,9,0
7916.81,60,36,7,0,3,7,15.77,1,1,1,13,0
970.56,220,30,14,0,3,5,20.26,1,0,1,19,0
8396.17,182,5,8,0,3,4,8.65,1,0,1,8,1
6624.57,239,28,3,0,2,9,43.49,1,1,1,16,0
3341.04,162,99,20,0,6,8,28.7,1,1,1,19,0
11259.58,167,8,16,0,1,6,0.13,1,1,1,7,0
16854.05,103,246,5,0,6,8,33.86,1,0,1,22,0
1517.4,556,3,14,1,4,7,1.75,1,1,1,9,1
805.29,130,20,18,0,2,5,23.97,1,0,1,22,0
280.26,150,89,23,0,5,7,66.1,1,1,1,18,0
17063.25,117,26,7,0,1,5,22.42,1,0,1,18,0
1164.82,27,39,22,0,3,4,22.82,0,1,1,8,0
5625.34,54,12,4,0,2,3,2.38,1,1,1,14,0
861.56,186,75,5,0,3,6,19.41,1,1,1,20,0
8419.16,127,11,10,0,2,5,1.52,1,1,1,11,0
897.74,44,113,9,0,3,6,33.15,1,1,1,15,0
549.1,260,46,9,0,1,1,4.4,1,1,1,21,0
1467.76,255,47,18,0,2,6,5.75,0,0,0,11,0
1062.33,230,162,10,0,3,10,5.3,1,0,1,15,0
3282.3,177,88,11,0,2,2,10.53,1,0,1,9,0
1717.47,425,81,17,0,5,9,2.56,1,1,1,16,0
3387.01,120,117,29,0,4,9,2.57,1,1,1,9,0
1351.51,177,5,9,0,1,4,3.45,1,1,1,21,0
929.73,70,77,10,0,3,7,0.82,1,1,1,10,0
1008.72,49,15,13,3,2,3,2.39,1,1,1,22,1
13973.79,389,19,30,0,1,6,10.35,1,1,1,9,0
2264.64,229,1,9,0,1,3,62.27,1,0,1,11,0
248.7,211,134,17,0,2,5,20.15,1,1,1,4,0
1074.69,539,80,14,0,2,8,6.23,1,0,1,9,0
1991.94,40,8,5,0,1,2,19.76,1,1,1,18,0
11446.05,60,23,10,0,4,9,6.16,1,1,1,18,0
5057.86,482,39,6,0,3,5,17.14,1,1,1,10,0
719.3,181,40,9,0,3,6,13.56,1,0,1,7,0
20299.59,178,54,11,0,4,8,1.76,1,0,1,14,0
1752.57,131,38,4,0,2,3,49.65,1,0,1,17,0
6287.57,172,62,11,0,4,7,11.35,1,0,1,12,0
569.63,221,129,33,0,4,7,31.86,1,1,1,14,0
164.32,368,30,20,0,6,8,4.68,1,1,1,22,0
442.11,440,125,4,0,2,8,12.76,1,1,1,4,0
70.08,279,14,13,0,2,3,3.4,1,0,1,8,0
14944.36,538,7,1,0,2,8,0.77,0,1,1,16,0
2240.68,102,16,11,0,1,1,8.0,1,0,1,12,0
717.2,322,13,2,0,4,6,20.97,1,0,1,21,0
2843.03,219,252,14,0,5,9,0.57,0,0,1,19,0
2184.92,205,28,16,0,4,5,18.73,1,1,1,8,0
3364.16,110,63,4,0,1,1,20.53,0,1,1,21,0
6060.4,162,71,4,0,2,5,5.22,1,0,1,3,0
1353.0,123,35,2,0,1,4,25.85,1,1,1,7,0
750.07,25,15,11,0,4,5,2.54,1,1,1,20,1
4137.2,202,34,11,0,1,5,19.17,1,1,1,11,0
4033.27,491,38,4,0,3,9,6.14,1,1,1,14,0
1999.67,107,184,10,0,3,7,41.41,1,1,1,18,0
15955.43,208,50,20,0,2,6,87.48,1,1,0,18,0
1166.98,81,210,6,0,2,7,11.33,1,0,0,15,0
735.2,300,51,8,0,3,5,0.89,0,1,1,18,0
2746.52,376,9,8,0,5,5,2.59,1,1,1,18,0
920.63,32,29,5,0,1,4,8.19,1,1,1,18,0
2967.62,151,94,13,0,3,4,18.13,1,1,1,16,0
786.03,128,32,9,0,5,7,30.45,1,1,1,16,0
1211.67,148,6,8,0,5,7,14.76,1,1,1,19,0
11978.16,289,6,14,0,4,5,46.02,0,1,1,12,1
1205.21,145,16,3,0,1,3,22.33,0,1,1,6,0
813.34,336,49,8,0,4,7,29.0,0,1,1,19,0
5829.45,24,106,11,0,2,4,3.22,0,1,1,17,0
632.04,193,45,2,0,2,2,957.19,1,1,1,14,1
904.21,205,82,3,0,1,4,15.7,1,0,1,11,0
3218.15,65,62,5,0,1,2,314.13,1,1,1,17,0
4621.21,453,44,44,0,3,7,12.25,1,1,1,13,0
6127.1,134,14,10,0,3,4,6.83,0,1,1,9,0
856.43,260,128,9,0,2,7,38.87,1,0,1,22,0
3281.34,100,19,12,0,2,5,5.18,1,0,1,19,0
1134.44,85,17,9,0,2,8,1048.89,1,0,1,10,1
986.68,283,17,6,0,2,5,24.4,1,1,1,12,0
6022.23,93,6,1,0,3,5,27.47,1,1,1,23,1
1043.61,148,41,9,0,3,6,5.28,1,1,1,14,0
2387.98,108,23,5,0,1,5,20.08,1,1,1,15,0
2112.4,272,44,6,0,3,5,58.29,1,1,1,19,0
619.71,125,36,25,0,3,5,43.14,1,1,1,5,0
4750.92,72,44,26,0,3,4,4.99,1,1,0,22,0
3166.18,221,21,2,0,3,5,15.91,0,1,1,13,0
248.07,423,101,5,0,2,4,6.23,0,0,1,12,0
2386.11,298,45,2,0,2,5,5.35,1,1,1,16,0
834.66,304,14,2,0,1,4,0.44,1,1,1,15,0
5415.8,110,139,10,0,2,3,0.42,1,1,1,12,0
426.07,195,6,4,0,4,6,68.55,1,0,1,20,1
1265.88,133,79,12,0,2,5,14.28,1,1,1,22,0
2596.77,78,68,6,0,1,5,14.96,1,0,1,12,0
1909.01,224,4,18,0,1,5,0.4,1,1,1,20,0
3877.55,208,139,9,0,2,3,32.39,1,0,1,9,0
396.06,157,22,14,0,2,6,21.01,0,1,1,14,0
9432.48,357,81,9,0,5,6,16.51,1,1,0,13,0
3056.86,50,19,12,0,3,6,13.29,1,1,1,7,0
7042.5,251,44,12,0,3,11,7.38,1,1,1,12,0
4333.97,227,215,12,0,2,6,8.27,1,1,1,19,0
1787.17,38,56,21,0,3,3,1076.95,1,1,1,14,1
500.6,223,21,26,0,3,6,8.23,1,0,1,19,0
1029.11,47,36,17,0,2,3,18.59,1,0,1,22,0
8862.32,127,67,1,0,2,6,39.78,0,1,1,14,0
7225.98,138,35,8,0,2,5,51.42,1,1,1,15,0
973.02,104,144,5,0,2,5,12.66,1,0,0,18,0
107.95,100,121,4,0,5,12,18.44,1,0,1,19,0
1461.63,106,9,3,0,2,3,29.63,1,1,1,10,0
1356.0,186,92,0,0,2,5,9.52,1,1,1,13,0
1408.43,329,171,14,0,3,6,32.47,1,1,1,9,0
3067.26,238,22,3,0,1,5,28.49,1,0,1,13,0
4342.53,270,16,15,0,2,3,4.63,0,1,1,6,0
4867.32,407,1,7,0,4,8,5.04,1,0,1,12,0
2823.43,361,7,16,0,1,3,40.79,1,1,1,6,0
298.64,265,194,9,0,2,5,17.26,1,1,1,12,0
1285.37,61,29,4,0,4,7,2.94,1,1,1,11,0
18107.65,125,29,6,0,3,11,16.85,0,0,1,13,1
2628.63,34,18,25,0,2,9,19.38,1,1,1,12,0
2611.86,57,10,8,0,4,7,21.51,1,1,1,13,1
2590.19,135,42,5,0,4,5,17.84,0,0,1,7,0
2739.09,180,77,2,0,1,3,9.22,1,1,1,0,0
166.82,331,48,15,0,1,3,11.84,1,1,1,18,0
1422.93,274,2,13,0,3,6,865.83,1,0,1,14,1
1740.81,387,97,11,0,2,5,18.94,0,1,1,22,0
6512.61,79,160,4,0,3,7,66.17,1,1,1,19,0
1896.32,379,34,13,0,4,7,4.13,1,1,1,17,0
348.45,234,27,17,0,1,3,12.08,1,1,1,18,0
2779.67,301,15,2,0,2,6,26.76,0,1,1,18,0
809.3,199,21,3,0,3,7,34.63,1,0,1,23,0
535.51,231,62,26,0,1,4,1.4,0,0,1,19,0
785.12,177,88,12,0,2,5,13.54,0,0,0,21,0
3110.39,143,24,3,0,3,6,30.95,1,0,1,20,0
6366.22,185,24,1,0,1,5,4.1,0,1,1,20,0
2930.5,224,35,5,0,3,7,1511.36,1,0,1,18,1
3401.67,466,11,5,0,2,5,30.85,1,0,1,11,0
2901.68,106,157,13,0,1,3,418.01,1,1,1,8,0
2000.85,108,73,1,0,3,6,62.87,1,1,1,15,0
3629.79,128,34,3,0,1,5,16.9,0,0,1,10,0
160.97,400,7,24,0,1,1,5.17,1,0,1,11,0
2020.48,332,113,10,0,6,8,34.77,1,0,1,14,0
635.92,203,39,20,0,2,2,39.06,1,1,1,13,0
5784.3,161,95,7,0,2,5,6.61,1,1,1,12,0
1560.63,82,2,2,0,1,3,2.75,1,1,1,8,0
1864.87,51,19,1,0,4,7,4.54,1,1,1,6,1
401.39,145,58,12,0,1,5,29.02,1,0,1,16,0
4998.19,76,40,10,0,3,7,22.02,1,1,1,23,0
3385.74,321,20,5,0,1,2,7.23,1,0,1,20,0
3155.64,194,13,7,1,6,10,20.22,1,0,1,16,1
801.89,169,21,5,0,1,4,2.09,1,1,1,15,0
834.11,68,81,27,0,2,2,0.16,0,0,1,20,0
2261.08,129,12,8,0,1,7,54.54,1,1,1,19,0
902.8,172,54,2,0,3,10,548.49,0,0,1,14,1
2793.06,403,33,2,0,3,7,3.85,1,1,1,21,0
208.32,179,86,3,0,1,6,13.46,1,1,1,13,0
1110.38,243,13,7,0,2,7,4.25,0,0,0,12,1
10902.57,100,18,9,0,4,6,9.22,0,0,1,8,1
2805.92,155,30,0,0,2,2,1328.6,1,1,1,21,1
2136.22,59,10,3,0,2,4,1224.67,0,0,1,15,1
13163.81,361,37,9,0,1,5,54.82,0,1,0,2,1
174.87,313,32,10,0,1,5,12.8,1,1,1,4,0
800.06,457,276,13,0,3,4,24.45,1,1,1,15,0
1210.55,172,54,7,0,2,4,46.64,1,1,1,22,0
4265.66,35,4,0,0,6,7,4.96,1,1,1,17,1
4340.12,160,36,2,0,4,4,98.41,1,0,1,6,0
760.51,101,126,7,3,2,3,8.58,1,0,1,11,1
4904.73,193,120,20,0,1,3,8.55,1,1,1,15,0
1207.96,177,195,8,0,1,6,40.15,1,1,1,17,0
6073.19,145,134,2,0,1,5,46.69,1,0,1,9,0
643.78,97,11,9,0,1,3,1425.45,1,0,1,12,1
1598.29,315,1,17,0,4,7,3.71,1,1,1,1,0
1107.47,85,57,9,0,2,4,104.58,0,1,1,6,0
5198.01,198,72,15,0,3,6,79.95,1,1,1,0,0
1071.93,433,8,4,0,2,4,2.09,1,1,1,14,0
1732.9,302,10,5,0,5,9,9.65,1,0,1,15,0
3001.33,92,197,2,0,5,9,33.88,1,0,1,7,0
3118.97,205,172,22,0,3,7,2.28,1,0,1,1,0
4389.42,56,10,3,0,1,2,26.81,1,1,1,12,0
2233.05,82,17,8,0,3,7,6.57,1,1,1,14,0
1190.05,140,133,11,0,1,3,1.96,0,1,1,17,0
1274.49,151,34,5,0,3,8,77.75,1,1,1,15,0
1855.06,291,95,20,0,2,7,334.16,0,0,1,17,0
2320.63,149,30,9,2,6,9,3.26,1,0,1,11,1
1560.6,173,79,8,0,3,7,15.53,1,1,1,9,0
1843.1,283,30,14,0,3,7,65.56,1,1,1,18,0
396.53,96,137,26,0,2,5,21.29,1,0,1,20,0
3524.01,425,23,8,0,4,6,4.2,1,1,1,1,1
2167.03,374,44,7,0,3,5,10.9,1,0,1,19,0
4923.97,187,44,17,0,1,3,531.91,1,0,1,18,0
1808.33,267,62,18,0,2,4,36.53,1,0,1,9,0
317.86,186,21,1,0,2,4,43.2,1,1,1,3,0
1263.39,162,61,8,0,2,5,15.69,1,1,1,9,0
1480.4,208,9,5,0,3,8,3.82,1,0,1,18,0
3800.56,318,134,2,3,4,5,41.82,1,0,1,12,1
228.09,299,9,1,0,3,6,642.56,0,0,1,13,1
1884.05,105,110,9,1,2,6,18.51,1,0,1,12,1
3022.0,168,70,3,0,1,2,4.02,1,0,1,10,0
933.1,71,25,21,0,5,8,22.86,1,0,1,9,1
1948.14,245,23,28,0,2,5,16.55,1,1,1,8,0
965.81,269,202,14,0,2,6,0.07,1,1,1,2,0
871.68,232,13,14,1,3,6,62.81,1,1,1,0,1
1201.81,705,77,12,2,3,8,51.78,1,1,1,10,1
888.3,197,12,4,0,3,7,23.31,0,0,1,20,0
3581.79,32,141,10,0,5,9,65.08,0,0,1,19,0
867.01,176,81,2,0,2,5,7.03,1,0,1,18,0
732.96,90,161,20,0,2,5,14.78,1,1,1,1,0
10592.79,285,126,11,0,3,8,54.25,1,0,1,13,0
4725.55,324,47,13,0,3,5,34.16,1,1,1,7,0
281.04,146,9,23,0,3,7,540.14,1,0,1,22,1
841.54,176,15,12,0,3,4,13.77,1,1,1,13,0
2304.14,214,13,17,0,1,4,25.61,1,1,1,21,0
2499.27,209,14,21,0,3,5,23.8,1,1,1,5,0
407.28,325,38,12,0,3,5,109.94,1,0,1,11,0
5759.27,203,121,8,0,4,4,25.3,0,1,1,7,0
4126.66,170,1,7,0,2,7,2.94,1,1,1,11,0
2927.49,147,16,10,0,1,2,12.83,1,1,1,10,0
7021.47,63,54,17,0,3,4,13.43,1,1,1,12,0
2842.08,85,120,33,0,1,5,23.0,1,0,1,18,0
2831.55,81,21,0,0,4,7,46.54,1,1,1,23,1
8584.21,616,28,6,0,1,3,14.33,1,1,1,19,0
5438.29,166,28,9,0,3,10,31.61,1,1,1,14,0
779.38,267,20,10,0,4,9,5.24,1,1,1,8,0
3405.66,245,71,26,0,5,13,11.86,1,0,1,17,0
930.51,36,63,7,0,2,4,26.56,1,1,1,17,0
2993.37,153,111,5,0,4,6,9.32,1,1,1,21,0
2912.05,229,149,10,2,4,4,9.92,1,0,1,7,1
453.29,25,138,4,0,3,5,0.91,1,0,1,4,0
1600.63,153,46,4,0,5,10,406.23,1,0,1,16,1
2357.26,281,12,4,2,2,6,0.67,0,1,1,20,1
1168.77,136,15,7,0,2,3,7.44,1,1,1,12,0
2476.77,256,53,11,0,2,7,14.0,1,0,1,12,0
4047.67,92,150,16,0,5,12,5.64,1,1,1,1,0
1753.57,129,45,8,0,2,3,26.63,0,1,1,9,0
2263.35,267,164,25,0,2,5,34.8,1,0,1,16,0
7211.44,158,18,11,0,2,4,16.75,1,1,1,15,0
2902.12,71,5,3,0,1,2,12.33,1,0,1,10,0
2210.17,283,95,14,0,2,5,41.42,1,1,1,9,0
693.62,208,126,7,0,1,5,32.46,1,1,1,8,0
3536.97,95,35,18,0,5,6,28.87,0,1,1,18,0
2515.31,264,6,12,0,1,5,15.76,1,1,1,20,0
6527.24,142,2,8,0,2,3,507.27,1,1,1,17,1
1894.82,377,3,6,0,3,6,14.58,1,1,1,18,0
294.05,324,34,4,0,1,4,23.86,1,1,1,18,0
330.26,177,16,20,0,3,4,21.94,1,1,1,19,0
3773.21,236,37,16,0,2,2,3.46,1,1,1,19,0
1022.3,363,40,17,0,2,6,8.32,1,1,1,18,0
2798.3,176,36,9,0,3,5,7.3,1,1,1,17,0
2026.84,34,58,2,0,2,5,30.75,1,1,1,9,0
1530.21,235,68,1,0,1,3,35.5,0,1,1,19,0
1641.95,290,30,12,0,2,4,11.01,1,0,1,17,0
760.98,297,24,2,0,4,5,976.71,1,0,1,10,1
1779.74,90,27,19,0,3,6,3.04,1,1,1,20,0
1007.78,380,4,32,0,4,7,41.41,1,1,1,15,0
1246.06,634,23,8,0,3,9,0.83,1,1,1,5,0
1308.13,293,13,16,0,8,11,12.5,0,0,1,14,1
1441.31,141,20,6,0,5,6,18.28,1,1,1,19,0
4546.77,217,75,13,0,1,6,484.96,1,0,1,9,0
1587.97,256,268,18,0,2,5,27.58,1,1,1,11,0
5032.65,274,154,11,0,2,9,9.81,0,0,1,18,0
8415.71,197,103,2,0,3,8,0.62,1,0,1,8,0
4251.15,79,80,14,0,2,4,26.87,1,1,1,5,0
3085.5,270,173,2,0,4,9,863.84,1,1,1,11,0
2506.98,110,83,3,0,2,3,4.11,1,1,1,19,0
4295.65,140,38,35,0,2,5,1.64,1,0,1,10,0
1977.05,95,55,17,0,2,3,4.94,1,0,1,17,0
4839.52,73,21,9,0,4,7,16.93,1,0,1,9,1
3341.27,136,1,32,0,4,6,32.15,1,0,1,1,1
1261.63,210,26,6,1,5,8,963.83,1,1,1,9,1
4428.65,119,31,17,0,1,5,361.44,0,0,1,8,0
1981.24,92,79,20,0,4,7,5.17,1,0,1,8,0
1625.98,173,117,0,0,2,4,3.92,1,1,1,19,0
1123.05,40,197,9,0,4,7,19.17,0,1,1,16,0
2134.57,19,26,5,0,2,8,12.59,0,1,1,20,0
4897.41,304,189,0,0,1,2,1.7,1,1,1,7,0
4398.15,62,96,30,2,3,6,10.45,1,1,1,13,1
2574.46,184,1,10,0,1,8,103.37,1,0,0,14,1
3293.29,306,54,1,0,1,2,26.21,1,0,0,19,0
6449.11,186,27,11,0,2,6,4.05,1,1,1,14,0
1556.25,99,2,17,0,2,5,0.46,1,1,0,9,0
592.64,176,45,2,0,4,8,36.88,1,1,1,19,1
6641.74,108,52,8,0,3,7,11.24,1,0,1,9,0
1064.46,132,17,15,0,3,6,6.1,1,0,1,14,0
906.56,50,168,7,0,2,4,1443.57,1,1,1,17,1
300.01,20,56,18,0,3,6,20.74,1,0,1,10,0
3201.21,125,11,3,0,3,3,2.82,1,1,1,14,0
357.29,68,76,10,0,3,8,9.33,1,0,1,17,0
853.84,233,41,1,0,1,4,28.35,0,0,1,5,0
3255.94,170,38,28,0,2,4,0.96,1,1,1,8,0
3721.65,132,107,4,0,3,6,8.42,1,1,1,13,0
942.27,451,8,6,0,1,8,8.53,1,1,1,7,0
1581.05,207,40,23,0,2,2,2.37,0,1,1,19,0
755.52,190,91,27,0,1,1,2.53,1,0,1,20,0
1044.82,371,64,12,0,1,7,7.31,1,1,1,8,0
2359.52,85,1,11,0,3,6,15.9,1,0,1,20,0
1094.83,117,92,19,0,1,3,14.68,1,0,1,4,0
1416.27,77,173,12,0,1,6,12.48,0,1,1,8,0
417.92,168,73,5,0,4,8,27.82,1,0,1,22,0
5613.65,530,125,6,0,4,6,10.0,0,0,1,19,0
3011.12,118,26,37,0,4,6,50.13,1,0,0,19,0
3995.43,155,25,3,0,2,7,17.38,1,1,1,13,0
6571.03,61,23,12,0,2,3,39.47,1,1,1,13,0
792.18,308,79,6,0,7,11,26.47,0,1,1,13,0
1263.46,413,170,3,0,2,3,968.87,0,1,1,15,0
271.83,120,129,22,0,3,5,35.64,0,1,1,10,0
41790.44,629,9,5,0,1,6,12.03,0,1,1,9,0
1556.84,37,59,10,0,2,7,0.46,0,1,1,11,0
5108.84,145,330,1,0,1,2,38.24,1,1,1,9,0
524.18,118,21,1,0,4,6,11.97,1,0,1,9,0
4897.05,177,60,10,0,2,4,10.47,1,1,1,9,0
11586.44,275,142,4,1,4,8,33.62,1,0,1,9,1
1702.27,398,137,2,0,4,9,3.54,1,0,1,17,0
657.94,105,23,2,0,1,3,382.21,1,1,1,18,0
1573.73,211,5,24,0,1,6,6.46,1,1,1,18,0
195.05,193,62,9,0,2,3,0.22,1,1,1,20,0
1740.82,299,176,13,0,1,6,9.94,1,1,0,14,0
4109.13,129,42,3,0,2,5,12.63,0,1,1,18,0
1744.53,101,36,4,0,2,3,16.62,0,0,1,19,0
1360.84,111,119,8,0,4,9,8.34,1,0,1,17,0
3064.28,253,33,4,0,2,9,12.77,0,0,1,18,0
3307.75,47,68,3,3,1,3,10.03,1,1,1,10,1
343.81,114,29,10,3,3,6,17.59,1,1,1,10,1
1975.99,158,28,14,0,3,5,25.67,0,1,1,12,0
20660.63,207,12,10,0,2,6,61.59,1,1,1,17,0
475.79,201,5,21,0,3,7,5.89,1,1,1,4,0
1660.01,80,129,25,0,4,7,1156.12,1,0,1,10,1
12603.71,60,11,17,0,6,7,19.34,1,0,1,19,1
5454.39,220,3,4,0,3,5,21.63,0,0,1,9,0
1082.04,106,52,8,0,2,5,3.08,1,1,1,13,0
2221.94,155,47,8,0,4,7,18.05,1,0,1,14,1
1804.23,88,50,7,0,1,4,10.72,1,0,1,14,0
855.71,87,37,16,0,2,3,1.05,1,0,1,13,0
1678.65,237,9,3,0,3,4,237.79,1,1,1,18,0
1366.54,182,1,22,0,3,7,24.16,1,1,1,10,0
2023.83,140,2,19,0,2,6,12.84,1,0,1,18,0
855.44,165,172,0,0,1,4,86.02,1,0,1,16,0
504.41,118,45,9,0,2,6,53.83,1,1,1,10,0
1734.92,172,30,6,0,1,3,806.64,1,1,1,20,0
10047.89,137,31,5,0,3,7,37.5,1,1,1,8,0
1962.95,403,63,2,0,2,3,0.72,1,0,1,15,0
1297.77,114,28,13,0,5,6,14.24,1,1,1,9,0
3843.3,93,95,8,0,2,6,27.26,0,0,1,17,0
1543.3,323,18,5,0,2,3,7.41,0,1,1,7,0
11708.06,142,27,17,0,3,4,13.62,1,1,1,11,0
1800.98,339,163,6,0,4,6,21.03,0,1,1,22,0
3642.76,240,18,7,0,5,9,55.97,1,1,1,18,1
850.14,85,65,4,0,2,4,20.28,1,1,1,10,0
2990.18,175,27,4,0,4,9,28.62,1,1,1,19,0
2380.57,68,38,17,0,4,5,29.31,1,1,1,9,0
1708.71,384,2,3,0,1,5,5.06,1,1,1,9,0
1094.71,93,10,9,0,1,1,0.2,1,1,1,22,0
955.25,17,6,28,0,4,5,17.81,0,1,1,14,1
2397.91,77,111,8,0,1,3,26.51,1,1,1,5,0
3391.2,435,195,16,0,1,4,11.38,0,1,1,18,0
1592.14,213,4,16,0,3,6,81.49,1,0,1,19,0
2409.73,175,4,19,0,2,4,895.18,1,1,1,12,0
1740.77,42,48,7,0,3,7,2.68,1,1,1,19,0
1995.25,455,42,37,0,2,6,70.62,1,0,1,6,0
1479.64,354,63,28,0,1,4,8.82,1,0,1,6,0
1840.83,77,80,7,0,2,6,51.69,1,0,1,17,1
26850.52,39,95,12,0,3,5,7.45,1,0,1,19,1
2469.16,267,9,6,0,6,9,7.83,1,1,1,4,1
3447.13,305,2,1,0,1,4,52.93,1,1,1,21,0
2801.82,219,131,4,0,1,3,10.55,1,1,1,11,0
1390.17,350,38,2,0,1,2,8.14,1,1,1,18,0
6594.49,197,212,6,0,1,3,3.26,0,1,1,19,0
1351.32,106,45,3,0,5,10,23.61,1,1,1,23,1
5192.94,369,42,3,1,2,5,0.87,0,0,1,14,1
1294.39,103,58,5,1,1,3,4.81,0,0,1,7,1
692.31,166,11,10,1,2,4,13.3,1,1,1,8,1
2605.54,216,17,9,0,4,5,10.65,0,0,1,13,0
599.04,157,141,9,0,3,6,19.32,1,1,1,8,0
3089.12,394,14,4,0,2,3,26.53,1,0,1,22,0
547.76,332,15,1,0,3,5,9.26,1,0,1,10,0
1314.21,107,42,9,1,3,6,2.58,1,1,1,11,1
431.93,393,61,4,0,5,9,18.47,1,0,1,2,0
30459.92,40,1,17,2,4,6,1.45,1,0,1,11,1
345.86,38,36,2,0,1,1,706.96,1,1,0,8,1
1825.87,717,30,6,0,2,10,16.4,1,1,1,8,0
5672.04,332,120,9,0,2,8,23.71,1,1,1,22,0
5096.89,72,109,10,0,1,5,35.69,1,0,1,15,0
4235.86,141,141,14,0,1,3,0.16,1,1,1,9,0
1316.55,141,110,29,0,2,3,21.32,1,1,1,15,0
6981.99,298,92,6,0,2,6,11.31,1,1,1,14,0
4507.02,253,117,10,3,6,9,22.06,1,1,1,20,1
2235.68,378,11,11,0,1,4,3.02,1,1,1,14,0
2299.81,100,25,17,0,3,6,58.41,1,1,1,12,0
1334.19,311,69,4,0,1,3,9.18,1,1,0,16,0
728.03,92,153,9,0,4,7,10.15,1,1,1,18,0
6230.12,218,65,7,0,3,7,10.67,1,1,1,16,0
6715.73,219,13,26,0,6,13,5.92,1,1,1,18,0
746.87,157,173,4,0,1,3,7.48,1,1,1,17,0
1550.32,91,85,32,0,3,5,9.97,1,0,1,19,0
